window_start,window_end,event_count,file_mod_count,missing_flag,label,event_count_zscore,file_mod_count_zscore
1790942558.207353,1790942560.207353,162,162,0,0,8.08401842848728,8.08401842848728
1790942559.207353,1790942561.207353,162,162,0,0,8.08401842848728,8.08401842848728
1790942560.207353,1790942562.207353,162,162,0,0,8.08401842848728,8.08401842848728
1790942561.207353,1790942563.207353,162,162,0,0,8.08401842848728,8.08401842848728
1790942562.207353,1790942564.207353,162,162,0,0,8.08401842848728,8.08401842848728
1790942563.207353,1790942565.207353,162,162,0,0,8.08401842848728,8.08401842848728
1790942564.207353,1790942566.207353,162,162,0,0,8.08401842848728,8.08401842848728
1790942565.207353,1790942567.207353,162,162,0,0,8.08401842848728,8.08401842848728
1790942566.207353,1790942568.207353,162,162,0,0,8.08401842848728,8.08401842848728
1790942567.207353,1790942569.207353,158,158,0,0,7.8813193228829554,7.8813193228829554
1790942568.207353,1790942570.207353,158,158,0,0,7.8813193228829554,7.8813193228829554
1790942569.207353,1790942571.207353,162,162,0,0,8.08401842848728,8.08401842848728
1790942570.207353,1790942572.207353,162,162,0,0,8.08401842848728,8.08401842848728
1790942571.207353,1790942573.207353,162,162,0,0,8.08401842848728,8.08401842848728
1790942572.207353,1790942574.207353,162,162,0,0,8.08401842848728,8.08401842848728
1790942573.207353,1790942575.207353,162,162,0,0,8.08401842848728,8.08401842848728
1790942574.207353,1790942576.207353,162,162,0,0,8.08401842848728,8.08401842848728
1790942575.207353,1790942577.207353,162,162,0,0,8.08401842848728,8.08401842848728
1790942576.207353,1790942578.207353,162,162,0,0,8.08401842848728,8.08401842848728
1790942577.207353,1790942579.207353,158,158,0,0,7.8813193228829554,7.8813193228829554
1790942578.207353,1790942580.207353,158,158,0,0,7.8813193228829554,7.8813193228829554
1790942579.207353,1790942581.207353,162,162,0,0,8.08401842848728,8.08401842848728
1790942580.207353,1790942582.207353,162,162,0,0,8.08401842848728,8.08401842848728
1790942581.207353,1790942583.207353,162,162,0,0,8.08401842848728,8.08401842848728
1790942582.207353,1790942584.207353,162,162,0,0,8.08401842848728,8.08401842848728
1790942583.207353,1790942585.207353,162,162,0,0,8.08401842848728,8.08401842848728
1790942584.207353,1790942586.207353,162,162,0,0,8.08401842848728,8.08401842848728
1790942585.207353,1790942587.207353,158,158,0,0,7.8813193228829554,7.8813193228829554
1790942586.207353,1790942588.207353,158,158,0,0,7.8813193228829554,7.8813193228829554
1790942587.207353,1790942589.207353,162,162,0,0,8.08401842848728,8.08401842848728
1790942588.207353,1790942590.207353,162,162,0,0,8.08401842848728,8.08401842848728
1790942589.207353,1790942591.207353,162,162,0,0,8.08401842848728,8.08401842848728
1790942590.207353,1790942592.207353,162,162,0,0,8.08401842848728,8.08401842848728
1790942591.207353,1790942593.207353,162,162,0,0,8.08401842848728,8.08401842848728
1790942592.207353,1790942594.207353,162,162,0,0,8.08401842848728,8.08401842848728
1790942593.207353,1790942595.207353,162,162,0,0,8.08401842848728,8.08401842848728
1790942594.207353,1790942596.207353,158,158,0,0,7.8813193228829554,7.8813193228829554
1790942595.207353,1790942597.207353,158,158,0,0,7.8813193228829554,7.8813193228829554
1790942596.207353,1790942598.207353,162,162,0,0,8.08401842848728,8.08401842848728
1790942597.207353,1790942599.207353,162,162,0,0,8.08401842848728,8.08401842848728
1790942598.207353,1790942600.207353,162,162,0,0,8.08401842848728,8.08401842848728
1790942599.207353,1790942601.207353,162,162,0,0,8.08401842848728,8.08401842848728
1790942600.207353,1790942602.207353,162,162,0,0,8.08401842848728,8.08401842848728
1790942601.207353,1790942603.207353,162,162,0,0,8.08401842848728,8.08401842848728
1790942602.207353,1790942604.207353,162,162,0,0,8.08401842848728,8.08401842848728
1790942603.207353,1790942605.207353,158,158,0,0,7.8813193228829554,7.8813193228829554
1790942604.207353,1790942606.207353,158,158,0,0,7.8813193228829554,7.8813193228829554
1790942605.207353,1790942607.207353,162,162,0,0,8.08401842848728,8.08401842848728
1790942606.207353,1790942608.207353,162,162,0,0,8.08401842848728,8.08401842848728
1790942607.207353,1790942609.207353,162,162,0,0,8.08401842848728,8.08401842848728
1790942608.207353,1790942610.207353,162,162,0,0,8.08401842848728,8.08401842848728
1790942609.207353,1790942611.207353,162,162,0,0,8.08401842848728,8.08401842848728
1790942610.207353,1790942612.207353,162,162,0,0,8.08401842848728,8.08401842848728
1790942611.207353,1790942613.207353,162,162,0,0,8.08401842848728,8.08401842848728
1790942612.207353,1790942614.207353,157,157,0,0,7.830644546481874,7.830644546481874
1790942613.207353,1790942615.207353,157,157,0,0,7.830644546481874,7.830644546481874
1790942614.207353,1790942616.207353,162,162,0,0,8.08401842848728,8.08401842848728
1790942615.207353,1790942617.207353,162,162,0,0,8.08401842848728,8.08401842848728
1790942616.207353,1790942618.207353,162,162,0,0,8.08401842848728,8.08401842848728
1790942617.207353,1790942619.207353,162,162,0,0,8.08401842848728,8.08401842848728
1790942618.207353,1790942620.207353,162,162,0,0,8.08401842848728,8.08401842848728
1790942619.207353,1790942621.207353,162,162,0,0,8.08401842848728,8.08401842848728
1790942620.207353,1790942622.207353,162,162,0,0,8.08401842848728,8.08401842848728
1790942621.207353,1790942623.207353,162,162,0,0,8.08401842848728,8.08401842848728
1790942622.207353,1790942624.207353,158,158,0,0,7.8813193228829554,7.8813193228829554
1790942623.207353,1790942625.207353,158,158,0,0,7.8813193228829554,7.8813193228829554
1790942624.207353,1790942626.207353,162,162,0,0,8.08401842848728,8.08401842848728
1790942625.207353,1790942627.207353,162,162,0,0,8.08401842848728,8.08401842848728
1790942626.207353,1790942628.207353,162,162,0,0,8.08401842848728,8.08401842848728
1790942627.207353,1790942629.207353,162,162,0,0,8.08401842848728,8.08401842848728
1790942628.207353,1790942630.207353,162,162,0,0,8.08401842848728,8.08401842848728
1790942629.207353,1790942631.207353,162,162,0,0,8.08401842848728,8.08401842848728
1790942630.207353,1790942632.207353,162,162,0,0,8.08401842848728,8.08401842848728
1790942631.207353,1790942633.207353,138,138,0,0,6.867823794861335,6.867823794861335
1790942632.207353,1790942634.207353,58,58,0,0,2.813841682774858,2.813841682774858
1790942633.207353,1790942635.207353,1,1,0,0,-0.07462057208675756,-0.07462057208675756
1790942634.207353,1790942636.207353,0,0,1,0,-0.12529534848783852,-0.12529534848783852
1790942635.207353,1790942637.207353,0,0,1,0,-0.12529534848783852,-0.12529534848783852
1790942636.207353,1790942638.207353,0,0,1,0,-0.12529534848783852,-0.12529534848783852
1790942637.207353,1790942639.207353,0,0,1,0,-0.12529534848783852,-0.12529534848783852
1790942638.207353,1790942640.207353,0,0,1,0,-0.12529534848783852,-0.12529534848783852
1790942639.207353,1790942641.207353,0,0,1,0,-0.12529534848783852,-0.12529534848783852
1790942640.207353,1790942642.207353,0,0,1,0,-0.12529534848783852,-0.12529534848783852
1790942641.207353,1790942643.207353,0,0,1,0,-0.12529534848783852,-0.12529534848783852
1790942642.207353,1790942644.207353,0,0,1,0,-0.12529534848783852,-0.12529534848783852
1790942643.207353,1790942645.207353,0,0,1,0,-0.12529534848783852,-0.12529534848783852
1790942644.207353,1790942646.207353,0,0,1,0,-0.12529534848783852,-0.12529534848783852
1790942645.207353,1790942647.207353,0,0,1,0,-0.12529534848783852,-0.12529534848783852
1790942646.207353,1790942648.207353,0,0,1,0,-0.12529534848783852,-0.12529534848783852
1790942647.207353,1790942649.207353,0,0,1,0,-0.12529534848783852,-0.12529534848783852
1790942648.207353,1790942650.207353,0,0,1,0,-0.12529534848783852,-0.12529534848783852
1790942649.207353,1790942651.207353,0,0,1,0,-0.12529534848783852,-0.12529534848783852
1790942650.207353,1790942652.207353,0,0,1,0,-0.12529534848783852,-0.12529534848783852
1790942651.207353,1790942653.207353,0,0,1,0,-0.12529534848783852,-0.12529534848783852
1790942652.207353,1790942654.207353,0,0,1,0,-0.12529534848783852,-0.12529534848783852
1790942653.207353,1790942655.207353,0,0,1,0,-0.12529534848783852,-0.12529534848783852
1790942654.207353,1790942656.207353,0,0,1,0,-0.12529534848783852,-0.12529534848783852
1790942655.207353,1790942657.207353,0,0,1,0,-0.12529534848783852,-0.12529534848783852
1790942656.207353,1790942658.207353,0,0,1,0,-0.12529534848783852,-0.12529534848783852
1790942657.207353,1790942659.207353,0,0,1,0,-0.12529534848783852,-0.12529534848783852
1790942658.207353,1790942660.207353,0,0,1,0,-0.12529534848783852,-0.12529534848783852
1790942659.207353,1790942661.207353,0,0,1,0,-0.12529534848783852,-0.12529534848783852
1790942660.207353,1790942662.207353,0,0,1,0,-0.12529534848783852,-0.12529534848783852
1790942661.207353,1790942663.207353,0,0,1,0,-0.12529534848783852,-0.12529534848783852
1790942662.207353,1790942664.207353,0,0,1,0,-0.12529534848783852,-0.12529534848783852
1790942663.207353,1790942665.207353,0,0,1,0,-0.12529534848783852,-0.12529534848783852
1790942664.207353,1790942666.207353,0,0,1,0,-0.12529534848783852,-0.12529534848783852
1790942665.207353,1790942667.207353,0,0,1,0,-0.12529534848783852,-0.12529534848783852
1790942666.207353,1790942668.207353,0,0,1,0,-0.12529534848783852,-0.12529534848783852
1790942667.207353,1790942669.207353,0,0,1,0,-0.12529534848783852,-0.12529534848783852
1790942668.207353,1790942670.207353,0,0,1,0,-0.12529534848783852,-0.12529534848783852
1790942669.207353,1790942671.207353,0,0,1,0,-0.12529534848783852,-0.12529534848783852
1790942670.207353,1790942672.207353,0,0,1,0,-0.12529534848783852,-0.12529534848783852
1790942671.207353,1790942673.207353,0,0,1,0,-0.12529534848783852,-0.12529534848783852
1790942672.207353,1790942674.207353,0,0,1,0,-0.12529534848783852,-0.12529534848783852
1790942673.207353,1790942675.207353,0,0,1,0,-0.12529534848783852,-0.12529534848783852
1790942674.207353,1790942676.207353,0,0,1,0,-0.12529534848783852,-0.12529534848783852
1790942675.207353,1790942677.207353,0,0,1,0,-0.12529534848783852,-0.12529534848783852
1790942676.207353,1790942678.207353,0,0,1,0,-0.12529534848783852,-0.12529534848783852
1790942677.207353,1790942679.207353,0,0,1,0,-0.12529534848783852,-0.12529534848783852
1790942678.207353,1790942680.207353,0,0,1,0,-0.12529534848783852,-0.12529534848783852
1790942679.207353,1790942681.207353,0,0,1,0,-0.12529534848783852,-0.12529534848783852
1790942680.207353,1790942682.207353,0,0,1,0,-0.12529534848783852,-0.12529534848783852
1790942681.207353,1790942683.207353,0,0,1,0,-0.12529534848783852,-0.12529534848783852
1790942682.207353,1790942684.207353,0,0,1,0,-0.12529534848783852,-0.12529534848783852
1790942683.207353,1790942685.207353,0,0,1,0,-0.12529534848783852,-0.12529534848783852
1790942684.207353,1790942686.207353,0,0,1,0,-0.12529534848783852,-0.12529534848783852
1790942685.207353,1790942687.207353,0,0,1,0,-0.12529534848783852,-0.12529534848783852
1790942686.207353,1790942688.207353,0,0,1,0,-0.12529534848783852,-0.12529534848783852
1790942687.207353,1790942689.207353,0,0,1,0,-0.12529534848783852,-0.12529534848783852
1790942688.207353,1790942690.207353,0,0,1,0,-0.12529534848783852,-0.12529534848783852
1790942689.207353,1790942691.207353,0,0,1,0,-0.12529534848783852,-0.12529534848783852
1790942690.207353,1790942692.207353,0,0,1,0,-0.12529534848783852,-0.12529534848783852
1790942691.207353,1790942693.207353,0,0,1,0,-0.12529534848783852,-0.12529534848783852
1790942692.207353,1790942694.207353,0,0,1,0,-0.12529534848783852,-0.12529534848783852
1790942693.207353,1790942695.207353,0,0,1,0,-0.12529534848783852,-0.12529534848783852
1790942694.207353,1790942696.207353,0,0,1,0,-0.12529534848783852,-0.12529534848783852
1790942695.207353,1790942697.207353,0,0,1,0,-0.12529534848783852,-0.12529534848783852
1790942696.207353,1790942698.207353,0,0,1,0,-0.12529534848783852,-0.12529534848783852
1790942697.207353,1790942699.207353,0,0,1,0,-0.12529534848783852,-0.12529534848783852
1790942698.207353,1790942700.207353,0,0,1,0,-0.12529534848783852,-0.12529534848783852
1790942699.207353,1790942701.207353,0,0,1,0,-0.12529534848783852,-0.12529534848783852
1790942700.207353,1790942702.207353,0,0,1,0,-0.12529534848783852,-0.12529534848783852
1790942701.207353,1790942703.207353,0,0,1,0,-0.12529534848783852,-0.12529534848783852
1790942702.207353,1790942704.207353,0,0,1,0,-0.12529534848783852,-0.12529534848783852
1790942703.207353,1790942705.207353,0,0,1,0,-0.12529534848783852,-0.12529534848783852
1790942704.207353,1790942706.207353,0,0,1,0,-0.12529534848783852,-0.12529534848783852
1790942705.207353,1790942707.207353,0,0,1,0,-0.12529534848783852,-0.12529534848783852
1790942706.207353,1790942708.207353,0,0,1,0,-0.12529534848783852,-0.12529534848783852
1790942707.207353,1790942709.207353,0,0,1,0,-0.12529534848783852,-0.12529534848783852
1790942708.207353,1790942710.207353,0,0,1,0,-0.12529534848783852,-0.12529534848783852
1790942709.207353,1790942711.207353,0,0,1,0,-0.12529534848783852,-0.12529534848783852
1790942710.207353,1790942712.207353,0,0,1,0,-0.12529534848783852,-0.12529534848783852
1790942711.207353,1790942713.207353,0,0,1,0,-0.12529534848783852,-0.12529534848783852
1790942712.207353,1790942714.207353,0,0,1,0,-0.12529534848783852,-0.12529534848783852
1790942713.207353,1790942715.207353,0,0,1,0,-0.12529534848783852,-0.12529534848783852
1790942714.207353,1790942716.207353,0,0,1,0,-0.12529534848783852,-0.12529534848783852
1790942715.207353,1790942717.207353,0,0,1,0,-0.12529534848783852,-0.12529534848783852
1790942716.207353,1790942718.207353,0,0,1,0,-0.12529534848783852,-0.12529534848783852
1790942717.207353,1790942719.207353,0,0,1,0,-0.12529534848783852,-0.12529534848783852
1790942718.207353,1790942720.207353,0,0,1,0,-0.12529534848783852,-0.12529534848783852
1790942719.207353,1790942721.207353,0,0,1,0,-0.12529534848783852,-0.12529534848783852
1790942720.207353,1790942722.207353,0,0,1,0,-0.12529534848783852,-0.12529534848783852
1790942721.207353,1790942723.207353,0,0,1,0,-0.12529534848783852,-0.12529534848783852
1790942722.207353,1790942724.207353,0,0,1,0,-0.12529534848783852,-0.12529534848783852
1790942723.207353,1790942725.207353,0,0,1,0,-0.12529534848783852,-0.12529534848783852
1790942724.207353,1790942726.207353,0,0,1,0,-0.12529534848783852,-0.12529534848783852
1790942725.207353,1790942727.207353,0,0,1,0,-0.12529534848783852,-0.12529534848783852
1790942726.207353,1790942728.207353,0,0,1,0,-0.12529534848783852,-0.12529534848783852
1790942727.207353,1790942729.207353,0,0,1,0,-0.12529534848783852,-0.12529534848783852
1790942728.207353,1790942730.207353,0,0,1,0,-0.12529534848783852,-0.12529534848783852
1790942729.207353,1790942731.207353,0,0,1,0,-0.12529534848783852,-0.12529534848783852
1790942730.207353,1790942732.207353,0,0,1,0,-0.12529534848783852,-0.12529534848783852
1790942731.207353,1790942733.207353,0,0,1,0,-0.12529534848783852,-0.12529534848783852
1790942732.207353,1790942734.207353,0,0,1,0,-0.12529534848783852,-0.12529534848783852
1790942733.207353,1790942735.207353,0,0,1,0,-0.12529534848783852,-0.12529534848783852
1790942734.207353,1790942736.207353,0,0,1,0,-0.12529534848783852,-0.12529534848783852
1790942735.207353,1790942737.207353,0,0,1,0,-0.12529534848783852,-0.12529534848783852
1790942736.207353,1790942738.207353,0,0,1,0,-0.12529534848783852,-0.12529534848783852
1790942737.207353,1790942739.207353,0,0,1,0,-0.12529534848783852,-0.12529534848783852
1790942738.207353,1790942740.207353,0,0,1,0,-0.12529534848783852,-0.12529534848783852
1790942739.207353,1790942741.207353,0,0,1,0,-0.12529534848783852,-0.12529534848783852
1790942740.207353,1790942742.207353,0,0,1,0,-0.12529534848783852,-0.12529534848783852
1790942741.207353,1790942743.207353,0,0,1,0,-0.12529534848783852,-0.12529534848783852
1790942742.207353,1790942744.207353,0,0,1,0,-0.12529534848783852,-0.12529534848783852
1790942743.207353,1790942745.207353,0,0,1,0,-0.12529534848783852,-0.12529534848783852
1790942744.207353,1790942746.207353,0,0,1,0,-0.12529534848783852,-0.12529534848783852
1790942745.207353,1790942747.207353,0,0,1,0,-0.12529534848783852,-0.12529534848783852
1790942746.207353,1790942748.207353,0,0,1,0,-0.12529534848783852,-0.12529534848783852
1790942747.207353,1790942749.207353,0,0,1,0,-0.12529534848783852,-0.12529534848783852
1790942748.207353,1790942750.207353,0,0,1,0,-0.12529534848783852,-0.12529534848783852
1790942749.207353,1790942751.207353,0,0,1,0,-0.12529534848783852,-0.12529534848783852
1790942750.207353,1790942752.207353,0,0,1,0,-0.12529534848783852,-0.12529534848783852
1790942751.207353,1790942753.207353,0,0,1,0,-0.12529534848783852,-0.12529534848783852
1790942752.207353,1790942754.207353,0,0,1,0,-0.12529534848783852,-0.12529534848783852
1790942753.207353,1790942755.207353,0,0,1,0,-0.12529534848783852,-0.12529534848783852
1790942754.207353,1790942756.207353,0,0,1,0,-0.12529534848783852,-0.12529534848783852
1790942755.207353,1790942757.207353,0,0,1,0,-0.12529534848783852,-0.12529534848783852
1790942756.207353,1790942758.207353,0,0,1,0,-0.12529534848783852,-0.12529534848783852
1790942757.207353,1790942759.207353,0,0,1,0,-0.12529534848783852,-0.12529534848783852
1790942758.207353,1790942760.207353,0,0,1,0,-0.12529534848783852,-0.12529534848783852
1790942759.207353,1790942761.207353,0,0,1,0,-0.12529534848783852,-0.12529534848783852
1790942760.207353,1790942762.207353,0,0,1,0,-0.12529534848783852,-0.12529534848783852
1790942761.207353,1790942763.207353,0,0,1,0,-0.12529534848783852,-0.12529534848783852
1790942762.207353,1790942764.207353,0,0,1,0,-0.12529534848783852,-0.12529534848783852
1790942763.207353,1790942765.207353,0,0,1,0,-0.12529534848783852,-0.12529534848783852
1790942764.207353,1790942766.207353,0,0,1,0,-0.12529534848783852,-0.12529534848783852
1790942765.207353,1790942767.207353,0,0,1,0,-0.12529534848783852,-0.12529534848783852
1790942766.207353,1790942768.207353,0,0,1,0,-0.12529534848783852,-0.12529534848783852
1790942767.207353,1790942769.207353,0,0,1,0,-0.12529534848783852,-0.12529534848783852
1790942768.207353,1790942770.207353,0,0,1,0,-0.12529534848783852,-0.12529534848783852
1790942769.207353,1790942771.207353,0,0,1,0,-0.12529534848783852,-0.12529534848783852
1790942770.207353,1790942772.207353,0,0,1,0,-0.12529534848783852,-0.12529534848783852
1790942771.207353,1790942773.207353,0,0,1,0,-0.12529534848783852,-0.12529534848783852
1790942772.207353,1790942774.207353,0,0,1,0,-0.12529534848783852,-0.12529534848783852
1790942773.207353,1790942775.207353,0,0,1,0,-0.12529534848783852,-0.12529534848783852
1790942774.207353,1790942776.207353,0,0,1,0,-0.12529534848783852,-0.12529534848783852
1790942775.207353,1790942777.207353,0,0,1,0,-0.12529534848783852,-0.12529534848783852
1790942776.207353,1790942778.207353,0,0,1,0,-0.12529534848783852,-0.12529534848783852
1790942777.207353,1790942779.207353,0,0,1,0,-0.12529534848783852,-0.12529534848783852
1790942778.207353,1790942780.207353,0,0,1,0,-0.12529534848783852,-0.12529534848783852
1790942779.207353,1790942781.207353,0,0,1,0,-0.12529534848783852,-0.12529534848783852
1790942780.207353,1790942782.207353,0,0,1,0,-0.12529534848783852,-0.12529534848783852
1790942781.207353,1790942783.207353,0,0,1,0,-0.12529534848783852,-0.12529534848783852
1790942782.207353,1790942784.207353,0,0,1,0,-0.12529534848783852,-0.12529534848783852
1790942783.207353,1790942785.207353,0,0,1,0,-0.12529534848783852,-0.12529534848783852
1790942784.207353,1790942786.207353,0,0,1,0,-0.12529534848783852,-0.12529534848783852
1790942785.207353,1790942787.207353,0,0,1,0,-0.12529534848783852,-0.12529534848783852
1790942786.207353,1790942788.207353,0,0,1,0,-0.12529534848783852,-0.12529534848783852
1790942787.207353,1790942789.207353,0,0,1,0,-0.12529534848783852,-0.12529534848783852
1790942788.207353,1790942790.207353,0,0,1,0,-0.12529534848783852,-0.12529534848783852
1790942789.207353,1790942791.207353,0,0,1,0,-0.12529534848783852,-0.12529534848783852
1790942790.207353,1790942792.207353,0,0,1,0,-0.12529534848783852,-0.12529534848783852
1790942791.207353,1790942793.207353,0,0,1,0,-0.12529534848783852,-0.12529534848783852
1790942792.207353,1790942794.207353,0,0,1,0,-0.12529534848783852,-0.12529534848783852
1790942793.207353,1790942795.207353,0,0,1,0,-0.12529534848783852,-0.12529534848783852
1790942794.207353,1790942796.207353,0,0,1,0,-0.12529534848783852,-0.12529534848783852
1790942795.207353,1790942797.207353,0,0,1,0,-0.12529534848783852,-0.12529534848783852
1790942796.207353,1790942798.207353,0,0,1,0,-0.12529534848783852,-0.12529534848783852
1790942797.207353,1790942799.207353,0,0,1,0,-0.12529534848783852,-0.12529534848783852
1790942798.207353,1790942800.207353,0,0,1,0,-0.12529534848783852,-0.12529534848783852
1790942799.207353,1790942801.207353,0,0,1,0,-0.12529534848783852,-0.12529534848783852
1790942800.207353,1790942802.207353,0,0,1,0,-0.12529534848783852,-0.12529534848783852
1790942801.207353,1790942803.207353,0,0,1,0,-0.12529534848783852,-0.12529534848783852
1790942802.207353,1790942804.207353,0,0,1,0,-0.12529534848783852,-0.12529534848783852
1790942803.207353,1790942805.207353,0,0,1,0,-0.12529534848783852,-0.12529534848783852
1790942804.207353,1790942806.207353,0,0,1,0,-0.12529534848783852,-0.12529534848783852
1790942805.207353,1790942807.207353,0,0,1,0,-0.12529534848783852,-0.12529534848783852
1790942806.207353,1790942808.207353,0,0,1,0,-0.12529534848783852,-0.12529534848783852
1790942807.207353,1790942809.207353,0,0,1,0,-0.12529534848783852,-0.12529534848783852
1790942808.207353,1790942810.207353,0,0,1,0,-0.12529534848783852,-0.12529534848783852
1790942809.207353,1790942811.207353,0,0,1,0,-0.12529534848783852,-0.12529534848783852
1790942810.207353,1790942812.207353,0,0,1,0,-0.12529534848783852,-0.12529534848783852
1790942811.207353,1790942813.207353,0,0,1,0,-0.12529534848783852,-0.12529534848783852
1790942812.207353,1790942814.207353,0,0,1,0,-0.12529534848783852,-0.12529534848783852
1790942813.207353,1790942815.207353,0,0,1,0,-0.12529534848783852,-0.12529534848783852
1790942814.207353,1790942816.207353,0,0,1,0,-0.12529534848783852,-0.12529534848783852
1790942815.207353,1790942817.207353,0,0,1,0,-0.12529534848783852,-0.12529534848783852
1790942816.207353,1790942818.207353,0,0,1,0,-0.12529534848783852,-0.12529534848783852
1790942817.207353,1790942819.207353,0,0,1,0,-0.12529534848783852,-0.12529534848783852
1790942818.207353,1790942820.207353,0,0,1,0,-0.12529534848783852,-0.12529534848783852
1790942819.207353,1790942821.207353,0,0,1,0,-0.12529534848783852,-0.12529534848783852
1790942820.207353,1790942822.207353,0,0,1,0,-0.12529534848783852,-0.12529534848783852
1790942821.207353,1790942823.207353,0,0,1,0,-0.12529534848783852,-0.12529534848783852
1790942822.207353,1790942824.207353,0,0,1,0,-0.12529534848783852,-0.12529534848783852
1790942823.207353,1790942825.207353,0,0,1,0,-0.12529534848783852,-0.12529534848783852
1790942824.207353,1790942826.207353,0,0,1,0,-0.12529534848783852,-0.12529534848783852
1790942825.207353,1790942827.207353,0,0,1,0,-0.12529534848783852,-0.12529534848783852
1790942826.207353,1790942828.207353,0,0,1,0,-0.12529534848783852,-0.12529534848783852
1790942827.207353,1790942829.207353,0,0,1,0,-0.12529534848783852,-0.12529534848783852
1790942828.207353,1790942830.207353,0,0,1,0,-0.12529534848783852,-0.12529534848783852
1790942829.207353,1790942831.207353,0,0,1,0,-0.12529534848783852,-0.12529534848783852
1790942830.207353,1790942832.207353,0,0,1,0,-0.12529534848783852,-0.12529534848783852
1790942831.207353,1790942833.207353,0,0,1,0,-0.12529534848783852,-0.12529534848783852
1790942832.207353,1790942834.207353,0,0,1,0,-0.12529534848783852,-0.12529534848783852
1790942833.207353,1790942835.207353,0,0,1,0,-0.12529534848783852,-0.12529534848783852
1790942834.207353,1790942836.207353,0,0,1,0,-0.12529534848783852,-0.12529534848783852
1790942835.207353,1790942837.207353,0,0,1,0,-0.12529534848783852,-0.12529534848783852
1790942836.207353,1790942838.207353,0,0,1,0,-0.12529534848783852,-0.12529534848783852
1790942837.207353,1790942839.207353,0,0,1,0,-0.12529534848783852,-0.12529534848783852
1790942838.207353,1790942840.207353,0,0,1,0,-0.12529534848783852,-0.12529534848783852
1790942839.207353,1790942841.207353,0,0,1,0,-0.12529534848783852,-0.12529534848783852
1790942840.207353,1790942842.207353,0,0,1,0,-0.12529534848783852,-0.12529534848783852
1790942841.207353,1790942843.207353,0,0,1,0,-0.12529534848783852,-0.12529534848783852
1790942842.207353,1790942844.207353,0,0,1,0,-0.12529534848783852,-0.12529534848783852
1790942843.207353,1790942845.207353,0,0,1,0,-0.12529534848783852,-0.12529534848783852
1790942844.207353,1790942846.207353,0,0,1,0,-0.12529534848783852,-0.12529534848783852
1790942845.207353,1790942847.207353,0,0,1,0,-0.12529534848783852,-0.12529534848783852
1790942846.207353,1790942848.207353,0,0,1,0,-0.12529534848783852,-0.12529534848783852
1790942847.207353,1790942849.207353,0,0,1,0,-0.12529534848783852,-0.12529534848783852
1790942848.207353,1790942850.207353,0,0,1,0,-0.12529534848783852,-0.12529534848783852
1790942849.207353,1790942851.207353,0,0,1,0,-0.12529534848783852,-0.12529534848783852
1790942850.207353,1790942852.207353,0,0,1,0,-0.12529534848783852,-0.12529534848783852
1790942851.207353,1790942853.207353,0,0,1,0,-0.12529534848783852,-0.12529534848783852
1790942852.207353,1790942854.207353,0,0,1,0,-0.12529534848783852,-0.12529534848783852
1790942853.207353,1790942855.207353,0,0,1,0,-0.12529534848783852,-0.12529534848783852
1790942854.207353,1790942856.207353,0,0,1,0,-0.12529534848783852,-0.12529534848783852
1790942855.207353,1790942857.207353,0,0,1,0,-0.12529534848783852,-0.12529534848783852
1790942856.207353,1790942858.207353,0,0,1,0,-0.12529534848783852,-0.12529534848783852
1790942857.207353,1790942859.207353,0,0,1,0,-0.12529534848783852,-0.12529534848783852
1790942858.207353,1790942860.207353,0,0,1,0,-0.12529534848783852,-0.12529534848783852
1790942859.207353,1790942861.207353,0,0,1,0,-0.12529534848783852,-0.12529534848783852
1790942860.207353,1790942862.207353,0,0,1,0,-0.12529534848783852,-0.12529534848783852
1790942861.207353,1790942863.207353,0,0,1,0,-0.12529534848783852,-0.12529534848783852
1790942862.207353,1790942864.207353,0,0,1,0,-0.12529534848783852,-0.12529534848783852
1790942863.207353,1790942865.207353,0,0,1,0,-0.12529534848783852,-0.12529534848783852
1790942864.207353,1790942866.207353,0,0,1,0,-0.12529534848783852,-0.12529534848783852
1790942865.207353,1790942867.207353,0,0,1,0,-0.12529534848783852,-0.12529534848783852
1790942866.207353,1790942868.207353,0,0,1,0,-0.12529534848783852,-0.12529534848783852
1790942867.207353,1790942869.207353,0,0,1,0,-0.12529534848783852,-0.12529534848783852
1790942868.207353,1790942870.207353,0,0,1,0,-0.12529534848783852,-0.12529534848783852
1790942869.207353,1790942871.207353,0,0,1,0,-0.12529534848783852,-0.12529534848783852
1790942870.207353,1790942872.207353,0,0,1,0,-0.12529534848783852,-0.12529534848783852
1790942871.207353,1790942873.207353,0,0,1,0,-0.12529534848783852,-0.12529534848783852
1790942872.207353,1790942874.207353,0,0,1,0,-0.12529534848783852,-0.12529534848783852
1790942873.207353,1790942875.207353,0,0,1,0,-0.12529534848783852,-0.12529534848783852
1790942874.207353,1790942876.207353,0,0,1,0,-0.12529534848783852,-0.12529534848783852
1790942875.207353,1790942877.207353,0,0,1,0,-0.12529534848783852,-0.12529534848783852
1790942876.207353,1790942878.207353,0,0,1,0,-0.12529534848783852,-0.12529534848783852
1790942877.207353,1790942879.207353,0,0,1,0,-0.12529534848783852,-0.12529534848783852
1790942878.207353,1790942880.207353,0,0,1,0,-0.12529534848783852,-0.12529534848783852
1790942879.207353,1790942881.207353,0,0,1,0,-0.12529534848783852,-0.12529534848783852
1790942880.207353,1790942882.207353,0,0,1,0,-0.12529534848783852,-0.12529534848783852
1790942881.207353,1790942883.207353,0,0,1,0,-0.12529534848783852,-0.12529534848783852
1790942882.207353,1790942884.207353,0,0,1,0,-0.12529534848783852,-0.12529534848783852
1790942883.207353,1790942885.207353,0,0,1,0,-0.12529534848783852,-0.12529534848783852
1790942884.207353,1790942886.207353,0,0,1,0,-0.12529534848783852,-0.12529534848783852
1790942885.207353,1790942887.207353,0,0,1,0,-0.12529534848783852,-0.12529534848783852
1790942886.207353,1790942888.207353,0,0,1,0,-0.12529534848783852,-0.12529534848783852
1790942887.207353,1790942889.207353,0,0,1,0,-0.12529534848783852,-0.12529534848783852
1790942888.207353,1790942890.207353,0,0,1,0,-0.12529534848783852,-0.12529534848783852
1790942889.207353,1790942891.207353,0,0,1,0,-0.12529534848783852,-0.12529534848783852
1790942890.207353,1790942892.207353,0,0,1,0,-0.12529534848783852,-0.12529534848783852
1790942891.207353,1790942893.207353,0,0,1,0,-0.12529534848783852,-0.12529534848783852
1790942892.207353,1790942894.207353,0,0,1,0,-0.12529534848783852,-0.12529534848783852
1790942893.207353,1790942895.207353,0,0,1,0,-0.12529534848783852,-0.12529534848783852
1790942894.207353,1790942896.207353,0,0,1,0,-0.12529534848783852,-0.12529534848783852
1790942895.207353,1790942897.207353,0,0,1,0,-0.12529534848783852,-0.12529534848783852
1790942896.207353,1790942898.207353,0,0,1,0,-0.12529534848783852,-0.12529534848783852
1790942897.207353,1790942899.207353,0,0,1,0,-0.12529534848783852,-0.12529534848783852
1790942898.207353,1790942900.207353,0,0,1,0,-0.12529534848783852,-0.12529534848783852
1790942899.207353,1790942901.207353,0,0,1,0,-0.12529534848783852,-0.12529534848783852
1790942900.207353,1790942902.207353,0,0,1,0,-0.12529534848783852,-0.12529534848783852
1790942901.207353,1790942903.207353,0,0,1,0,-0.12529534848783852,-0.12529534848783852
1790942902.207353,1790942904.207353,0,0,1,0,-0.12529534848783852,-0.12529534848783852
1790942903.207353,1790942905.207353,0,0,1,0,-0.12529534848783852,-0.12529534848783852
1790942904.207353,1790942906.207353,0,0,1,0,-0.12529534848783852,-0.12529534848783852
1790942905.207353,1790942907.207353,0,0,1,0,-0.12529534848783852,-0.12529534848783852
1790942906.207353,1790942908.207353,0,0,1,0,-0.12529534848783852,-0.12529534848783852
1790942907.207353,1790942909.207353,0,0,1,0,-0.12529534848783852,-0.12529534848783852
1790942908.207353,1790942910.207353,0,0,1,0,-0.12529534848783852,-0.12529534848783852
1790942909.207353,1790942911.207353,0,0,1,0,-0.12529534848783852,-0.12529534848783852
1790942910.207353,1790942912.207353,0,0,1,0,-0.12529534848783852,-0.12529534848783852
1790942911.207353,1790942913.207353,0,0,1,0,-0.12529534848783852,-0.12529534848783852
1790942912.207353,1790942914.207353,0,0,1,0,-0.12529534848783852,-0.12529534848783852
1790942913.207353,1790942915.207353,0,0,1,0,-0.12529534848783852,-0.12529534848783852
1790942914.207353,1790942916.207353,0,0,1,0,-0.12529534848783852,-0.12529534848783852
1790942915.207353,1790942917.207353,0,0,1,0,-0.12529534848783852,-0.12529534848783852
1790942916.207353,1790942918.207353,0,0,1,0,-0.12529534848783852,-0.12529534848783852
1790942917.207353,1790942919.207353,0,0,1,0,-0.12529534848783852,-0.12529534848783852
1790942918.207353,1790942920.207353,0,0,1,0,-0.12529534848783852,-0.12529534848783852
1790942919.207353,1790942921.207353,0,0,1,0,-0.12529534848783852,-0.12529534848783852
1790942920.207353,1790942922.207353,0,0,1,0,-0.12529534848783852,-0.12529534848783852
1790942921.207353,1790942923.207353,0,0,1,0,-0.12529534848783852,-0.12529534848783852
1790942922.207353,1790942924.207353,0,0,1,0,-0.12529534848783852,-0.12529534848783852
1790942923.207353,1790942925.207353,0,0,1,0,-0.12529534848783852,-0.12529534848783852
1790942924.207353,1790942926.207353,0,0,1,0,-0.12529534848783852,-0.12529534848783852
1790942925.207353,1790942927.207353,0,0,1,0,-0.12529534848783852,-0.12529534848783852
1790942926.207353,1790942928.207353,0,0,1,0,-0.12529534848783852,-0.12529534848783852
1790942927.207353,1790942929.207353,0,0,1,0,-0.12529534848783852,-0.12529534848783852
1790942928.207353,1790942930.207353,0,0,1,0,-0.12529534848783852,-0.12529534848783852
1790942929.207353,1790942931.207353,0,0,1,0,-0.12529534848783852,-0.12529534848783852
1790942930.207353,1790942932.207353,0,0,1,0,-0.12529534848783852,-0.12529534848783852
1790942931.207353,1790942933.207353,0,0,1,0,-0.12529534848783852,-0.12529534848783852
1790942932.207353,1790942934.207353,0,0,1,0,-0.12529534848783852,-0.12529534848783852
1790942933.207353,1790942935.207353,0,0,1,0,-0.12529534848783852,-0.12529534848783852
1790942934.207353,1790942936.207353,0,0,1,0,-0.12529534848783852,-0.12529534848783852
1790942935.207353,1790942937.207353,0,0,1,0,-0.12529534848783852,-0.12529534848783852
1790942936.207353,1790942938.207353,0,0,1,0,-0.12529534848783852,-0.12529534848783852
1790942937.207353,1790942939.207353,0,0,1,0,-0.12529534848783852,-0.12529534848783852
1790942938.207353,1790942940.207353,0,0,1,0,-0.12529534848783852,-0.12529534848783852
1790942939.207353,1790942941.207353,0,0,1,0,-0.12529534848783852,-0.12529534848783852
1790942940.207353,1790942942.207353,0,0,1,0,-0.12529534848783852,-0.12529534848783852
1790942941.207353,1790942943.207353,0,0,1,0,-0.12529534848783852,-0.12529534848783852
1790942942.207353,1790942944.207353,0,0,1,0,-0.12529534848783852,-0.12529534848783852
1790942943.207353,1790942945.207353,0,0,1,0,-0.12529534848783852,-0.12529534848783852
1790942944.207353,1790942946.207353,0,0,1,0,-0.12529534848783852,-0.12529534848783852
1790942945.207353,1790942947.207353,0,0,1,0,-0.12529534848783852,-0.12529534848783852
1790942946.207353,1790942948.207353,0,0,1,0,-0.12529534848783852,-0.12529534848783852
1790942947.207353,1790942949.207353,0,0,1,0,-0.12529534848783852,-0.12529534848783852
1790942948.207353,1790942950.207353,0,0,1,0,-0.12529534848783852,-0.12529534848783852
1790942949.207353,1790942951.207353,0,0,1,0,-0.12529534848783852,-0.12529534848783852
1790942950.207353,1790942952.207353,0,0,1,0,-0.12529534848783852,-0.12529534848783852
1790942951.207353,1790942953.207353,0,0,1,0,-0.12529534848783852,-0.12529534848783852
1790942952.207353,1790942954.207353,0,0,1,0,-0.12529534848783852,-0.12529534848783852
1790942953.207353,1790942955.207353,0,0,1,0,-0.12529534848783852,-0.12529534848783852
1790942954.207353,1790942956.207353,0,0,1,0,-0.12529534848783852,-0.12529534848783852
1790942955.207353,1790942957.207353,0,0,1,0,-0.12529534848783852,-0.12529534848783852
1790942956.207353,1790942958.207353,0,0,1,0,-0.12529534848783852,-0.12529534848783852
1790942957.207353,1790942959.207353,0,0,1,0,-0.12529534848783852,-0.12529534848783852
1790942958.207353,1790942960.207353,0,0,1,0,-0.12529534848783852,-0.12529534848783852
1790942959.207353,1790942961.207353,0,0,1,0,-0.12529534848783852,-0.12529534848783852
1790942960.207353,1790942962.207353,0,0,1,0,-0.12529534848783852,-0.12529534848783852
1790942961.207353,1790942963.207353,0,0,1,0,-0.12529534848783852,-0.12529534848783852
1790942962.207353,1790942964.207353,0,0,1,0,-0.12529534848783852,-0.12529534848783852
1790942963.207353,1790942965.207353,0,0,1,0,-0.12529534848783852,-0.12529534848783852
1790942964.207353,1790942966.207353,0,0,1,0,-0.12529534848783852,-0.12529534848783852
1790942965.207353,1790942967.207353,0,0,1,0,-0.12529534848783852,-0.12529534848783852
1790942966.207353,1790942968.207353,0,0,1,0,-0.12529534848783852,-0.12529534848783852
1790942967.207353,1790942969.207353,0,0,1,0,-0.12529534848783852,-0.12529534848783852
1790942968.207353,1790942970.207353,0,0,1,0,-0.12529534848783852,-0.12529534848783852
1790942969.207353,1790942971.207353,0,0,1,0,-0.12529534848783852,-0.12529534848783852
1790942970.207353,1790942972.207353,0,0,1,0,-0.12529534848783852,-0.12529534848783852
1790942971.207353,1790942973.207353,0,0,1,0,-0.12529534848783852,-0.12529534848783852
1790942972.207353,1790942974.207353,0,0,1,0,-0.12529534848783852,-0.12529534848783852
1790942973.207353,1790942975.207353,0,0,1,0,-0.12529534848783852,-0.12529534848783852
1790942974.207353,1790942976.207353,0,0,1,0,-0.12529534848783852,-0.12529534848783852
1790942975.207353,1790942977.207353,0,0,1,0,-0.12529534848783852,-0.12529534848783852
1790942976.207353,1790942978.207353,0,0,1,0,-0.12529534848783852,-0.12529534848783852
1790942977.207353,1790942979.207353,0,0,1,0,-0.12529534848783852,-0.12529534848783852
1790942978.207353,1790942980.207353,0,0,1,0,-0.12529534848783852,-0.12529534848783852
1790942979.207353,1790942981.207353,0,0,1,0,-0.12529534848783852,-0.12529534848783852
1790942980.207353,1790942982.207353,0,0,1,0,-0.12529534848783852,-0.12529534848783852
1790942981.207353,1790942983.207353,0,0,1,0,-0.12529534848783852,-0.12529534848783852
1790942982.207353,1790942984.207353,0,0,1,0,-0.12529534848783852,-0.12529534848783852
1790942983.207353,1790942985.207353,0,0,1,0,-0.12529534848783852,-0.12529534848783852
1790942984.207353,1790942986.207353,0,0,1,0,-0.12529534848783852,-0.12529534848783852
1790942985.207353,1790942987.207353,0,0,1,0,-0.12529534848783852,-0.12529534848783852
1790942986.207353,1790942988.207353,0,0,1,0,-0.12529534848783852,-0.12529534848783852
1790942987.207353,1790942989.207353,0,0,1,0,-0.12529534848783852,-0.12529534848783852
1790942988.207353,1790942990.207353,0,0,1,0,-0.12529534848783852,-0.12529534848783852
1790942989.207353,1790942991.207353,0,0,1,0,-0.12529534848783852,-0.12529534848783852
1790942990.207353,1790942992.207353,0,0,1,0,-0.12529534848783852,-0.12529534848783852
1790942991.207353,1790942993.207353,0,0,1,0,-0.12529534848783852,-0.12529534848783852
1790942992.207353,1790942994.207353,0,0,1,0,-0.12529534848783852,-0.12529534848783852
1790942993.207353,1790942995.207353,0,0,1,0,-0.12529534848783852,-0.12529534848783852
1790942994.207353,1790942996.207353,0,0,1,0,-0.12529534848783852,-0.12529534848783852
1790942995.207353,1790942997.207353,0,0,1,0,-0.12529534848783852,-0.12529534848783852
1790942996.207353,1790942998.207353,0,0,1,0,-0.12529534848783852,-0.12529534848783852
1790942997.207353,1790942999.207353,0,0,1,0,-0.12529534848783852,-0.12529534848783852
1790942998.207353,1790943000.207353,0,0,1,0,-0.12529534848783852,-0.12529534848783852
1790942999.207353,1790943001.207353,0,0,1,0,-0.12529534848783852,-0.12529534848783852
1790943000.207353,1790943002.207353,0,0,1,0,-0.12529534848783852,-0.12529534848783852
1790943001.207353,1790943003.207353,0,0,1,0,-0.12529534848783852,-0.12529534848783852
1790943002.207353,1790943004.207353,0,0,1,0,-0.12529534848783852,-0.12529534848783852
1790943003.207353,1790943005.207353,0,0,1,0,-0.12529534848783852,-0.12529534848783852
1790943004.207353,1790943006.207353,0,0,1,0,-0.12529534848783852,-0.12529534848783852
1790943005.207353,1790943007.207353,0,0,1,0,-0.12529534848783852,-0.12529534848783852
1790943006.207353,1790943008.207353,0,0,1,0,-0.12529534848783852,-0.12529534848783852
1790943007.207353,1790943009.207353,0,0,1,0,-0.12529534848783852,-0.12529534848783852
1790943008.207353,1790943010.207353,0,0,1,0,-0.12529534848783852,-0.12529534848783852
1790943009.207353,1790943011.207353,0,0,1,0,-0.12529534848783852,-0.12529534848783852
1790943010.207353,1790943012.207353,0,0,1,0,-0.12529534848783852,-0.12529534848783852
1790943011.207353,1790943013.207353,0,0,1,0,-0.12529534848783852,-0.12529534848783852
1790943012.207353,1790943014.207353,0,0,1,0,-0.12529534848783852,-0.12529534848783852
1790943013.207353,1790943015.207353,0,0,1,0,-0.12529534848783852,-0.12529534848783852
1790943014.207353,1790943016.207353,0,0,1,0,-0.12529534848783852,-0.12529534848783852
1790943015.207353,1790943017.207353,0,0,1,0,-0.12529534848783852,-0.12529534848783852
1790943016.207353,1790943018.207353,0,0,1,0,-0.12529534848783852,-0.12529534848783852
1790943017.207353,1790943019.207353,0,0,1,0,-0.12529534848783852,-0.12529534848783852
1790943018.207353,1790943020.207353,0,0,1,0,-0.12529534848783852,-0.12529534848783852
1790943019.207353,1790943021.207353,0,0,1,0,-0.12529534848783852,-0.12529534848783852
1790943020.207353,1790943022.207353,0,0,1,0,-0.12529534848783852,-0.12529534848783852
1790943021.207353,1790943023.207353,0,0,1,0,-0.12529534848783852,-0.12529534848783852
1790943022.207353,1790943024.207353,0,0,1,0,-0.12529534848783852,-0.12529534848783852
1790943023.207353,1790943025.207353,0,0,1,0,-0.12529534848783852,-0.12529534848783852
1790943024.207353,1790943026.207353,0,0,1,0,-0.12529534848783852,-0.12529534848783852
1790943025.207353,1790943027.207353,0,0,1,0,-0.12529534848783852,-0.12529534848783852
1790943026.207353,1790943028.207353,0,0,1,0,-0.12529534848783852,-0.12529534848783852
1790943027.207353,1790943029.207353,0,0,1,0,-0.12529534848783852,-0.12529534848783852
1790943028.207353,1790943030.207353,0,0,1,0,-0.12529534848783852,-0.12529534848783852
1790943029.207353,1790943031.207353,0,0,1,0,-0.12529534848783852,-0.12529534848783852
1790943030.207353,1790943032.207353,0,0,1,0,-0.12529534848783852,-0.12529534848783852
1790943031.207353,1790943033.207353,0,0,1,0,-0.12529534848783852,-0.12529534848783852
1790943032.207353,1790943034.207353,0,0,1,0,-0.12529534848783852,-0.12529534848783852
1790943033.207353,1790943035.207353,0,0,1,0,-0.12529534848783852,-0.12529534848783852
1790943034.207353,1790943036.207353,0,0,1,0,-0.12529534848783852,-0.12529534848783852
1790943035.207353,1790943037.207353,0,0,1,0,-0.12529534848783852,-0.12529534848783852
1790943036.207353,1790943038.207353,0,0,1,0,-0.12529534848783852,-0.12529534848783852
1790943037.207353,1790943039.207353,0,0,1,0,-0.12529534848783852,-0.12529534848783852
1790943038.207353,1790943040.207353,0,0,1,0,-0.12529534848783852,-0.12529534848783852
1790943039.207353,1790943041.207353,0,0,1,0,-0.12529534848783852,-0.12529534848783852
1790943040.207353,1790943042.207353,0,0,1,0,-0.12529534848783852,-0.12529534848783852
1790943041.207353,1790943043.207353,0,0,1,0,-0.12529534848783852,-0.12529534848783852
1790943042.207353,1790943044.207353,0,0,1,0,-0.12529534848783852,-0.12529534848783852
1790943043.207353,1790943045.207353,0,0,1,0,-0.12529534848783852,-0.12529534848783852
1790943044.207353,1790943046.207353,0,0,1,0,-0.12529534848783852,-0.12529534848783852
1790943045.207353,1790943047.207353,0,0,1,0,-0.12529534848783852,-0.12529534848783852
1790943046.207353,1790943048.207353,0,0,1,0,-0.12529534848783852,-0.12529534848783852
1790943047.207353,1790943049.207353,0,0,1,0,-0.12529534848783852,-0.12529534848783852
1790943048.207353,1790943050.207353,0,0,1,0,-0.12529534848783852,-0.12529534848783852
1790943049.207353,1790943051.207353,0,0,1,0,-0.12529534848783852,-0.12529534848783852
1790943050.207353,1790943052.207353,0,0,1,0,-0.12529534848783852,-0.12529534848783852
1790943051.207353,1790943053.207353,0,0,1,0,-0.12529534848783852,-0.12529534848783852
1790943052.207353,1790943054.207353,0,0,1,0,-0.12529534848783852,-0.12529534848783852
1790943053.207353,1790943055.207353,0,0,1,0,-0.12529534848783852,-0.12529534848783852
1790943054.207353,1790943056.207353,0,0,1,0,-0.12529534848783852,-0.12529534848783852
1790943055.207353,1790943057.207353,0,0,1,0,-0.12529534848783852,-0.12529534848783852
1790943056.207353,1790943058.207353,0,0,1,0,-0.12529534848783852,-0.12529534848783852
1790943057.207353,1790943059.207353,0,0,1,0,-0.12529534848783852,-0.12529534848783852
1790943058.207353,1790943060.207353,0,0,1,0,-0.12529534848783852,-0.12529534848783852
1790943059.207353,1790943061.207353,0,0,1,0,-0.12529534848783852,-0.12529534848783852
1790943060.207353,1790943062.207353,0,0,1,0,-0.12529534848783852,-0.12529534848783852
1790943061.207353,1790943063.207353,0,0,1,0,-0.12529534848783852,-0.12529534848783852
1790943062.207353,1790943064.207353,0,0,1,0,-0.12529534848783852,-0.12529534848783852
1790943063.207353,1790943065.207353,0,0,1,0,-0.12529534848783852,-0.12529534848783852
1790943064.207353,1790943066.207353,0,0,1,0,-0.12529534848783852,-0.12529534848783852
1790943065.207353,1790943067.207353,0,0,1,0,-0.12529534848783852,-0.12529534848783852
1790943066.207353,1790943068.207353,0,0,1,0,-0.12529534848783852,-0.12529534848783852
1790943067.207353,1790943069.207353,0,0,1,0,-0.12529534848783852,-0.12529534848783852
1790943068.207353,1790943070.207353,0,0,1,0,-0.12529534848783852,-0.12529534848783852
1790943069.207353,1790943071.207353,0,0,1,0,-0.12529534848783852,-0.12529534848783852
1790943070.207353,1790943072.207353,0,0,1,0,-0.12529534848783852,-0.12529534848783852
1790943071.207353,1790943073.207353,0,0,1,0,-0.12529534848783852,-0.12529534848783852
1790943072.207353,1790943074.207353,0,0,1,0,-0.12529534848783852,-0.12529534848783852
1790943073.207353,1790943075.207353,0,0,1,0,-0.12529534848783852,-0.12529534848783852
1790943074.207353,1790943076.207353,0,0,1,0,-0.12529534848783852,-0.12529534848783852
1790943075.207353,1790943077.207353,0,0,1,0,-0.12529534848783852,-0.12529534848783852
1790943076.207353,1790943078.207353,0,0,1,0,-0.12529534848783852,-0.12529534848783852
1790943077.207353,1790943079.207353,0,0,1,0,-0.12529534848783852,-0.12529534848783852
1790943078.207353,1790943080.207353,0,0,1,0,-0.12529534848783852,-0.12529534848783852
1790943079.207353,1790943081.207353,0,0,1,0,-0.12529534848783852,-0.12529534848783852
1790943080.207353,1790943082.207353,0,0,1,0,-0.12529534848783852,-0.12529534848783852
1790943081.207353,1790943083.207353,0,0,1,0,-0.12529534848783852,-0.12529534848783852
1790943082.207353,1790943084.207353,0,0,1,0,-0.12529534848783852,-0.12529534848783852
1790943083.207353,1790943085.207353,0,0,1,0,-0.12529534848783852,-0.12529534848783852
1790943084.207353,1790943086.207353,0,0,1,0,-0.12529534848783852,-0.12529534848783852
1790943085.207353,1790943087.207353,0,0,1,0,-0.12529534848783852,-0.12529534848783852
1790943086.207353,1790943088.207353,0,0,1,0,-0.12529534848783852,-0.12529534848783852
1790943087.207353,1790943089.207353,0,0,1,0,-0.12529534848783852,-0.12529534848783852
1790943088.207353,1790943090.207353,0,0,1,0,-0.12529534848783852,-0.12529534848783852
1790943089.207353,1790943091.207353,0,0,1,0,-0.12529534848783852,-0.12529534848783852
1790943090.207353,1790943092.207353,0,0,1,0,-0.12529534848783852,-0.12529534848783852
1790943091.207353,1790943093.207353,0,0,1,0,-0.12529534848783852,-0.12529534848783852
1790943092.207353,1790943094.207353,0,0,1,0,-0.12529534848783852,-0.12529534848783852
1790943093.207353,1790943095.207353,0,0,1,0,-0.12529534848783852,-0.12529534848783852
1790943094.207353,1790943096.207353,0,0,1,0,-0.12529534848783852,-0.12529534848783852
1790943095.207353,1790943097.207353,0,0,1,0,-0.12529534848783852,-0.12529534848783852
1790943096.207353,1790943098.207353,0,0,1,0,-0.12529534848783852,-0.12529534848783852
1790943097.207353,1790943099.207353,0,0,1,0,-0.12529534848783852,-0.12529534848783852
1790943098.207353,1790943100.207353,0,0,1,0,-0.12529534848783852,-0.12529534848783852
1790943099.207353,1790943101.207353,0,0,1,0,-0.12529534848783852,-0.12529534848783852
1790943100.207353,1790943102.207353,0,0,1,0,-0.12529534848783852,-0.12529534848783852
1790943101.207353,1790943103.207353,0,0,1,0,-0.12529534848783852,-0.12529534848783852
1790943102.207353,1790943104.207353,0,0,1,0,-0.12529534848783852,-0.12529534848783852
1790943103.207353,1790943105.207353,0,0,1,0,-0.12529534848783852,-0.12529534848783852
1790943104.207353,1790943106.207353,0,0,1,0,-0.12529534848783852,-0.12529534848783852
1790943105.207353,1790943107.207353,0,0,1,0,-0.12529534848783852,-0.12529534848783852
1790943106.207353,1790943108.207353,0,0,1,0,-0.12529534848783852,-0.12529534848783852
1790943107.207353,1790943109.207353,0,0,1,0,-0.12529534848783852,-0.12529534848783852
1790943108.207353,1790943110.207353,0,0,1,0,-0.12529534848783852,-0.12529534848783852
1790943109.207353,1790943111.207353,0,0,1,0,-0.12529534848783852,-0.12529534848783852
1790943110.207353,1790943112.207353,0,0,1,0,-0.12529534848783852,-0.12529534848783852
1790943111.207353,1790943113.207353,0,0,1,0,-0.12529534848783852,-0.12529534848783852
1790943112.207353,1790943114.207353,0,0,1,0,-0.12529534848783852,-0.12529534848783852
1790943113.207353,1790943115.207353,0,0,1,0,-0.12529534848783852,-0.12529534848783852
1790943114.207353,1790943116.207353,0,0,1,0,-0.12529534848783852,-0.12529534848783852
1790943115.207353,1790943117.207353,0,0,1,0,-0.12529534848783852,-0.12529534848783852
1790943116.207353,1790943118.207353,0,0,1,0,-0.12529534848783852,-0.12529534848783852
1790943117.207353,1790943119.207353,0,0,1,0,-0.12529534848783852,-0.12529534848783852
1790943118.207353,1790943120.207353,0,0,1,0,-0.12529534848783852,-0.12529534848783852
1790943119.207353,1790943121.207353,0,0,1,0,-0.12529534848783852,-0.12529534848783852
1790943120.207353,1790943122.207353,0,0,1,0,-0.12529534848783852,-0.12529534848783852
1790943121.207353,1790943123.207353,0,0,1,0,-0.12529534848783852,-0.12529534848783852
1790943122.207353,1790943124.207353,0,0,1,0,-0.12529534848783852,-0.12529534848783852
1790943123.207353,1790943125.207353,0,0,1,0,-0.12529534848783852,-0.12529534848783852
1790943124.207353,1790943126.207353,0,0,1,0,-0.12529534848783852,-0.12529534848783852
1790943125.207353,1790943127.207353,0,0,1,0,-0.12529534848783852,-0.12529534848783852
1790943126.207353,1790943128.207353,0,0,1,0,-0.12529534848783852,-0.12529534848783852
1790943127.207353,1790943129.207353,0,0,1,0,-0.12529534848783852,-0.12529534848783852
1790943128.207353,1790943130.207353,0,0,1,0,-0.12529534848783852,-0.12529534848783852
1790943129.207353,1790943131.207353,0,0,1,0,-0.12529534848783852,-0.12529534848783852
1790943130.207353,1790943132.207353,0,0,1,0,-0.12529534848783852,-0.12529534848783852
1790943131.207353,1790943133.207353,0,0,1,0,-0.12529534848783852,-0.12529534848783852
1790943132.207353,1790943134.207353,0,0,1,0,-0.12529534848783852,-0.12529534848783852
1790943133.207353,1790943135.207353,0,0,1,0,-0.12529534848783852,-0.12529534848783852
1790943134.207353,1790943136.207353,0,0,1,0,-0.12529534848783852,-0.12529534848783852
1790943135.207353,1790943137.207353,0,0,1,0,-0.12529534848783852,-0.12529534848783852
1790943136.207353,1790943138.207353,0,0,1,0,-0.12529534848783852,-0.12529534848783852
1790943137.207353,1790943139.207353,0,0,1,0,-0.12529534848783852,-0.12529534848783852
1790943138.207353,1790943140.207353,0,0,1,0,-0.12529534848783852,-0.12529534848783852
1790943139.207353,1790943141.207353,0,0,1,0,-0.12529534848783852,-0.12529534848783852
1790943140.207353,1790943142.207353,0,0,1,0,-0.12529534848783852,-0.12529534848783852
1790943141.207353,1790943143.207353,0,0,1,0,-0.12529534848783852,-0.12529534848783852
1790943142.207353,1790943144.207353,0,0,1,0,-0.12529534848783852,-0.12529534848783852
1790943143.207353,1790943145.207353,0,0,1,0,-0.12529534848783852,-0.12529534848783852
1790943144.207353,1790943146.207353,0,0,1,0,-0.12529534848783852,-0.12529534848783852
1790943145.207353,1790943147.207353,0,0,1,0,-0.12529534848783852,-0.12529534848783852
1790943146.207353,1790943148.207353,0,0,1,0,-0.12529534848783852,-0.12529534848783852
1790943147.207353,1790943149.207353,0,0,1,0,-0.12529534848783852,-0.12529534848783852
1790943148.207353,1790943150.207353,0,0,1,0,-0.12529534848783852,-0.12529534848783852
1790943149.207353,1790943151.207353,0,0,1,0,-0.12529534848783852,-0.12529534848783852
1790943150.207353,1790943152.207353,0,0,1,0,-0.12529534848783852,-0.12529534848783852
1790943151.207353,1790943153.207353,0,0,1,0,-0.12529534848783852,-0.12529534848783852
1790943152.207353,1790943154.207353,0,0,1,0,-0.12529534848783852,-0.12529534848783852
1790943153.207353,1790943155.207353,0,0,1,0,-0.12529534848783852,-0.12529534848783852
1790943154.207353,1790943156.207353,0,0,1,0,-0.12529534848783852,-0.12529534848783852
1790943155.207353,1790943157.207353,0,0,1,0,-0.12529534848783852,-0.12529534848783852
1790943156.207353,1790943158.207353,0,0,1,0,-0.12529534848783852,-0.12529534848783852
1790943157.207353,1790943159.207353,0,0,1,0,-0.12529534848783852,-0.12529534848783852
1790943158.207353,1790943160.207353,0,0,1,0,-0.12529534848783852,-0.12529534848783852
1790943159.207353,1790943161.207353,0,0,1,0,-0.12529534848783852,-0.12529534848783852
1790943160.207353,1790943162.207353,0,0,1,0,-0.12529534848783852,-0.12529534848783852
1790943161.207353,1790943163.207353,0,0,1,0,-0.12529534848783852,-0.12529534848783852
1790943162.207353,1790943164.207353,0,0,1,0,-0.12529534848783852,-0.12529534848783852
1790943163.207353,1790943165.207353,0,0,1,0,-0.12529534848783852,-0.12529534848783852
1790943164.207353,1790943166.207353,0,0,1,0,-0.12529534848783852,-0.12529534848783852
1790943165.207353,1790943167.207353,0,0,1,0,-0.12529534848783852,-0.12529534848783852
1790943166.207353,1790943168.207353,0,0,1,0,-0.12529534848783852,-0.12529534848783852
1790943167.207353,1790943169.207353,0,0,1,0,-0.12529534848783852,-0.12529534848783852
1790943168.207353,1790943170.207353,0,0,1,0,-0.12529534848783852,-0.12529534848783852
1790943169.207353,1790943171.207353,0,0,1,0,-0.12529534848783852,-0.12529534848783852
1790943170.207353,1790943172.207353,0,0,1,0,-0.12529534848783852,-0.12529534848783852
1790943171.207353,1790943173.207353,0,0,1,0,-0.12529534848783852,-0.12529534848783852
1790943172.207353,1790943174.207353,0,0,1,0,-0.12529534848783852,-0.12529534848783852
1790943173.207353,1790943175.207353,0,0,1,0,-0.12529534848783852,-0.12529534848783852
1790943174.207353,1790943176.207353,0,0,1,0,-0.12529534848783852,-0.12529534848783852
1790943175.207353,1790943177.207353,0,0,1,0,-0.12529534848783852,-0.12529534848783852
1790943176.207353,1790943178.207353,0,0,1,0,-0.12529534848783852,-0.12529534848783852
1790943177.207353,1790943179.207353,0,0,1,0,-0.12529534848783852,-0.12529534848783852
1790943178.207353,1790943180.207353,0,0,1,0,-0.12529534848783852,-0.12529534848783852
1790943179.207353,1790943181.207353,0,0,1,0,-0.12529534848783852,-0.12529534848783852
1790943180.207353,1790943182.207353,0,0,1,0,-0.12529534848783852,-0.12529534848783852
1790943181.207353,1790943183.207353,0,0,1,0,-0.12529534848783852,-0.12529534848783852
1790943182.207353,1790943184.207353,0,0,1,0,-0.12529534848783852,-0.12529534848783852
1790943183.207353,1790943185.207353,0,0,1,0,-0.12529534848783852,-0.12529534848783852
1790943184.207353,1790943186.207353,0,0,1,0,-0.12529534848783852,-0.12529534848783852
1790943185.207353,1790943187.207353,0,0,1,0,-0.12529534848783852,-0.12529534848783852
1790943186.207353,1790943188.207353,0,0,1,0,-0.12529534848783852,-0.12529534848783852
1790943187.207353,1790943189.207353,0,0,1,0,-0.12529534848783852,-0.12529534848783852
1790943188.207353,1790943190.207353,0,0,1,0,-0.12529534848783852,-0.12529534848783852
1790943189.207353,1790943191.207353,0,0,1,0,-0.12529534848783852,-0.12529534848783852
1790943190.207353,1790943192.207353,0,0,1,0,-0.12529534848783852,-0.12529534848783852
1790943191.207353,1790943193.207353,0,0,1,0,-0.12529534848783852,-0.12529534848783852
1790943192.207353,1790943194.207353,0,0,1,0,-0.12529534848783852,-0.12529534848783852
1790943193.207353,1790943195.207353,0,0,1,0,-0.12529534848783852,-0.12529534848783852
1790943194.207353,1790943196.207353,0,0,1,0,-0.12529534848783852,-0.12529534848783852
1790943195.207353,1790943197.207353,0,0,1,0,-0.12529534848783852,-0.12529534848783852
1790943196.207353,1790943198.207353,0,0,1,0,-0.12529534848783852,-0.12529534848783852
1790943197.207353,1790943199.207353,0,0,1,0,-0.12529534848783852,-0.12529534848783852
1790943198.207353,1790943200.207353,0,0,1,0,-0.12529534848783852,-0.12529534848783852
1790943199.207353,1790943201.207353,0,0,1,0,-0.12529534848783852,-0.12529534848783852
1790943200.207353,1790943202.207353,0,0,1,0,-0.12529534848783852,-0.12529534848783852
1790943201.207353,1790943203.207353,0,0,1,0,-0.12529534848783852,-0.12529534848783852
1790943202.207353,1790943204.207353,0,0,1,0,-0.12529534848783852,-0.12529534848783852
1790943203.207353,1790943205.207353,0,0,1,0,-0.12529534848783852,-0.12529534848783852
1790943204.207353,1790943206.207353,0,0,1,0,-0.12529534848783852,-0.12529534848783852
1790943205.207353,1790943207.207353,0,0,1,0,-0.12529534848783852,-0.12529534848783852
1790943206.207353,1790943208.207353,0,0,1,0,-0.12529534848783852,-0.12529534848783852
1790943207.207353,1790943209.207353,0,0,1,0,-0.12529534848783852,-0.12529534848783852
1790943208.207353,1790943210.207353,0,0,1,0,-0.12529534848783852,-0.12529534848783852
1790943209.207353,1790943211.207353,0,0,1,0,-0.12529534848783852,-0.12529534848783852
1790943210.207353,1790943212.207353,0,0,1,0,-0.12529534848783852,-0.12529534848783852
1790943211.207353,1790943213.207353,0,0,1,0,-0.12529534848783852,-0.12529534848783852
1790943212.207353,1790943214.207353,0,0,1,0,-0.12529534848783852,-0.12529534848783852
1790943213.207353,1790943215.207353,0,0,1,0,-0.12529534848783852,-0.12529534848783852
1790943214.207353,1790943216.207353,0,0,1,0,-0.12529534848783852,-0.12529534848783852
1790943215.207353,1790943217.207353,0,0,1,0,-0.12529534848783852,-0.12529534848783852
1790943216.207353,1790943218.207353,0,0,1,0,-0.12529534848783852,-0.12529534848783852
1790943217.207353,1790943219.207353,0,0,1,0,-0.12529534848783852,-0.12529534848783852
1790943218.207353,1790943220.207353,0,0,1,0,-0.12529534848783852,-0.12529534848783852
1790943219.207353,1790943221.207353,0,0,1,0,-0.12529534848783852,-0.12529534848783852
1790943220.207353,1790943222.207353,0,0,1,0,-0.12529534848783852,-0.12529534848783852
1790943221.207353,1790943223.207353,0,0,1,0,-0.12529534848783852,-0.12529534848783852
1790943222.207353,1790943224.207353,0,0,1,0,-0.12529534848783852,-0.12529534848783852
1790943223.207353,1790943225.207353,0,0,1,0,-0.12529534848783852,-0.12529534848783852
1790943224.207353,1790943226.207353,0,0,1,0,-0.12529534848783852,-0.12529534848783852
1790943225.207353,1790943227.207353,0,0,1,0,-0.12529534848783852,-0.12529534848783852
1790943226.207353,1790943228.207353,0,0,1,0,-0.12529534848783852,-0.12529534848783852
1790943227.207353,1790943229.207353,0,0,1,0,-0.12529534848783852,-0.12529534848783852
1790943228.207353,1790943230.207353,0,0,1,0,-0.12529534848783852,-0.12529534848783852
1790943229.207353,1790943231.207353,0,0,1,0,-0.12529534848783852,-0.12529534848783852
1790943230.207353,1790943232.207353,0,0,1,0,-0.12529534848783852,-0.12529534848783852
1790943231.207353,1790943233.207353,0,0,1,0,-0.12529534848783852,-0.12529534848783852
1790943232.207353,1790943234.207353,0,0,1,0,-0.12529534848783852,-0.12529534848783852
1790943233.207353,1790943235.207353,0,0,1,0,-0.12529534848783852,-0.12529534848783852
1790943234.207353,1790943236.207353,0,0,1,0,-0.12529534848783852,-0.12529534848783852
1790943235.207353,1790943237.207353,0,0,1,0,-0.12529534848783852,-0.12529534848783852
1790943236.207353,1790943238.207353,0,0,1,0,-0.12529534848783852,-0.12529534848783852
1790943237.207353,1790943239.207353,0,0,1,0,-0.12529534848783852,-0.12529534848783852
1790943238.207353,1790943240.207353,0,0,1,0,-0.12529534848783852,-0.12529534848783852
1790943239.207353,1790943241.207353,0,0,1,0,-0.12529534848783852,-0.12529534848783852
1790943240.207353,1790943242.207353,0,0,1,0,-0.12529534848783852,-0.12529534848783852
1790943241.207353,1790943243.207353,0,0,1,0,-0.12529534848783852,-0.12529534848783852
1790943242.207353,1790943244.207353,0,0,1,0,-0.12529534848783852,-0.12529534848783852
1790943243.207353,1790943245.207353,0,0,1,0,-0.12529534848783852,-0.12529534848783852
1790943244.207353,1790943246.207353,0,0,1,0,-0.12529534848783852,-0.12529534848783852
1790943245.207353,1790943247.207353,0,0,1,0,-0.12529534848783852,-0.12529534848783852
1790943246.207353,1790943248.207353,0,0,1,0,-0.12529534848783852,-0.12529534848783852
1790943247.207353,1790943249.207353,0,0,1,0,-0.12529534848783852,-0.12529534848783852
1790943248.207353,1790943250.207353,0,0,1,0,-0.12529534848783852,-0.12529534848783852
1790943249.207353,1790943251.207353,0,0,1,0,-0.12529534848783852,-0.12529534848783852
1790943250.207353,1790943252.207353,0,0,1,0,-0.12529534848783852,-0.12529534848783852
1790943251.207353,1790943253.207353,0,0,1,0,-0.12529534848783852,-0.12529534848783852
1790943252.207353,1790943254.207353,0,0,1,0,-0.12529534848783852,-0.12529534848783852
1790943253.207353,1790943255.207353,0,0,1,0,-0.12529534848783852,-0.12529534848783852
1790943254.207353,1790943256.207353,0,0,1,0,-0.12529534848783852,-0.12529534848783852
1790943255.207353,1790943257.207353,0,0,1,0,-0.12529534848783852,-0.12529534848783852
1790943256.207353,1790943258.207353,0,0,1,0,-0.12529534848783852,-0.12529534848783852
1790943257.207353,1790943259.207353,0,0,1,0,-0.12529534848783852,-0.12529534848783852
1790943258.207353,1790943260.207353,0,0,1,0,-0.12529534848783852,-0.12529534848783852
1790943259.207353,1790943261.207353,0,0,1,0,-0.12529534848783852,-0.12529534848783852
1790943260.207353,1790943262.207353,0,0,1,0,-0.12529534848783852,-0.12529534848783852
1790943261.207353,1790943263.207353,0,0,1,0,-0.12529534848783852,-0.12529534848783852
1790943262.207353,1790943264.207353,0,0,1,0,-0.12529534848783852,-0.12529534848783852
1790943263.207353,1790943265.207353,0,0,1,0,-0.12529534848783852,-0.12529534848783852
1790943264.207353,1790943266.207353,0,0,1,0,-0.12529534848783852,-0.12529534848783852
1790943265.207353,1790943267.207353,0,0,1,0,-0.12529534848783852,-0.12529534848783852
1790943266.207353,1790943268.207353,0,0,1,0,-0.12529534848783852,-0.12529534848783852
1790943267.207353,1790943269.207353,0,0,1,0,-0.12529534848783852,-0.12529534848783852
1790943268.207353,1790943270.207353,0,0,1,0,-0.12529534848783852,-0.12529534848783852
1790943269.207353,1790943271.207353,0,0,1,0,-0.12529534848783852,-0.12529534848783852
1790943270.207353,1790943272.207353,0,0,1,0,-0.12529534848783852,-0.12529534848783852
1790943271.207353,1790943273.207353,0,0,1,0,-0.12529534848783852,-0.12529534848783852
1790943272.207353,1790943274.207353,0,0,1,0,-0.12529534848783852,-0.12529534848783852
1790943273.207353,1790943275.207353,0,0,1,0,-0.12529534848783852,-0.12529534848783852
1790943274.207353,1790943276.207353,0,0,1,0,-0.12529534848783852,-0.12529534848783852
1790943275.207353,1790943277.207353,0,0,1,0,-0.12529534848783852,-0.12529534848783852
1790943276.207353,1790943278.207353,0,0,1,0,-0.12529534848783852,-0.12529534848783852
1790943277.207353,1790943279.207353,0,0,1,0,-0.12529534848783852,-0.12529534848783852
1790943278.207353,1790943280.207353,0,0,1,0,-0.12529534848783852,-0.12529534848783852
1790943279.207353,1790943281.207353,0,0,1,0,-0.12529534848783852,-0.12529534848783852
1790943280.207353,1790943282.207353,0,0,1,0,-0.12529534848783852,-0.12529534848783852
1790943281.207353,1790943283.207353,0,0,1,0,-0.12529534848783852,-0.12529534848783852
1790943282.207353,1790943284.207353,0,0,1,0,-0.12529534848783852,-0.12529534848783852
1790943283.207353,1790943285.207353,0,0,1,0,-0.12529534848783852,-0.12529534848783852
1790943284.207353,1790943286.207353,0,0,1,0,-0.12529534848783852,-0.12529534848783852
1790943285.207353,1790943287.207353,0,0,1,0,-0.12529534848783852,-0.12529534848783852
1790943286.207353,1790943288.207353,0,0,1,0,-0.12529534848783852,-0.12529534848783852
1790943287.207353,1790943289.207353,0,0,1,0,-0.12529534848783852,-0.12529534848783852
1790943288.207353,1790943290.207353,0,0,1,0,-0.12529534848783852,-0.12529534848783852
1790943289.207353,1790943291.207353,0,0,1,0,-0.12529534848783852,-0.12529534848783852
1790943290.207353,1790943292.207353,0,0,1,0,-0.12529534848783852,-0.12529534848783852
1790943291.207353,1790943293.207353,0,0,1,0,-0.12529534848783852,-0.12529534848783852
1790943292.207353,1790943294.207353,0,0,1,0,-0.12529534848783852,-0.12529534848783852
1790943293.207353,1790943295.207353,0,0,1,0,-0.12529534848783852,-0.12529534848783852
1790943294.207353,1790943296.207353,0,0,1,0,-0.12529534848783852,-0.12529534848783852
1790943295.207353,1790943297.207353,0,0,1,0,-0.12529534848783852,-0.12529534848783852
1790943296.207353,1790943298.207353,0,0,1,0,-0.12529534848783852,-0.12529534848783852
1790943297.207353,1790943299.207353,0,0,1,0,-0.12529534848783852,-0.12529534848783852
1790943298.207353,1790943300.207353,0,0,1,0,-0.12529534848783852,-0.12529534848783852
1790943299.207353,1790943301.207353,0,0,1,0,-0.12529534848783852,-0.12529534848783852
1790943300.207353,1790943302.207353,0,0,1,0,-0.12529534848783852,-0.12529534848783852
1790943301.207353,1790943303.207353,0,0,1,0,-0.12529534848783852,-0.12529534848783852
1790943302.207353,1790943304.207353,0,0,1,0,-0.12529534848783852,-0.12529534848783852
1790943303.207353,1790943305.207353,0,0,1,0,-0.12529534848783852,-0.12529534848783852
1790943304.207353,1790943306.207353,0,0,1,0,-0.12529534848783852,-0.12529534848783852
1790943305.207353,1790943307.207353,0,0,1,0,-0.12529534848783852,-0.12529534848783852
1790943306.207353,1790943308.207353,0,0,1,0,-0.12529534848783852,-0.12529534848783852
1790943307.207353,1790943309.207353,0,0,1,0,-0.12529534848783852,-0.12529534848783852
1790943308.207353,1790943310.207353,0,0,1,0,-0.12529534848783852,-0.12529534848783852
1790943309.207353,1790943311.207353,0,0,1,0,-0.12529534848783852,-0.12529534848783852
1790943310.207353,1790943312.207353,0,0,1,0,-0.12529534848783852,-0.12529534848783852
1790943311.207353,1790943313.207353,0,0,1,0,-0.12529534848783852,-0.12529534848783852
1790943312.207353,1790943314.207353,0,0,1,0,-0.12529534848783852,-0.12529534848783852
1790943313.207353,1790943315.207353,0,0,1,0,-0.12529534848783852,-0.12529534848783852
1790943314.207353,1790943316.207353,0,0,1,0,-0.12529534848783852,-0.12529534848783852
1790943315.207353,1790943317.207353,0,0,1,0,-0.12529534848783852,-0.12529534848783852
1790943316.207353,1790943318.207353,0,0,1,0,-0.12529534848783852,-0.12529534848783852
1790943317.207353,1790943319.207353,0,0,1,0,-0.12529534848783852,-0.12529534848783852
1790943318.207353,1790943320.207353,0,0,1,0,-0.12529534848783852,-0.12529534848783852
1790943319.207353,1790943321.207353,0,0,1,0,-0.12529534848783852,-0.12529534848783852
1790943320.207353,1790943322.207353,0,0,1,0,-0.12529534848783852,-0.12529534848783852
1790943321.207353,1790943323.207353,0,0,1,0,-0.12529534848783852,-0.12529534848783852
1790943322.207353,1790943324.207353,0,0,1,0,-0.12529534848783852,-0.12529534848783852
1790943323.207353,1790943325.207353,0,0,1,0,-0.12529534848783852,-0.12529534848783852
1790943324.207353,1790943326.207353,0,0,1,0,-0.12529534848783852,-0.12529534848783852
1790943325.207353,1790943327.207353,0,0,1,0,-0.12529534848783852,-0.12529534848783852
1790943326.207353,1790943328.207353,0,0,1,0,-0.12529534848783852,-0.12529534848783852
1790943327.207353,1790943329.207353,0,0,1,0,-0.12529534848783852,-0.12529534848783852
1790943328.207353,1790943330.207353,0,0,1,0,-0.12529534848783852,-0.12529534848783852
1790943329.207353,1790943331.207353,0,0,1,0,-0.12529534848783852,-0.12529534848783852
1790943330.207353,1790943332.207353,0,0,1,0,-0.12529534848783852,-0.12529534848783852
1790943331.207353,1790943333.207353,0,0,1,0,-0.12529534848783852,-0.12529534848783852
1790943332.207353,1790943334.207353,0,0,1,0,-0.12529534848783852,-0.12529534848783852
1790943333.207353,1790943335.207353,0,0,1,0,-0.12529534848783852,-0.12529534848783852
1790943334.207353,1790943336.207353,0,0,1,0,-0.12529534848783852,-0.12529534848783852
1790943335.207353,1790943337.207353,0,0,1,0,-0.12529534848783852,-0.12529534848783852
1790943336.207353,1790943338.207353,0,0,1,0,-0.12529534848783852,-0.12529534848783852
1790943337.207353,1790943339.207353,0,0,1,0,-0.12529534848783852,-0.12529534848783852
1790943338.207353,1790943340.207353,0,0,1,0,-0.12529534848783852,-0.12529534848783852
1790943339.207353,1790943341.207353,0,0,1,0,-0.12529534848783852,-0.12529534848783852
1790943340.207353,1790943342.207353,0,0,1,0,-0.12529534848783852,-0.12529534848783852
1790943341.207353,1790943343.207353,0,0,1,0,-0.12529534848783852,-0.12529534848783852
1790943342.207353,1790943344.207353,0,0,1,0,-0.12529534848783852,-0.12529534848783852
1790943343.207353,1790943345.207353,0,0,1,0,-0.12529534848783852,-0.12529534848783852
1790943344.207353,1790943346.207353,0,0,1,0,-0.12529534848783852,-0.12529534848783852
1790943345.207353,1790943347.207353,0,0,1,0,-0.12529534848783852,-0.12529534848783852
1790943346.207353,1790943348.207353,0,0,1,0,-0.12529534848783852,-0.12529534848783852
1790943347.207353,1790943349.207353,0,0,1,0,-0.12529534848783852,-0.12529534848783852
1790943348.207353,1790943350.207353,0,0,1,0,-0.12529534848783852,-0.12529534848783852
1790943349.207353,1790943351.207353,0,0,1,0,-0.12529534848783852,-0.12529534848783852
1790943350.207353,1790943352.207353,0,0,1,0,-0.12529534848783852,-0.12529534848783852
1790943351.207353,1790943353.207353,0,0,1,0,-0.12529534848783852,-0.12529534848783852
1790943352.207353,1790943354.207353,0,0,1,0,-0.12529534848783852,-0.12529534848783852
1790943353.207353,1790943355.207353,0,0,1,0,-0.12529534848783852,-0.12529534848783852
1790943354.207353,1790943356.207353,0,0,1,0,-0.12529534848783852,-0.12529534848783852
1790943355.207353,1790943357.207353,0,0,1,0,-0.12529534848783852,-0.12529534848783852
1790943356.207353,1790943358.207353,0,0,1,0,-0.12529534848783852,-0.12529534848783852
1790943357.207353,1790943359.207353,0,0,1,0,-0.12529534848783852,-0.12529534848783852
1790943358.207353,1790943360.207353,0,0,1,0,-0.12529534848783852,-0.12529534848783852
1790943359.207353,1790943361.207353,0,0,1,0,-0.12529534848783852,-0.12529534848783852
1790943360.207353,1790943362.207353,0,0,1,0,-0.12529534848783852,-0.12529534848783852
1790943361.207353,1790943363.207353,0,0,1,0,-0.12529534848783852,-0.12529534848783852
1790943362.207353,1790943364.207353,0,0,1,0,-0.12529534848783852,-0.12529534848783852
1790943363.207353,1790943365.207353,0,0,1,0,-0.12529534848783852,-0.12529534848783852
1790943364.207353,1790943366.207353,0,0,1,0,-0.12529534848783852,-0.12529534848783852
1790943365.207353,1790943367.207353,0,0,1,0,-0.12529534848783852,-0.12529534848783852
1790943366.207353,1790943368.207353,0,0,1,0,-0.12529534848783852,-0.12529534848783852
1790943367.207353,1790943369.207353,0,0,1,0,-0.12529534848783852,-0.12529534848783852
1790943368.207353,1790943370.207353,0,0,1,0,-0.12529534848783852,-0.12529534848783852
1790943369.207353,1790943371.207353,0,0,1,0,-0.12529534848783852,-0.12529534848783852
1790943370.207353,1790943372.207353,0,0,1,0,-0.12529534848783852,-0.12529534848783852
1790943371.207353,1790943373.207353,0,0,1,0,-0.12529534848783852,-0.12529534848783852
1790943372.207353,1790943374.207353,0,0,1,0,-0.12529534848783852,-0.12529534848783852
1790943373.207353,1790943375.207353,0,0,1,0,-0.12529534848783852,-0.12529534848783852
1790943374.207353,1790943376.207353,0,0,1,0,-0.12529534848783852,-0.12529534848783852
1790943375.207353,1790943377.207353,0,0,1,0,-0.12529534848783852,-0.12529534848783852
1790943376.207353,1790943378.207353,0,0,1,0,-0.12529534848783852,-0.12529534848783852
1790943377.207353,1790943379.207353,0,0,1,0,-0.12529534848783852,-0.12529534848783852
1790943378.207353,1790943380.207353,0,0,1,0,-0.12529534848783852,-0.12529534848783852
1790943379.207353,1790943381.207353,0,0,1,0,-0.12529534848783852,-0.12529534848783852
1790943380.207353,1790943382.207353,0,0,1,0,-0.12529534848783852,-0.12529534848783852
1790943381.207353,1790943383.207353,0,0,1,0,-0.12529534848783852,-0.12529534848783852
1790943382.207353,1790943384.207353,0,0,1,0,-0.12529534848783852,-0.12529534848783852
1790943383.207353,1790943385.207353,0,0,1,0,-0.12529534848783852,-0.12529534848783852
1790943384.207353,1790943386.207353,0,0,1,0,-0.12529534848783852,-0.12529534848783852
1790943385.207353,1790943387.207353,0,0,1,0,-0.12529534848783852,-0.12529534848783852
1790943386.207353,1790943388.207353,0,0,1,0,-0.12529534848783852,-0.12529534848783852
1790943387.207353,1790943389.207353,0,0,1,0,-0.12529534848783852,-0.12529534848783852
1790943388.207353,1790943390.207353,0,0,1,0,-0.12529534848783852,-0.12529534848783852
1790943389.207353,1790943391.207353,0,0,1,0,-0.12529534848783852,-0.12529534848783852
1790943390.207353,1790943392.207353,0,0,1,0,-0.12529534848783852,-0.12529534848783852
1790943391.207353,1790943393.207353,0,0,1,0,-0.12529534848783852,-0.12529534848783852
1790943392.207353,1790943394.207353,0,0,1,0,-0.12529534848783852,-0.12529534848783852
1790943393.207353,1790943395.207353,0,0,1,0,-0.12529534848783852,-0.12529534848783852
1790943394.207353,1790943396.207353,0,0,1,0,-0.12529534848783852,-0.12529534848783852
1790943395.207353,1790943397.207353,0,0,1,0,-0.12529534848783852,-0.12529534848783852
1790943396.207353,1790943398.207353,0,0,1,0,-0.12529534848783852,-0.12529534848783852
1790943397.207353,1790943399.207353,0,0,1,0,-0.12529534848783852,-0.12529534848783852
1790943398.207353,1790943400.207353,0,0,1,0,-0.12529534848783852,-0.12529534848783852
1790943399.207353,1790943401.207353,0,0,1,0,-0.12529534848783852,-0.12529534848783852
1790943400.207353,1790943402.207353,0,0,1,0,-0.12529534848783852,-0.12529534848783852
1790943401.207353,1790943403.207353,0,0,1,0,-0.12529534848783852,-0.12529534848783852
1790943402.207353,1790943404.207353,0,0,1,0,-0.12529534848783852,-0.12529534848783852
1790943403.207353,1790943405.207353,0,0,1,0,-0.12529534848783852,-0.12529534848783852
1790943404.207353,1790943406.207353,0,0,1,0,-0.12529534848783852,-0.12529534848783852
1790943405.207353,1790943407.207353,0,0,1,0,-0.12529534848783852,-0.12529534848783852
1790943406.207353,1790943408.207353,0,0,1,0,-0.12529534848783852,-0.12529534848783852
1790943407.207353,1790943409.207353,0,0,1,0,-0.12529534848783852,-0.12529534848783852
1790943408.207353,1790943410.207353,0,0,1,0,-0.12529534848783852,-0.12529534848783852
1790943409.207353,1790943411.207353,0,0,1,0,-0.12529534848783852,-0.12529534848783852
1790943410.207353,1790943412.207353,0,0,1,0,-0.12529534848783852,-0.12529534848783852
1790943411.207353,1790943413.207353,0,0,1,0,-0.12529534848783852,-0.12529534848783852
1790943412.207353,1790943414.207353,0,0,1,0,-0.12529534848783852,-0.12529534848783852
1790943413.207353,1790943415.207353,0,0,1,0,-0.12529534848783852,-0.12529534848783852
1790943414.207353,1790943416.207353,0,0,1,0,-0.12529534848783852,-0.12529534848783852
1790943415.207353,1790943417.207353,0,0,1,0,-0.12529534848783852,-0.12529534848783852
1790943416.207353,1790943418.207353,0,0,1,0,-0.12529534848783852,-0.12529534848783852
1790943417.207353,1790943419.207353,0,0,1,0,-0.12529534848783852,-0.12529534848783852
1790943418.207353,1790943420.207353,0,0,1,0,-0.12529534848783852,-0.12529534848783852
1790943419.207353,1790943421.207353,0,0,1,0,-0.12529534848783852,-0.12529534848783852
1790943420.207353,1790943422.207353,0,0,1,0,-0.12529534848783852,-0.12529534848783852
1790943421.207353,1790943423.207353,0,0,1,0,-0.12529534848783852,-0.12529534848783852
1790943422.207353,1790943424.207353,0,0,1,0,-0.12529534848783852,-0.12529534848783852
1790943423.207353,1790943425.207353,0,0,1,0,-0.12529534848783852,-0.12529534848783852
1790943424.207353,1790943426.207353,0,0,1,0,-0.12529534848783852,-0.12529534848783852
1790943425.207353,1790943427.207353,0,0,1,0,-0.12529534848783852,-0.12529534848783852
1790943426.207353,1790943428.207353,0,0,1,0,-0.12529534848783852,-0.12529534848783852
1790943427.207353,1790943429.207353,0,0,1,0,-0.12529534848783852,-0.12529534848783852
1790943428.207353,1790943430.207353,0,0,1,0,-0.12529534848783852,-0.12529534848783852
1790943429.207353,1790943431.207353,0,0,1,0,-0.12529534848783852,-0.12529534848783852
1790943430.207353,1790943432.207353,0,0,1,0,-0.12529534848783852,-0.12529534848783852
1790943431.207353,1790943433.207353,0,0,1,0,-0.12529534848783852,-0.12529534848783852
1790943432.207353,1790943434.207353,0,0,1,0,-0.12529534848783852,-0.12529534848783852
1790943433.207353,1790943435.207353,0,0,1,0,-0.12529534848783852,-0.12529534848783852
1790943434.207353,1790943436.207353,0,0,1,0,-0.12529534848783852,-0.12529534848783852
1790943435.207353,1790943437.207353,0,0,1,0,-0.12529534848783852,-0.12529534848783852
1790943436.207353,1790943438.207353,0,0,1,0,-0.12529534848783852,-0.12529534848783852
1790943437.207353,1790943439.207353,0,0,1,0,-0.12529534848783852,-0.12529534848783852
1790943438.207353,1790943440.207353,0,0,1,0,-0.12529534848783852,-0.12529534848783852
1790943439.207353,1790943441.207353,0,0,1,0,-0.12529534848783852,-0.12529534848783852
1790943440.207353,1790943442.207353,0,0,1,0,-0.12529534848783852,-0.12529534848783852
1790943441.207353,1790943443.207353,0,0,1,0,-0.12529534848783852,-0.12529534848783852
1790943442.207353,1790943444.207353,0,0,1,0,-0.12529534848783852,-0.12529534848783852
1790943443.207353,1790943445.207353,0,0,1,0,-0.12529534848783852,-0.12529534848783852
1790943444.207353,1790943446.207353,0,0,1,0,-0.12529534848783852,-0.12529534848783852
1790943445.207353,1790943447.207353,0,0,1,0,-0.12529534848783852,-0.12529534848783852
1790943446.207353,1790943448.207353,0,0,1,0,-0.12529534848783852,-0.12529534848783852
1790943447.207353,1790943449.207353,0,0,1,0,-0.12529534848783852,-0.12529534848783852
1790943448.207353,1790943450.207353,0,0,1,0,-0.12529534848783852,-0.12529534848783852
1790943449.207353,1790943451.207353,0,0,1,0,-0.12529534848783852,-0.12529534848783852
1790943450.207353,1790943452.207353,0,0,1,0,-0.12529534848783852,-0.12529534848783852
1790943451.207353,1790943453.207353,0,0,1,0,-0.12529534848783852,-0.12529534848783852
1790943452.207353,1790943454.207353,0,0,1,0,-0.12529534848783852,-0.12529534848783852
1790943453.207353,1790943455.207353,0,0,1,0,-0.12529534848783852,-0.12529534848783852
1790943454.207353,1790943456.207353,0,0,1,0,-0.12529534848783852,-0.12529534848783852
1790943455.207353,1790943457.207353,0,0,1,0,-0.12529534848783852,-0.12529534848783852
1790943456.207353,1790943458.207353,0,0,1,0,-0.12529534848783852,-0.12529534848783852
1790943457.207353,1790943459.207353,0,0,1,0,-0.12529534848783852,-0.12529534848783852
1790943458.207353,1790943460.207353,0,0,1,0,-0.12529534848783852,-0.12529534848783852
1790943459.207353,1790943461.207353,0,0,1,0,-0.12529534848783852,-0.12529534848783852
1790943460.207353,1790943462.207353,0,0,1,0,-0.12529534848783852,-0.12529534848783852
1790943461.207353,1790943463.207353,0,0,1,0,-0.12529534848783852,-0.12529534848783852
1790943462.207353,1790943464.207353,0,0,1,0,-0.12529534848783852,-0.12529534848783852
1790943463.207353,1790943465.207353,0,0,1,0,-0.12529534848783852,-0.12529534848783852
1790943464.207353,1790943466.207353,0,0,1,0,-0.12529534848783852,-0.12529534848783852
1790943465.207353,1790943467.207353,0,0,1,0,-0.12529534848783852,-0.12529534848783852
1790943466.207353,1790943468.207353,0,0,1,0,-0.12529534848783852,-0.12529534848783852
1790943467.207353,1790943469.207353,0,0,1,0,-0.12529534848783852,-0.12529534848783852
1790943468.207353,1790943470.207353,0,0,1,0,-0.12529534848783852,-0.12529534848783852
1790943469.207353,1790943471.207353,0,0,1,0,-0.12529534848783852,-0.12529534848783852
1790943470.207353,1790943472.207353,0,0,1,0,-0.12529534848783852,-0.12529534848783852
1790943471.207353,1790943473.207353,0,0,1,0,-0.12529534848783852,-0.12529534848783852
1790943472.207353,1790943474.207353,0,0,1,0,-0.12529534848783852,-0.12529534848783852
1790943473.207353,1790943475.207353,0,0,1,0,-0.12529534848783852,-0.12529534848783852
1790943474.207353,1790943476.207353,0,0,1,0,-0.12529534848783852,-0.12529534848783852
1790943475.207353,1790943477.207353,0,0,1,0,-0.12529534848783852,-0.12529534848783852
1790943476.207353,1790943478.207353,0,0,1,0,-0.12529534848783852,-0.12529534848783852
1790943477.207353,1790943479.207353,0,0,1,0,-0.12529534848783852,-0.12529534848783852
1790943478.207353,1790943480.207353,0,0,1,0,-0.12529534848783852,-0.12529534848783852
1790943479.207353,1790943481.207353,0,0,1,0,-0.12529534848783852,-0.12529534848783852
1790943480.207353,1790943482.207353,0,0,1,0,-0.12529534848783852,-0.12529534848783852
1790943481.207353,1790943483.207353,0,0,1,0,-0.12529534848783852,-0.12529534848783852
1790943482.207353,1790943484.207353,0,0,1,0,-0.12529534848783852,-0.12529534848783852
1790943483.207353,1790943485.207353,0,0,1,0,-0.12529534848783852,-0.12529534848783852
1790943484.207353,1790943486.207353,0,0,1,0,-0.12529534848783852,-0.12529534848783852
1790943485.207353,1790943487.207353,0,0,1,0,-0.12529534848783852,-0.12529534848783852
1790943486.207353,1790943488.207353,0,0,1,0,-0.12529534848783852,-0.12529534848783852
1790943487.207353,1790943489.207353,0,0,1,0,-0.12529534848783852,-0.12529534848783852
1790943488.207353,1790943490.207353,0,0,1,0,-0.12529534848783852,-0.12529534848783852
1790943489.207353,1790943491.207353,0,0,1,0,-0.12529534848783852,-0.12529534848783852
1790943490.207353,1790943492.207353,0,0,1,0,-0.12529534848783852,-0.12529534848783852
1790943491.207353,1790943493.207353,0,0,1,0,-0.12529534848783852,-0.12529534848783852
1790943492.207353,1790943494.207353,0,0,1,0,-0.12529534848783852,-0.12529534848783852
1790943493.207353,1790943495.207353,0,0,1,0,-0.12529534848783852,-0.12529534848783852
1790943494.207353,1790943496.207353,0,0,1,0,-0.12529534848783852,-0.12529534848783852
1790943495.207353,1790943497.207353,0,0,1,0,-0.12529534848783852,-0.12529534848783852
1790943496.207353,1790943498.207353,0,0,1,0,-0.12529534848783852,-0.12529534848783852
1790943497.207353,1790943499.207353,0,0,1,0,-0.12529534848783852,-0.12529534848783852
1790943498.207353,1790943500.207353,0,0,1,0,-0.12529534848783852,-0.12529534848783852
1790943499.207353,1790943501.207353,0,0,1,0,-0.12529534848783852,-0.12529534848783852
1790943500.207353,1790943502.207353,0,0,1,0,-0.12529534848783852,-0.12529534848783852
1790943501.207353,1790943503.207353,0,0,1,0,-0.12529534848783852,-0.12529534848783852
1790943502.207353,1790943504.207353,0,0,1,0,-0.12529534848783852,-0.12529534848783852
1790943503.207353,1790943505.207353,0,0,1,0,-0.12529534848783852,-0.12529534848783852
1790943504.207353,1790943506.207353,0,0,1,0,-0.12529534848783852,-0.12529534848783852
1790943505.207353,1790943507.207353,0,0,1,0,-0.12529534848783852,-0.12529534848783852
1790943506.207353,1790943508.207353,0,0,1,0,-0.12529534848783852,-0.12529534848783852
1790943507.207353,1790943509.207353,0,0,1,0,-0.12529534848783852,-0.12529534848783852
1790943508.207353,1790943510.207353,0,0,1,0,-0.12529534848783852,-0.12529534848783852
1790943509.207353,1790943511.207353,0,0,1,0,-0.12529534848783852,-0.12529534848783852
1790943510.207353,1790943512.207353,0,0,1,0,-0.12529534848783852,-0.12529534848783852
1790943511.207353,1790943513.207353,0,0,1,0,-0.12529534848783852,-0.12529534848783852
1790943512.207353,1790943514.207353,0,0,1,0,-0.12529534848783852,-0.12529534848783852
1790943513.207353,1790943515.207353,0,0,1,0,-0.12529534848783852,-0.12529534848783852
1790943514.207353,1790943516.207353,0,0,1,0,-0.12529534848783852,-0.12529534848783852
1790943515.207353,1790943517.207353,0,0,1,0,-0.12529534848783852,-0.12529534848783852
1790943516.207353,1790943518.207353,0,0,1,0,-0.12529534848783852,-0.12529534848783852
1790943517.207353,1790943519.207353,0,0,1,0,-0.12529534848783852,-0.12529534848783852
1790943518.207353,1790943520.207353,0,0,1,0,-0.12529534848783852,-0.12529534848783852
1790943519.207353,1790943521.207353,0,0,1,0,-0.12529534848783852,-0.12529534848783852
1790943520.207353,1790943522.207353,0,0,1,0,-0.12529534848783852,-0.12529534848783852
1790943521.207353,1790943523.207353,0,0,1,0,-0.12529534848783852,-0.12529534848783852
1790943522.207353,1790943524.207353,0,0,1,0,-0.12529534848783852,-0.12529534848783852
1790943523.207353,1790943525.207353,0,0,1,0,-0.12529534848783852,-0.12529534848783852
1790943524.207353,1790943526.207353,0,0,1,0,-0.12529534848783852,-0.12529534848783852
1790943525.207353,1790943527.207353,0,0,1,0,-0.12529534848783852,-0.12529534848783852
1790943526.207353,1790943528.207353,0,0,1,0,-0.12529534848783852,-0.12529534848783852
1790943527.207353,1790943529.207353,0,0,1,0,-0.12529534848783852,-0.12529534848783852
1790943528.207353,1790943530.207353,0,0,1,0,-0.12529534848783852,-0.12529534848783852
1790943529.207353,1790943531.207353,0,0,1,0,-0.12529534848783852,-0.12529534848783852
1790943530.207353,1790943532.207353,0,0,1,0,-0.12529534848783852,-0.12529534848783852
1790943531.207353,1790943533.207353,0,0,1,0,-0.12529534848783852,-0.12529534848783852
1790943532.207353,1790943534.207353,0,0,1,0,-0.12529534848783852,-0.12529534848783852
1790943533.207353,1790943535.207353,0,0,1,0,-0.12529534848783852,-0.12529534848783852
1790943534.207353,1790943536.207353,0,0,1,0,-0.12529534848783852,-0.12529534848783852
1790943535.207353,1790943537.207353,0,0,1,0,-0.12529534848783852,-0.12529534848783852
1790943536.207353,1790943538.207353,0,0,1,0,-0.12529534848783852,-0.12529534848783852
1790943537.207353,1790943539.207353,0,0,1,0,-0.12529534848783852,-0.12529534848783852
1790943538.207353,1790943540.207353,0,0,1,0,-0.12529534848783852,-0.12529534848783852
1790943539.207353,1790943541.207353,0,0,1,0,-0.12529534848783852,-0.12529534848783852
1790943540.207353,1790943542.207353,0,0,1,0,-0.12529534848783852,-0.12529534848783852
1790943541.207353,1790943543.207353,0,0,1,0,-0.12529534848783852,-0.12529534848783852
1790943542.207353,1790943544.207353,0,0,1,0,-0.12529534848783852,-0.12529534848783852
1790943543.207353,1790943545.207353,0,0,1,0,-0.12529534848783852,-0.12529534848783852
1790943544.207353,1790943546.207353,0,0,1,0,-0.12529534848783852,-0.12529534848783852
1790943545.207353,1790943547.207353,0,0,1,0,-0.12529534848783852,-0.12529534848783852
1790943546.207353,1790943548.207353,0,0,1,0,-0.12529534848783852,-0.12529534848783852
1790943547.207353,1790943549.207353,0,0,1,0,-0.12529534848783852,-0.12529534848783852
1790943548.207353,1790943550.207353,0,0,1,0,-0.12529534848783852,-0.12529534848783852
1790943549.207353,1790943551.207353,0,0,1,0,-0.12529534848783852,-0.12529534848783852
1790943550.207353,1790943552.207353,0,0,1,0,-0.12529534848783852,-0.12529534848783852
1790943551.207353,1790943553.207353,0,0,1,0,-0.12529534848783852,-0.12529534848783852
1790943552.207353,1790943554.207353,0,0,1,0,-0.12529534848783852,-0.12529534848783852
1790943553.207353,1790943555.207353,0,0,1,0,-0.12529534848783852,-0.12529534848783852
1790943554.207353,1790943556.207353,0,0,1,0,-0.12529534848783852,-0.12529534848783852
1790943555.207353,1790943557.207353,0,0,1,0,-0.12529534848783852,-0.12529534848783852
1790943556.207353,1790943558.207353,0,0,1,0,-0.12529534848783852,-0.12529534848783852
1790943557.207353,1790943559.207353,0,0,1,0,-0.12529534848783852,-0.12529534848783852
1790943558.207353,1790943560.207353,0,0,1,0,-0.12529534848783852,-0.12529534848783852
1790943559.207353,1790943561.207353,0,0,1,0,-0.12529534848783852,-0.12529534848783852
1790943560.207353,1790943562.207353,0,0,1,0,-0.12529534848783852,-0.12529534848783852
1790943561.207353,1790943563.207353,0,0,1,0,-0.12529534848783852,-0.12529534848783852
1790943562.207353,1790943564.207353,0,0,1,0,-0.12529534848783852,-0.12529534848783852
1790943563.207353,1790943565.207353,0,0,1,0,-0.12529534848783852,-0.12529534848783852
1790943564.207353,1790943566.207353,0,0,1,0,-0.12529534848783852,-0.12529534848783852
1790943565.207353,1790943567.207353,0,0,1,0,-0.12529534848783852,-0.12529534848783852
1790943566.207353,1790943568.207353,0,0,1,0,-0.12529534848783852,-0.12529534848783852
1790943567.207353,1790943569.207353,0,0,1,0,-0.12529534848783852,-0.12529534848783852
1790943568.207353,1790943570.207353,0,0,1,0,-0.12529534848783852,-0.12529534848783852
1790943569.207353,1790943571.207353,0,0,1,0,-0.12529534848783852,-0.12529534848783852
1790943570.207353,1790943572.207353,0,0,1,0,-0.12529534848783852,-0.12529534848783852
1790943571.207353,1790943573.207353,0,0,1,0,-0.12529534848783852,-0.12529534848783852
1790943572.207353,1790943574.207353,0,0,1,0,-0.12529534848783852,-0.12529534848783852
1790943573.207353,1790943575.207353,0,0,1,0,-0.12529534848783852,-0.12529534848783852
1790943574.207353,1790943576.207353,0,0,1,0,-0.12529534848783852,-0.12529534848783852
1790943575.207353,1790943577.207353,0,0,1,0,-0.12529534848783852,-0.12529534848783852
1790943576.207353,1790943578.207353,0,0,1,0,-0.12529534848783852,-0.12529534848783852
1790943577.207353,1790943579.207353,0,0,1,0,-0.12529534848783852,-0.12529534848783852
1790943578.207353,1790943580.207353,0,0,1,0,-0.12529534848783852,-0.12529534848783852
1790943579.207353,1790943581.207353,0,0,1,0,-0.12529534848783852,-0.12529534848783852
1790943580.207353,1790943582.207353,0,0,1,0,-0.12529534848783852,-0.12529534848783852
1790943581.207353,1790943583.207353,0,0,1,0,-0.12529534848783852,-0.12529534848783852
1790943582.207353,1790943584.207353,0,0,1,0,-0.12529534848783852,-0.12529534848783852
1790943583.207353,1790943585.207353,0,0,1,0,-0.12529534848783852,-0.12529534848783852
1790943584.207353,1790943586.207353,0,0,1,0,-0.12529534848783852,-0.12529534848783852
1790943585.207353,1790943587.207353,0,0,1,0,-0.12529534848783852,-0.12529534848783852
1790943586.207353,1790943588.207353,0,0,1,0,-0.12529534848783852,-0.12529534848783852
1790943587.207353,1790943589.207353,0,0,1,0,-0.12529534848783852,-0.12529534848783852
1790943588.207353,1790943590.207353,0,0,1,0,-0.12529534848783852,-0.12529534848783852
1790943589.207353,1790943591.207353,0,0,1,0,-0.12529534848783852,-0.12529534848783852
1790943590.207353,1790943592.207353,0,0,1,0,-0.12529534848783852,-0.12529534848783852
1790943591.207353,1790943593.207353,0,0,1,0,-0.12529534848783852,-0.12529534848783852
1790943592.207353,1790943594.207353,0,0,1,0,-0.12529534848783852,-0.12529534848783852
1790943593.207353,1790943595.207353,0,0,1,0,-0.12529534848783852,-0.12529534848783852
1790943594.207353,1790943596.207353,0,0,1,0,-0.12529534848783852,-0.12529534848783852
1790943595.207353,1790943597.207353,0,0,1,0,-0.12529534848783852,-0.12529534848783852
1790943596.207353,1790943598.207353,0,0,1,0,-0.12529534848783852,-0.12529534848783852
1790943597.207353,1790943599.207353,0,0,1,0,-0.12529534848783852,-0.12529534848783852
1790943598.207353,1790943600.207353,0,0,1,0,-0.12529534848783852,-0.12529534848783852
1790943599.207353,1790943601.207353,0,0,1,0,-0.12529534848783852,-0.12529534848783852
1790943600.207353,1790943602.207353,0,0,1,0,-0.12529534848783852,-0.12529534848783852
1790943601.207353,1790943603.207353,0,0,1,0,-0.12529534848783852,-0.12529534848783852
1790943602.207353,1790943604.207353,0,0,1,0,-0.12529534848783852,-0.12529534848783852
1790943603.207353,1790943605.207353,0,0,1,0,-0.12529534848783852,-0.12529534848783852
1790943604.207353,1790943606.207353,0,0,1,0,-0.12529534848783852,-0.12529534848783852
1790943605.207353,1790943607.207353,0,0,1,0,-0.12529534848783852,-0.12529534848783852
1790943606.207353,1790943608.207353,0,0,1,0,-0.12529534848783852,-0.12529534848783852
1790943607.207353,1790943609.207353,0,0,1,0,-0.12529534848783852,-0.12529534848783852
1790943608.207353,1790943610.207353,0,0,1,0,-0.12529534848783852,-0.12529534848783852
1790943609.207353,1790943611.207353,0,0,1,0,-0.12529534848783852,-0.12529534848783852
1790943610.207353,1790943612.207353,0,0,1,0,-0.12529534848783852,-0.12529534848783852
1790943611.207353,1790943613.207353,0,0,1,0,-0.12529534848783852,-0.12529534848783852
1790943612.207353,1790943614.207353,0,0,1,0,-0.12529534848783852,-0.12529534848783852
1790943613.207353,1790943615.207353,0,0,1,0,-0.12529534848783852,-0.12529534848783852
1790943614.207353,1790943616.207353,0,0,1,0,-0.12529534848783852,-0.12529534848783852
1790943615.207353,1790943617.207353,0,0,1,0,-0.12529534848783852,-0.12529534848783852
1790943616.207353,1790943618.207353,0,0,1,0,-0.12529534848783852,-0.12529534848783852
1790943617.207353,1790943619.207353,0,0,1,0,-0.12529534848783852,-0.12529534848783852
1790943618.207353,1790943620.207353,0,0,1,0,-0.12529534848783852,-0.12529534848783852
1790943619.207353,1790943621.207353,0,0,1,0,-0.12529534848783852,-0.12529534848783852
1790943620.207353,1790943622.207353,0,0,1,0,-0.12529534848783852,-0.12529534848783852
1790943621.207353,1790943623.207353,0,0,1,0,-0.12529534848783852,-0.12529534848783852
1790943622.207353,1790943624.207353,0,0,1,0,-0.12529534848783852,-0.12529534848783852
1790943623.207353,1790943625.207353,0,0,1,0,-0.12529534848783852,-0.12529534848783852
1790943624.207353,1790943626.207353,0,0,1,0,-0.12529534848783852,-0.12529534848783852
1790943625.207353,1790943627.207353,0,0,1,0,-0.12529534848783852,-0.12529534848783852
1790943626.207353,1790943628.207353,0,0,1,0,-0.12529534848783852,-0.12529534848783852
1790943627.207353,1790943629.207353,0,0,1,0,-0.12529534848783852,-0.12529534848783852
1790943628.207353,1790943630.207353,0,0,1,0,-0.12529534848783852,-0.12529534848783852
1790943629.207353,1790943631.207353,0,0,1,0,-0.12529534848783852,-0.12529534848783852
1790943630.207353,1790943632.207353,0,0,1,0,-0.12529534848783852,-0.12529534848783852
1790943631.207353,1790943633.207353,0,0,1,0,-0.12529534848783852,-0.12529534848783852
1790943632.207353,1790943634.207353,0,0,1,0,-0.12529534848783852,-0.12529534848783852
1790943633.207353,1790943635.207353,0,0,1,0,-0.12529534848783852,-0.12529534848783852
1790943634.207353,1790943636.207353,0,0,1,0,-0.12529534848783852,-0.12529534848783852
1790943635.207353,1790943637.207353,0,0,1,0,-0.12529534848783852,-0.12529534848783852
1790943636.207353,1790943638.207353,0,0,1,0,-0.12529534848783852,-0.12529534848783852
1790943637.207353,1790943639.207353,0,0,1,0,-0.12529534848783852,-0.12529534848783852
1790943638.207353,1790943640.207353,0,0,1,0,-0.12529534848783852,-0.12529534848783852
1790943639.207353,1790943641.207353,0,0,1,0,-0.12529534848783852,-0.12529534848783852
1790943640.207353,1790943642.207353,0,0,1,0,-0.12529534848783852,-0.12529534848783852
1790943641.207353,1790943643.207353,0,0,1,0,-0.12529534848783852,-0.12529534848783852
1790943642.207353,1790943644.207353,0,0,1,0,-0.12529534848783852,-0.12529534848783852
1790943643.207353,1790943645.207353,0,0,1,0,-0.12529534848783852,-0.12529534848783852
1790943644.207353,1790943646.207353,0,0,1,0,-0.12529534848783852,-0.12529534848783852
1790943645.207353,1790943647.207353,0,0,1,0,-0.12529534848783852,-0.12529534848783852
1790943646.207353,1790943648.207353,0,0,1,0,-0.12529534848783852,-0.12529534848783852
1790943647.207353,1790943649.207353,0,0,1,0,-0.12529534848783852,-0.12529534848783852
1790943648.207353,1790943650.207353,0,0,1,0,-0.12529534848783852,-0.12529534848783852
1790943649.207353,1790943651.207353,0,0,1,0,-0.12529534848783852,-0.12529534848783852
1790943650.207353,1790943652.207353,0,0,1,0,-0.12529534848783852,-0.12529534848783852
1790943651.207353,1790943653.207353,0,0,1,0,-0.12529534848783852,-0.12529534848783852
1790943652.207353,1790943654.207353,0,0,1,0,-0.12529534848783852,-0.12529534848783852
1790943653.207353,1790943655.207353,0,0,1,0,-0.12529534848783852,-0.12529534848783852
1790943654.207353,1790943656.207353,0,0,1,0,-0.12529534848783852,-0.12529534848783852
1790943655.207353,1790943657.207353,0,0,1,0,-0.12529534848783852,-0.12529534848783852
1790943656.207353,1790943658.207353,0,0,1,0,-0.12529534848783852,-0.12529534848783852
1790943657.207353,1790943659.207353,0,0,1,0,-0.12529534848783852,-0.12529534848783852
1790943658.207353,1790943660.207353,0,0,1,0,-0.12529534848783852,-0.12529534848783852
1790943659.207353,1790943661.207353,0,0,1,0,-0.12529534848783852,-0.12529534848783852
1790943660.207353,1790943662.207353,0,0,1,0,-0.12529534848783852,-0.12529534848783852
1790943661.207353,1790943663.207353,0,0,1,0,-0.12529534848783852,-0.12529534848783852
1790943662.207353,1790943664.207353,0,0,1,0,-0.12529534848783852,-0.12529534848783852
1790943663.207353,1790943665.207353,0,0,1,0,-0.12529534848783852,-0.12529534848783852
1790943664.207353,1790943666.207353,0,0,1,0,-0.12529534848783852,-0.12529534848783852
1790943665.207353,1790943667.207353,0,0,1,0,-0.12529534848783852,-0.12529534848783852
1790943666.207353,1790943668.207353,0,0,1,0,-0.12529534848783852,-0.12529534848783852
1790943667.207353,1790943669.207353,0,0,1,0,-0.12529534848783852,-0.12529534848783852
1790943668.207353,1790943670.207353,0,0,1,0,-0.12529534848783852,-0.12529534848783852
1790943669.207353,1790943671.207353,0,0,1,0,-0.12529534848783852,-0.12529534848783852
1790943670.207353,1790943672.207353,0,0,1,0,-0.12529534848783852,-0.12529534848783852
1790943671.207353,1790943673.207353,0,0,1,0,-0.12529534848783852,-0.12529534848783852
1790943672.207353,1790943674.207353,0,0,1,0,-0.12529534848783852,-0.12529534848783852
1790943673.207353,1790943675.207353,0,0,1,0,-0.12529534848783852,-0.12529534848783852
1790943674.207353,1790943676.207353,0,0,1,0,-0.12529534848783852,-0.12529534848783852
1790943675.207353,1790943677.207353,0,0,1,0,-0.12529534848783852,-0.12529534848783852
1790943676.207353,1790943678.207353,0,0,1,0,-0.12529534848783852,-0.12529534848783852
1790943677.207353,1790943679.207353,0,0,1,0,-0.12529534848783852,-0.12529534848783852
1790943678.207353,1790943680.207353,0,0,1,0,-0.12529534848783852,-0.12529534848783852
1790943679.207353,1790943681.207353,0,0,1,0,-0.12529534848783852,-0.12529534848783852
1790943680.207353,1790943682.207353,0,0,1,0,-0.12529534848783852,-0.12529534848783852
1790943681.207353,1790943683.207353,0,0,1,0,-0.12529534848783852,-0.12529534848783852
1790943682.207353,1790943684.207353,0,0,1,0,-0.12529534848783852,-0.12529534848783852
1790943683.207353,1790943685.207353,0,0,1,0,-0.12529534848783852,-0.12529534848783852
1790943684.207353,1790943686.207353,0,0,1,0,-0.12529534848783852,-0.12529534848783852
1790943685.207353,1790943687.207353,0,0,1,0,-0.12529534848783852,-0.12529534848783852
1790943686.207353,1790943688.207353,0,0,1,0,-0.12529534848783852,-0.12529534848783852
1790943687.207353,1790943689.207353,0,0,1,0,-0.12529534848783852,-0.12529534848783852
1790943688.207353,1790943690.207353,0,0,1,0,-0.12529534848783852,-0.12529534848783852
1790943689.207353,1790943691.207353,0,0,1,0,-0.12529534848783852,-0.12529534848783852
1790943690.207353,1790943692.207353,0,0,1,0,-0.12529534848783852,-0.12529534848783852
1790943691.207353,1790943693.207353,0,0,1,0,-0.12529534848783852,-0.12529534848783852
1790943692.207353,1790943694.207353,0,0,1,0,-0.12529534848783852,-0.12529534848783852
1790943693.207353,1790943695.207353,0,0,1,0,-0.12529534848783852,-0.12529534848783852
1790943694.207353,1790943696.207353,0,0,1,0,-0.12529534848783852,-0.12529534848783852
1790943695.207353,1790943697.207353,0,0,1,0,-0.12529534848783852,-0.12529534848783852
1790943696.207353,1790943698.207353,0,0,1,0,-0.12529534848783852,-0.12529534848783852
1790943697.207353,1790943699.207353,0,0,1,0,-0.12529534848783852,-0.12529534848783852
1790943698.207353,1790943700.207353,0,0,1,0,-0.12529534848783852,-0.12529534848783852
1790943699.207353,1790943701.207353,0,0,1,0,-0.12529534848783852,-0.12529534848783852
1790943700.207353,1790943702.207353,0,0,1,0,-0.12529534848783852,-0.12529534848783852
1790943701.207353,1790943703.207353,0,0,1,0,-0.12529534848783852,-0.12529534848783852
1790943702.207353,1790943704.207353,0,0,1,0,-0.12529534848783852,-0.12529534848783852
1790943703.207353,1790943705.207353,0,0,1,0,-0.12529534848783852,-0.12529534848783852
1790943704.207353,1790943706.207353,0,0,1,0,-0.12529534848783852,-0.12529534848783852
1790943705.207353,1790943707.207353,0,0,1,0,-0.12529534848783852,-0.12529534848783852
1790943706.207353,1790943708.207353,0,0,1,0,-0.12529534848783852,-0.12529534848783852
1790943707.207353,1790943709.207353,0,0,1,0,-0.12529534848783852,-0.12529534848783852
1790943708.207353,1790943710.207353,0,0,1,0,-0.12529534848783852,-0.12529534848783852
1790943709.207353,1790943711.207353,0,0,1,0,-0.12529534848783852,-0.12529534848783852
1790943710.207353,1790943712.207353,0,0,1,0,-0.12529534848783852,-0.12529534848783852
1790943711.207353,1790943713.207353,0,0,1,0,-0.12529534848783852,-0.12529534848783852
1790943712.207353,1790943714.207353,0,0,1,0,-0.12529534848783852,-0.12529534848783852
1790943713.207353,1790943715.207353,0,0,1,0,-0.12529534848783852,-0.12529534848783852
1790943714.207353,1790943716.207353,0,0,1,0,-0.12529534848783852,-0.12529534848783852
1790943715.207353,1790943717.207353,0,0,1,0,-0.12529534848783852,-0.12529534848783852
1790943716.207353,1790943718.207353,0,0,1,0,-0.12529534848783852,-0.12529534848783852
1790943717.207353,1790943719.207353,0,0,1,0,-0.12529534848783852,-0.12529534848783852
1790943718.207353,1790943720.207353,0,0,1,0,-0.12529534848783852,-0.12529534848783852
1790943719.207353,1790943721.207353,0,0,1,0,-0.12529534848783852,-0.12529534848783852
1790943720.207353,1790943722.207353,0,0,1,0,-0.12529534848783852,-0.12529534848783852
1790943721.207353,1790943723.207353,0,0,1,0,-0.12529534848783852,-0.12529534848783852
1790943722.207353,1790943724.207353,0,0,1,0,-0.12529534848783852,-0.12529534848783852
1790943723.207353,1790943725.207353,0,0,1,0,-0.12529534848783852,-0.12529534848783852
1790943724.207353,1790943726.207353,0,0,1,0,-0.12529534848783852,-0.12529534848783852
1790943725.207353,1790943727.207353,0,0,1,0,-0.12529534848783852,-0.12529534848783852
1790943726.207353,1790943728.207353,0,0,1,0,-0.12529534848783852,-0.12529534848783852
1790943727.207353,1790943729.207353,0,0,1,0,-0.12529534848783852,-0.12529534848783852
1790943728.207353,1790943730.207353,0,0,1,0,-0.12529534848783852,-0.12529534848783852
1790943729.207353,1790943731.207353,0,0,1,0,-0.12529534848783852,-0.12529534848783852
1790943730.207353,1790943732.207353,0,0,1,0,-0.12529534848783852,-0.12529534848783852
1790943731.207353,1790943733.207353,0,0,1,0,-0.12529534848783852,-0.12529534848783852
1790943732.207353,1790943734.207353,0,0,1,0,-0.12529534848783852,-0.12529534848783852
1790943733.207353,1790943735.207353,0,0,1,0,-0.12529534848783852,-0.12529534848783852
1790943734.207353,1790943736.207353,0,0,1,0,-0.12529534848783852,-0.12529534848783852
1790943735.207353,1790943737.207353,0,0,1,0,-0.12529534848783852,-0.12529534848783852
1790943736.207353,1790943738.207353,0,0,1,0,-0.12529534848783852,-0.12529534848783852
1790943737.207353,1790943739.207353,0,0,1,0,-0.12529534848783852,-0.12529534848783852
1790943738.207353,1790943740.207353,0,0,1,0,-0.12529534848783852,-0.12529534848783852
1790943739.207353,1790943741.207353,0,0,1,0,-0.12529534848783852,-0.12529534848783852
1790943740.207353,1790943742.207353,0,0,1,0,-0.12529534848783852,-0.12529534848783852
1790943741.207353,1790943743.207353,0,0,1,0,-0.12529534848783852,-0.12529534848783852
1790943742.207353,1790943744.207353,0,0,1,0,-0.12529534848783852,-0.12529534848783852
1790943743.207353,1790943745.207353,0,0,1,0,-0.12529534848783852,-0.12529534848783852
1790943744.207353,1790943746.207353,0,0,1,0,-0.12529534848783852,-0.12529534848783852
1790943745.207353,1790943747.207353,0,0,1,0,-0.12529534848783852,-0.12529534848783852
1790943746.207353,1790943748.207353,0,0,1,0,-0.12529534848783852,-0.12529534848783852
1790943747.207353,1790943749.207353,0,0,1,0,-0.12529534848783852,-0.12529534848783852
1790943748.207353,1790943750.207353,0,0,1,0,-0.12529534848783852,-0.12529534848783852
1790943749.207353,1790943751.207353,0,0,1,0,-0.12529534848783852,-0.12529534848783852
1790943750.207353,1790943752.207353,0,0,1,0,-0.12529534848783852,-0.12529534848783852
1790943751.207353,1790943753.207353,0,0,1,0,-0.12529534848783852,-0.12529534848783852
1790943752.207353,1790943754.207353,0,0,1,0,-0.12529534848783852,-0.12529534848783852
1790943753.207353,1790943755.207353,0,0,1,0,-0.12529534848783852,-0.12529534848783852
1790943754.207353,1790943756.207353,0,0,1,0,-0.12529534848783852,-0.12529534848783852
1790943755.207353,1790943757.207353,0,0,1,0,-0.12529534848783852,-0.12529534848783852
1790943756.207353,1790943758.207353,0,0,1,0,-0.12529534848783852,-0.12529534848783852
1790943757.207353,1790943759.207353,0,0,1,0,-0.12529534848783852,-0.12529534848783852
1790943758.207353,1790943760.207353,0,0,1,0,-0.12529534848783852,-0.12529534848783852
1790943759.207353,1790943761.207353,0,0,1,0,-0.12529534848783852,-0.12529534848783852
1790943760.207353,1790943762.207353,0,0,1,0,-0.12529534848783852,-0.12529534848783852
1790943761.207353,1790943763.207353,0,0,1,0,-0.12529534848783852,-0.12529534848783852
1790943762.207353,1790943764.207353,0,0,1,0,-0.12529534848783852,-0.12529534848783852
1790943763.207353,1790943765.207353,0,0,1,0,-0.12529534848783852,-0.12529534848783852
1790943764.207353,1790943766.207353,0,0,1,0,-0.12529534848783852,-0.12529534848783852
1790943765.207353,1790943767.207353,0,0,1,0,-0.12529534848783852,-0.12529534848783852
1790943766.207353,1790943768.207353,0,0,1,0,-0.12529534848783852,-0.12529534848783852
1790943767.207353,1790943769.207353,0,0,1,0,-0.12529534848783852,-0.12529534848783852
1790943768.207353,1790943770.207353,0,0,1,0,-0.12529534848783852,-0.12529534848783852
1790943769.207353,1790943771.207353,0,0,1,0,-0.12529534848783852,-0.12529534848783852
1790943770.207353,1790943772.207353,0,0,1,0,-0.12529534848783852,-0.12529534848783852
1790943771.207353,1790943773.207353,0,0,1,0,-0.12529534848783852,-0.12529534848783852
1790943772.207353,1790943774.207353,0,0,1,0,-0.12529534848783852,-0.12529534848783852
1790943773.207353,1790943775.207353,0,0,1,0,-0.12529534848783852,-0.12529534848783852
1790943774.207353,1790943776.207353,0,0,1,0,-0.12529534848783852,-0.12529534848783852
1790943775.207353,1790943777.207353,0,0,1,0,-0.12529534848783852,-0.12529534848783852
1790943776.207353,1790943778.207353,0,0,1,0,-0.12529534848783852,-0.12529534848783852
1790943777.207353,1790943779.207353,0,0,1,0,-0.12529534848783852,-0.12529534848783852
1790943778.207353,1790943780.207353,0,0,1,0,-0.12529534848783852,-0.12529534848783852
1790943779.207353,1790943781.207353,0,0,1,0,-0.12529534848783852,-0.12529534848783852
1790943780.207353,1790943782.207353,0,0,1,0,-0.12529534848783852,-0.12529534848783852
1790943781.207353,1790943783.207353,0,0,1,0,-0.12529534848783852,-0.12529534848783852
1790943782.207353,1790943784.207353,0,0,1,0,-0.12529534848783852,-0.12529534848783852
1790943783.207353,1790943785.207353,0,0,1,0,-0.12529534848783852,-0.12529534848783852
1790943784.207353,1790943786.207353,0,0,1,0,-0.12529534848783852,-0.12529534848783852
1790943785.207353,1790943787.207353,0,0,1,0,-0.12529534848783852,-0.12529534848783852
1790943786.207353,1790943788.207353,0,0,1,0,-0.12529534848783852,-0.12529534848783852
1790943787.207353,1790943789.207353,0,0,1,0,-0.12529534848783852,-0.12529534848783852
1790943788.207353,1790943790.207353,0,0,1,0,-0.12529534848783852,-0.12529534848783852
1790943789.207353,1790943791.207353,0,0,1,0,-0.12529534848783852,-0.12529534848783852
1790943790.207353,1790943792.207353,0,0,1,0,-0.12529534848783852,-0.12529534848783852
1790943791.207353,1790943793.207353,0,0,1,0,-0.12529534848783852,-0.12529534848783852
1790943792.207353,1790943794.207353,0,0,1,0,-0.12529534848783852,-0.12529534848783852
1790943793.207353,1790943795.207353,0,0,1,0,-0.12529534848783852,-0.12529534848783852
1790943794.207353,1790943796.207353,0,0,1,0,-0.12529534848783852,-0.12529534848783852
1790943795.207353,1790943797.207353,0,0,1,0,-0.12529534848783852,-0.12529534848783852
1790943796.207353,1790943798.207353,0,0,1,0,-0.12529534848783852,-0.12529534848783852
1790943797.207353,1790943799.207353,0,0,1,0,-0.12529534848783852,-0.12529534848783852
1790943798.207353,1790943800.207353,0,0,1,0,-0.12529534848783852,-0.12529534848783852
1790943799.207353,1790943801.207353,0,0,1,0,-0.12529534848783852,-0.12529534848783852
1790943800.207353,1790943802.207353,0,0,1,0,-0.12529534848783852,-0.12529534848783852
1790943801.207353,1790943803.207353,0,0,1,0,-0.12529534848783852,-0.12529534848783852
1790943802.207353,1790943804.207353,0,0,1,0,-0.12529534848783852,-0.12529534848783852
1790943803.207353,1790943805.207353,0,0,1,0,-0.12529534848783852,-0.12529534848783852
1790943804.207353,1790943806.207353,0,0,1,0,-0.12529534848783852,-0.12529534848783852
1790943805.207353,1790943807.207353,0,0,1,0,-0.12529534848783852,-0.12529534848783852
1790943806.207353,1790943808.207353,0,0,1,0,-0.12529534848783852,-0.12529534848783852
1790943807.207353,1790943809.207353,0,0,1,0,-0.12529534848783852,-0.12529534848783852
1790943808.207353,1790943810.207353,0,0,1,0,-0.12529534848783852,-0.12529534848783852
1790943809.207353,1790943811.207353,0,0,1,0,-0.12529534848783852,-0.12529534848783852
1790943810.207353,1790943812.207353,0,0,1,0,-0.12529534848783852,-0.12529534848783852
1790943811.207353,1790943813.207353,0,0,1,0,-0.12529534848783852,-0.12529534848783852
1790943812.207353,1790943814.207353,0,0,1,0,-0.12529534848783852,-0.12529534848783852
1790943813.207353,1790943815.207353,0,0,1,0,-0.12529534848783852,-0.12529534848783852
1790943814.207353,1790943816.207353,0,0,1,0,-0.12529534848783852,-0.12529534848783852
1790943815.207353,1790943817.207353,0,0,1,0,-0.12529534848783852,-0.12529534848783852
1790943816.207353,1790943818.207353,0,0,1,0,-0.12529534848783852,-0.12529534848783852
1790943817.207353,1790943819.207353,0,0,1,0,-0.12529534848783852,-0.12529534848783852
1790943818.207353,1790943820.207353,0,0,1,0,-0.12529534848783852,-0.12529534848783852
1790943819.207353,1790943821.207353,0,0,1,0,-0.12529534848783852,-0.12529534848783852
1790943820.207353,1790943822.207353,0,0,1,0,-0.12529534848783852,-0.12529534848783852
1790943821.207353,1790943823.207353,0,0,1,0,-0.12529534848783852,-0.12529534848783852
1790943822.207353,1790943824.207353,0,0,1,0,-0.12529534848783852,-0.12529534848783852
1790943823.207353,1790943825.207353,0,0,1,0,-0.12529534848783852,-0.12529534848783852
1790943824.207353,1790943826.207353,0,0,1,0,-0.12529534848783852,-0.12529534848783852
1790943825.207353,1790943827.207353,0,0,1,0,-0.12529534848783852,-0.12529534848783852
1790943826.207353,1790943828.207353,0,0,1,0,-0.12529534848783852,-0.12529534848783852
1790943827.207353,1790943829.207353,0,0,1,0,-0.12529534848783852,-0.12529534848783852
1790943828.207353,1790943830.207353,0,0,1,0,-0.12529534848783852,-0.12529534848783852
1790943829.207353,1790943831.207353,0,0,1,0,-0.12529534848783852,-0.12529534848783852
1790943830.207353,1790943832.207353,0,0,1,0,-0.12529534848783852,-0.12529534848783852
1790943831.207353,1790943833.207353,0,0,1,0,-0.12529534848783852,-0.12529534848783852
1790943832.207353,1790943834.207353,0,0,1,0,-0.12529534848783852,-0.12529534848783852
1790943833.207353,1790943835.207353,0,0,1,0,-0.12529534848783852,-0.12529534848783852
1790943834.207353,1790943836.207353,0,0,1,0,-0.12529534848783852,-0.12529534848783852
1790943835.207353,1790943837.207353,0,0,1,0,-0.12529534848783852,-0.12529534848783852
1790943836.207353,1790943838.207353,0,0,1,0,-0.12529534848783852,-0.12529534848783852
1790943837.207353,1790943839.207353,0,0,1,0,-0.12529534848783852,-0.12529534848783852
1790943838.207353,1790943840.207353,0,0,1,0,-0.12529534848783852,-0.12529534848783852
1790943839.207353,1790943841.207353,0,0,1,0,-0.12529534848783852,-0.12529534848783852
1790943840.207353,1790943842.207353,0,0,1,0,-0.12529534848783852,-0.12529534848783852
1790943841.207353,1790943843.207353,0,0,1,0,-0.12529534848783852,-0.12529534848783852
1790943842.207353,1790943844.207353,0,0,1,0,-0.12529534848783852,-0.12529534848783852
1790943843.207353,1790943845.207353,0,0,1,0,-0.12529534848783852,-0.12529534848783852
1790943844.207353,1790943846.207353,0,0,1,0,-0.12529534848783852,-0.12529534848783852
1790943845.207353,1790943847.207353,0,0,1,0,-0.12529534848783852,-0.12529534848783852
1790943846.207353,1790943848.207353,0,0,1,0,-0.12529534848783852,-0.12529534848783852
1790943847.207353,1790943849.207353,0,0,1,0,-0.12529534848783852,-0.12529534848783852
1790943848.207353,1790943850.207353,0,0,1,0,-0.12529534848783852,-0.12529534848783852
1790943849.207353,1790943851.207353,0,0,1,0,-0.12529534848783852,-0.12529534848783852
1790943850.207353,1790943852.207353,0,0,1,0,-0.12529534848783852,-0.12529534848783852
1790943851.207353,1790943853.207353,0,0,1,0,-0.12529534848783852,-0.12529534848783852
1790943852.207353,1790943854.207353,0,0,1,0,-0.12529534848783852,-0.12529534848783852
1790943853.207353,1790943855.207353,0,0,1,0,-0.12529534848783852,-0.12529534848783852
1790943854.207353,1790943856.207353,0,0,1,0,-0.12529534848783852,-0.12529534848783852
1790943855.207353,1790943857.207353,0,0,1,0,-0.12529534848783852,-0.12529534848783852
1790943856.207353,1790943858.207353,0,0,1,0,-0.12529534848783852,-0.12529534848783852
1790943857.207353,1790943859.207353,0,0,1,0,-0.12529534848783852,-0.12529534848783852
1790943858.207353,1790943860.207353,0,0,1,0,-0.12529534848783852,-0.12529534848783852
1790943859.207353,1790943861.207353,0,0,1,0,-0.12529534848783852,-0.12529534848783852
1790943860.207353,1790943862.207353,0,0,1,0,-0.12529534848783852,-0.12529534848783852
1790943861.207353,1790943863.207353,0,0,1,0,-0.12529534848783852,-0.12529534848783852
1790943862.207353,1790943864.207353,0,0,1,0,-0.12529534848783852,-0.12529534848783852
1790943863.207353,1790943865.207353,0,0,1,0,-0.12529534848783852,-0.12529534848783852
1790943864.207353,1790943866.207353,0,0,1,0,-0.12529534848783852,-0.12529534848783852
1790943865.207353,1790943867.207353,0,0,1,0,-0.12529534848783852,-0.12529534848783852
1790943866.207353,1790943868.207353,0,0,1,0,-0.12529534848783852,-0.12529534848783852
1790943867.207353,1790943869.207353,0,0,1,0,-0.12529534848783852,-0.12529534848783852
1790943868.207353,1790943870.207353,0,0,1,0,-0.12529534848783852,-0.12529534848783852
1790943869.207353,1790943871.207353,0,0,1,0,-0.12529534848783852,-0.12529534848783852
1790943870.207353,1790943872.207353,0,0,1,0,-0.12529534848783852,-0.12529534848783852
1790943871.207353,1790943873.207353,0,0,1,0,-0.12529534848783852,-0.12529534848783852
1790943872.207353,1790943874.207353,0,0,1,0,-0.12529534848783852,-0.12529534848783852
1790943873.207353,1790943875.207353,0,0,1,0,-0.12529534848783852,-0.12529534848783852
1790943874.207353,1790943876.207353,0,0,1,0,-0.12529534848783852,-0.12529534848783852
1790943875.207353,1790943877.207353,0,0,1,0,-0.12529534848783852,-0.12529534848783852
1790943876.207353,1790943878.207353,0,0,1,0,-0.12529534848783852,-0.12529534848783852
1790943877.207353,1790943879.207353,0,0,1,0,-0.12529534848783852,-0.12529534848783852
1790943878.207353,1790943880.207353,0,0,1,0,-0.12529534848783852,-0.12529534848783852
1790943879.207353,1790943881.207353,0,0,1,0,-0.12529534848783852,-0.12529534848783852
1790943880.207353,1790943882.207353,0,0,1,0,-0.12529534848783852,-0.12529534848783852
1790943881.207353,1790943883.207353,0,0,1,0,-0.12529534848783852,-0.12529534848783852
1790943882.207353,1790943884.207353,0,0,1,0,-0.12529534848783852,-0.12529534848783852
1790943883.207353,1790943885.207353,0,0,1,0,-0.12529534848783852,-0.12529534848783852
1790943884.207353,1790943886.207353,0,0,1,0,-0.12529534848783852,-0.12529534848783852
1790943885.207353,1790943887.207353,0,0,1,0,-0.12529534848783852,-0.12529534848783852
1790943886.207353,1790943888.207353,0,0,1,0,-0.12529534848783852,-0.12529534848783852
1790943887.207353,1790943889.207353,0,0,1,0,-0.12529534848783852,-0.12529534848783852
1790943888.207353,1790943890.207353,0,0,1,0,-0.12529534848783852,-0.12529534848783852
1790943889.207353,1790943891.207353,0,0,1,0,-0.12529534848783852,-0.12529534848783852
1790943890.207353,1790943892.207353,0,0,1,0,-0.12529534848783852,-0.12529534848783852
1790943891.207353,1790943893.207353,0,0,1,0,-0.12529534848783852,-0.12529534848783852
1790943892.207353,1790943894.207353,0,0,1,0,-0.12529534848783852,-0.12529534848783852
1790943893.207353,1790943895.207353,0,0,1,0,-0.12529534848783852,-0.12529534848783852
1790943894.207353,1790943896.207353,0,0,1,0,-0.12529534848783852,-0.12529534848783852
1790943895.207353,1790943897.207353,0,0,1,0,-0.12529534848783852,-0.12529534848783852
1790943896.207353,1790943898.207353,0,0,1,0,-0.12529534848783852,-0.12529534848783852
1790943897.207353,1790943899.207353,0,0,1,0,-0.12529534848783852,-0.12529534848783852
1790943898.207353,1790943900.207353,0,0,1,0,-0.12529534848783852,-0.12529534848783852
1790943899.207353,1790943901.207353,0,0,1,0,-0.12529534848783852,-0.12529534848783852
1790943900.207353,1790943902.207353,0,0,1,0,-0.12529534848783852,-0.12529534848783852
1790943901.207353,1790943903.207353,0,0,1,0,-0.12529534848783852,-0.12529534848783852
1790943902.207353,1790943904.207353,0,0,1,0,-0.12529534848783852,-0.12529534848783852
1790943903.207353,1790943905.207353,0,0,1,0,-0.12529534848783852,-0.12529534848783852
1790943904.207353,1790943906.207353,0,0,1,0,-0.12529534848783852,-0.12529534848783852
1790943905.207353,1790943907.207353,0,0,1,0,-0.12529534848783852,-0.12529534848783852
1790943906.207353,1790943908.207353,0,0,1,0,-0.12529534848783852,-0.12529534848783852
1790943907.207353,1790943909.207353,0,0,1,0,-0.12529534848783852,-0.12529534848783852
1790943908.207353,1790943910.207353,0,0,1,0,-0.12529534848783852,-0.12529534848783852
1790943909.207353,1790943911.207353,0,0,1,0,-0.12529534848783852,-0.12529534848783852
1790943910.207353,1790943912.207353,0,0,1,0,-0.12529534848783852,-0.12529534848783852
1790943911.207353,1790943913.207353,0,0,1,0,-0.12529534848783852,-0.12529534848783852
1790943912.207353,1790943914.207353,0,0,1,0,-0.12529534848783852,-0.12529534848783852
1790943913.207353,1790943915.207353,0,0,1,0,-0.12529534848783852,-0.12529534848783852
1790943914.207353,1790943916.207353,0,0,1,0,-0.12529534848783852,-0.12529534848783852
1790943915.207353,1790943917.207353,0,0,1,0,-0.12529534848783852,-0.12529534848783852
1790943916.207353,1790943918.207353,0,0,1,0,-0.12529534848783852,-0.12529534848783852
1790943917.207353,1790943919.207353,0,0,1,0,-0.12529534848783852,-0.12529534848783852
1790943918.207353,1790943920.207353,0,0,1,0,-0.12529534848783852,-0.12529534848783852
1790943919.207353,1790943921.207353,0,0,1,0,-0.12529534848783852,-0.12529534848783852
1790943920.207353,1790943922.207353,0,0,1,0,-0.12529534848783852,-0.12529534848783852
1790943921.207353,1790943923.207353,0,0,1,0,-0.12529534848783852,-0.12529534848783852
1790943922.207353,1790943924.207353,0,0,1,0,-0.12529534848783852,-0.12529534848783852
1790943923.207353,1790943925.207353,0,0,1,0,-0.12529534848783852,-0.12529534848783852
1790943924.207353,1790943926.207353,0,0,1,0,-0.12529534848783852,-0.12529534848783852
1790943925.207353,1790943927.207353,0,0,1,0,-0.12529534848783852,-0.12529534848783852
1790943926.207353,1790943928.207353,0,0,1,0,-0.12529534848783852,-0.12529534848783852
1790943927.207353,1790943929.207353,0,0,1,0,-0.12529534848783852,-0.12529534848783852
1790943928.207353,1790943930.207353,0,0,1,0,-0.12529534848783852,-0.12529534848783852
1790943929.207353,1790943931.207353,0,0,1,0,-0.12529534848783852,-0.12529534848783852
1790943930.207353,1790943932.207353,0,0,1,0,-0.12529534848783852,-0.12529534848783852
1790943931.207353,1790943933.207353,0,0,1,0,-0.12529534848783852,-0.12529534848783852
1790943932.207353,1790943934.207353,0,0,1,0,-0.12529534848783852,-0.12529534848783852
1790943933.207353,1790943935.207353,0,0,1,0,-0.12529534848783852,-0.12529534848783852
1790943934.207353,1790943936.207353,0,0,1,0,-0.12529534848783852,-0.12529534848783852
1790943935.207353,1790943937.207353,0,0,1,0,-0.12529534848783852,-0.12529534848783852
1790943936.207353,1790943938.207353,0,0,1,0,-0.12529534848783852,-0.12529534848783852
1790943937.207353,1790943939.207353,0,0,1,0,-0.12529534848783852,-0.12529534848783852
1790943938.207353,1790943940.207353,0,0,1,0,-0.12529534848783852,-0.12529534848783852
1790943939.207353,1790943941.207353,0,0,1,0,-0.12529534848783852,-0.12529534848783852
1790943940.207353,1790943942.207353,0,0,1,0,-0.12529534848783852,-0.12529534848783852
1790943941.207353,1790943943.207353,0,0,1,0,-0.12529534848783852,-0.12529534848783852
1790943942.207353,1790943944.207353,0,0,1,0,-0.12529534848783852,-0.12529534848783852
1790943943.207353,1790943945.207353,0,0,1,0,-0.12529534848783852,-0.12529534848783852
1790943944.207353,1790943946.207353,0,0,1,0,-0.12529534848783852,-0.12529534848783852
1790943945.207353,1790943947.207353,0,0,1,0,-0.12529534848783852,-0.12529534848783852
1790943946.207353,1790943948.207353,0,0,1,0,-0.12529534848783852,-0.12529534848783852
1790943947.207353,1790943949.207353,0,0,1,0,-0.12529534848783852,-0.12529534848783852
1790943948.207353,1790943950.207353,0,0,1,0,-0.12529534848783852,-0.12529534848783852
1790943949.207353,1790943951.207353,0,0,1,0,-0.12529534848783852,-0.12529534848783852
1790943950.207353,1790943952.207353,0,0,1,0,-0.12529534848783852,-0.12529534848783852
1790943951.207353,1790943953.207353,0,0,1,0,-0.12529534848783852,-0.12529534848783852
1790943952.207353,1790943954.207353,0,0,1,0,-0.12529534848783852,-0.12529534848783852
1790943953.207353,1790943955.207353,0,0,1,0,-0.12529534848783852,-0.12529534848783852
1790943954.207353,1790943956.207353,0,0,1,0,-0.12529534848783852,-0.12529534848783852
1790943955.207353,1790943957.207353,0,0,1,0,-0.12529534848783852,-0.12529534848783852
1790943956.207353,1790943958.207353,0,0,1,0,-0.12529534848783852,-0.12529534848783852
1790943957.207353,1790943959.207353,0,0,1,0,-0.12529534848783852,-0.12529534848783852
1790943958.207353,1790943960.207353,0,0,1,0,-0.12529534848783852,-0.12529534848783852
1790943959.207353,1790943961.207353,0,0,1,0,-0.12529534848783852,-0.12529534848783852
1790943960.207353,1790943962.207353,0,0,1,0,-0.12529534848783852,-0.12529534848783852
1790943961.207353,1790943963.207353,0,0,1,0,-0.12529534848783852,-0.12529534848783852
1790943962.207353,1790943964.207353,0,0,1,0,-0.12529534848783852,-0.12529534848783852
1790943963.207353,1790943965.207353,0,0,1,0,-0.12529534848783852,-0.12529534848783852
1790943964.207353,1790943966.207353,0,0,1,0,-0.12529534848783852,-0.12529534848783852
1790943965.207353,1790943967.207353,0,0,1,0,-0.12529534848783852,-0.12529534848783852
1790943966.207353,1790943968.207353,0,0,1,0,-0.12529534848783852,-0.12529534848783852
1790943967.207353,1790943969.207353,0,0,1,0,-0.12529534848783852,-0.12529534848783852
1790943968.207353,1790943970.207353,0,0,1,0,-0.12529534848783852,-0.12529534848783852
1790943969.207353,1790943971.207353,0,0,1,0,-0.12529534848783852,-0.12529534848783852
1790943970.207353,1790943972.207353,0,0,1,0,-0.12529534848783852,-0.12529534848783852
1790943971.207353,1790943973.207353,0,0,1,0,-0.12529534848783852,-0.12529534848783852
1790943972.207353,1790943974.207353,0,0,1,0,-0.12529534848783852,-0.12529534848783852
1790943973.207353,1790943975.207353,0,0,1,0,-0.12529534848783852,-0.12529534848783852
1790943974.207353,1790943976.207353,0,0,1,0,-0.12529534848783852,-0.12529534848783852
1790943975.207353,1790943977.207353,0,0,1,0,-0.12529534848783852,-0.12529534848783852
1790943976.207353,1790943978.207353,0,0,1,0,-0.12529534848783852,-0.12529534848783852
1790943977.207353,1790943979.207353,0,0,1,0,-0.12529534848783852,-0.12529534848783852
1790943978.207353,1790943980.207353,0,0,1,0,-0.12529534848783852,-0.12529534848783852
1790943979.207353,1790943981.207353,0,0,1,0,-0.12529534848783852,-0.12529534848783852
1790943980.207353,1790943982.207353,0,0,1,0,-0.12529534848783852,-0.12529534848783852
1790943981.207353,1790943983.207353,0,0,1,0,-0.12529534848783852,-0.12529534848783852
1790943982.207353,1790943984.207353,0,0,1,0,-0.12529534848783852,-0.12529534848783852
1790943983.207353,1790943985.207353,0,0,1,0,-0.12529534848783852,-0.12529534848783852
1790943984.207353,1790943986.207353,0,0,1,0,-0.12529534848783852,-0.12529534848783852
1790943985.207353,1790943987.207353,0,0,1,0,-0.12529534848783852,-0.12529534848783852
1790943986.207353,1790943988.207353,0,0,1,0,-0.12529534848783852,-0.12529534848783852
1790943987.207353,1790943989.207353,0,0,1,0,-0.12529534848783852,-0.12529534848783852
1790943988.207353,1790943990.207353,0,0,1,0,-0.12529534848783852,-0.12529534848783852
1790943989.207353,1790943991.207353,0,0,1,0,-0.12529534848783852,-0.12529534848783852
1790943990.207353,1790943992.207353,0,0,1,0,-0.12529534848783852,-0.12529534848783852
1790943991.207353,1790943993.207353,0,0,1,0,-0.12529534848783852,-0.12529534848783852
1790943992.207353,1790943994.207353,0,0,1,0,-0.12529534848783852,-0.12529534848783852
1790943993.207353,1790943995.207353,0,0,1,0,-0.12529534848783852,-0.12529534848783852
1790943994.207353,1790943996.207353,0,0,1,0,-0.12529534848783852,-0.12529534848783852
1790943995.207353,1790943997.207353,0,0,1,0,-0.12529534848783852,-0.12529534848783852
1790943996.207353,1790943998.207353,0,0,1,0,-0.12529534848783852,-0.12529534848783852
1790943997.207353,1790943999.207353,0,0,1,0,-0.12529534848783852,-0.12529534848783852
1790943998.207353,1790944000.207353,0,0,1,0,-0.12529534848783852,-0.12529534848783852
1790943999.207353,1790944001.207353,0,0,1,0,-0.12529534848783852,-0.12529534848783852
1790944000.207353,1790944002.207353,0,0,1,0,-0.12529534848783852,-0.12529534848783852
1790944001.207353,1790944003.207353,0,0,1,0,-0.12529534848783852,-0.12529534848783852
1790944002.207353,1790944004.207353,0,0,1,0,-0.12529534848783852,-0.12529534848783852
1790944003.207353,1790944005.207353,0,0,1,0,-0.12529534848783852,-0.12529534848783852
1790944004.207353,1790944006.207353,0,0,1,0,-0.12529534848783852,-0.12529534848783852
1790944005.207353,1790944007.207353,0,0,1,0,-0.12529534848783852,-0.12529534848783852
1790944006.207353,1790944008.207353,0,0,1,0,-0.12529534848783852,-0.12529534848783852
1790944007.207353,1790944009.207353,0,0,1,0,-0.12529534848783852,-0.12529534848783852
1790944008.207353,1790944010.207353,0,0,1,0,-0.12529534848783852,-0.12529534848783852
1790944009.207353,1790944011.207353,0,0,1,0,-0.12529534848783852,-0.12529534848783852
1790944010.207353,1790944012.207353,0,0,1,0,-0.12529534848783852,-0.12529534848783852
1790944011.207353,1790944013.207353,0,0,1,0,-0.12529534848783852,-0.12529534848783852
1790944012.207353,1790944014.207353,0,0,1,0,-0.12529534848783852,-0.12529534848783852
1790944013.207353,1790944015.207353,0,0,1,0,-0.12529534848783852,-0.12529534848783852
1790944014.207353,1790944016.207353,0,0,1,0,-0.12529534848783852,-0.12529534848783852
1790944015.207353,1790944017.207353,0,0,1,0,-0.12529534848783852,-0.12529534848783852
1790944016.207353,1790944018.207353,0,0,1,0,-0.12529534848783852,-0.12529534848783852
1790944017.207353,1790944019.207353,0,0,1,0,-0.12529534848783852,-0.12529534848783852
1790944018.207353,1790944020.207353,0,0,1,0,-0.12529534848783852,-0.12529534848783852
1790944019.207353,1790944021.207353,0,0,1,0,-0.12529534848783852,-0.12529534848783852
1790944020.207353,1790944022.207353,0,0,1,0,-0.12529534848783852,-0.12529534848783852
1790944021.207353,1790944023.207353,0,0,1,0,-0.12529534848783852,-0.12529534848783852
1790944022.207353,1790944024.207353,0,0,1,0,-0.12529534848783852,-0.12529534848783852
1790944023.207353,1790944025.207353,0,0,1,0,-0.12529534848783852,-0.12529534848783852
1790944024.207353,1790944026.207353,0,0,1,0,-0.12529534848783852,-0.12529534848783852
1790944025.207353,1790944027.207353,0,0,1,0,-0.12529534848783852,-0.12529534848783852
1790944026.207353,1790944028.207353,0,0,1,0,-0.12529534848783852,-0.12529534848783852
1790944027.207353,1790944029.207353,0,0,1,0,-0.12529534848783852,-0.12529534848783852
1790944028.207353,1790944030.207353,0,0,1,0,-0.12529534848783852,-0.12529534848783852
1790944029.207353,1790944031.207353,0,0,1,0,-0.12529534848783852,-0.12529534848783852
1790944030.207353,1790944032.207353,0,0,1,0,-0.12529534848783852,-0.12529534848783852
1790944031.207353,1790944033.207353,0,0,1,0,-0.12529534848783852,-0.12529534848783852
1790944032.207353,1790944034.207353,0,0,1,0,-0.12529534848783852,-0.12529534848783852
1790944033.207353,1790944035.207353,0,0,1,0,-0.12529534848783852,-0.12529534848783852
1790944034.207353,1790944036.207353,0,0,1,0,-0.12529534848783852,-0.12529534848783852
1790944035.207353,1790944037.207353,0,0,1,0,-0.12529534848783852,-0.12529534848783852
1790944036.207353,1790944038.207353,0,0,1,0,-0.12529534848783852,-0.12529534848783852
1790944037.207353,1790944039.207353,0,0,1,0,-0.12529534848783852,-0.12529534848783852
1790944038.207353,1790944040.207353,0,0,1,0,-0.12529534848783852,-0.12529534848783852
1790944039.207353,1790944041.207353,0,0,1,0,-0.12529534848783852,-0.12529534848783852
1790944040.207353,1790944042.207353,0,0,1,0,-0.12529534848783852,-0.12529534848783852
1790944041.207353,1790944043.207353,0,0,1,0,-0.12529534848783852,-0.12529534848783852
1790944042.207353,1790944044.207353,0,0,1,0,-0.12529534848783852,-0.12529534848783852
1790944043.207353,1790944045.207353,0,0,1,0,-0.12529534848783852,-0.12529534848783852
1790944044.207353,1790944046.207353,0,0,1,0,-0.12529534848783852,-0.12529534848783852
1790944045.207353,1790944047.207353,0,0,1,0,-0.12529534848783852,-0.12529534848783852
1790944046.207353,1790944048.207353,0,0,1,0,-0.12529534848783852,-0.12529534848783852
1790944047.207353,1790944049.207353,0,0,1,0,-0.12529534848783852,-0.12529534848783852
1790944048.207353,1790944050.207353,0,0,1,0,-0.12529534848783852,-0.12529534848783852
1790944049.207353,1790944051.207353,0,0,1,0,-0.12529534848783852,-0.12529534848783852
1790944050.207353,1790944052.207353,0,0,1,0,-0.12529534848783852,-0.12529534848783852
1790944051.207353,1790944053.207353,0,0,1,0,-0.12529534848783852,-0.12529534848783852
1790944052.207353,1790944054.207353,0,0,1,0,-0.12529534848783852,-0.12529534848783852
1790944053.207353,1790944055.207353,0,0,1,0,-0.12529534848783852,-0.12529534848783852
1790944054.207353,1790944056.207353,0,0,1,0,-0.12529534848783852,-0.12529534848783852
1790944055.207353,1790944057.207353,0,0,1,0,-0.12529534848783852,-0.12529534848783852
1790944056.207353,1790944058.207353,0,0,1,0,-0.12529534848783852,-0.12529534848783852
1790944057.207353,1790944059.207353,0,0,1,0,-0.12529534848783852,-0.12529534848783852
1790944058.207353,1790944060.207353,0,0,1,0,-0.12529534848783852,-0.12529534848783852
1790944059.207353,1790944061.207353,0,0,1,0,-0.12529534848783852,-0.12529534848783852
1790944060.207353,1790944062.207353,0,0,1,0,-0.12529534848783852,-0.12529534848783852
1790944061.207353,1790944063.207353,0,0,1,0,-0.12529534848783852,-0.12529534848783852
1790944062.207353,1790944064.207353,0,0,1,0,-0.12529534848783852,-0.12529534848783852
1790944063.207353,1790944065.207353,0,0,1,0,-0.12529534848783852,-0.12529534848783852
1790944064.207353,1790944066.207353,0,0,1,0,-0.12529534848783852,-0.12529534848783852
1790944065.207353,1790944067.207353,0,0,1,0,-0.12529534848783852,-0.12529534848783852
1790944066.207353,1790944068.207353,0,0,1,0,-0.12529534848783852,-0.12529534848783852
1790944067.207353,1790944069.207353,0,0,1,0,-0.12529534848783852,-0.12529534848783852
1790944068.207353,1790944070.207353,0,0,1,0,-0.12529534848783852,-0.12529534848783852
1790944069.207353,1790944071.207353,0,0,1,0,-0.12529534848783852,-0.12529534848783852
1790944070.207353,1790944072.207353,0,0,1,0,-0.12529534848783852,-0.12529534848783852
1790944071.207353,1790944073.207353,0,0,1,0,-0.12529534848783852,-0.12529534848783852
1790944072.207353,1790944074.207353,0,0,1,0,-0.12529534848783852,-0.12529534848783852
1790944073.207353,1790944075.207353,0,0,1,0,-0.12529534848783852,-0.12529534848783852
1790944074.207353,1790944076.207353,0,0,1,0,-0.12529534848783852,-0.12529534848783852
1790944075.207353,1790944077.207353,0,0,1,0,-0.12529534848783852,-0.12529534848783852
1790944076.207353,1790944078.207353,0,0,1,0,-0.12529534848783852,-0.12529534848783852
1790944077.207353,1790944079.207353,0,0,1,0,-0.12529534848783852,-0.12529534848783852
1790944078.207353,1790944080.207353,0,0,1,0,-0.12529534848783852,-0.12529534848783852
1790944079.207353,1790944081.207353,0,0,1,0,-0.12529534848783852,-0.12529534848783852
1790944080.207353,1790944082.207353,0,0,1,0,-0.12529534848783852,-0.12529534848783852
1790944081.207353,1790944083.207353,0,0,1,0,-0.12529534848783852,-0.12529534848783852
1790944082.207353,1790944084.207353,0,0,1,0,-0.12529534848783852,-0.12529534848783852
1790944083.207353,1790944085.207353,0,0,1,0,-0.12529534848783852,-0.12529534848783852
1790944084.207353,1790944086.207353,0,0,1,0,-0.12529534848783852,-0.12529534848783852
1790944085.207353,1790944087.207353,0,0,1,0,-0.12529534848783852,-0.12529534848783852
1790944086.207353,1790944088.207353,0,0,1,0,-0.12529534848783852,-0.12529534848783852
1790944087.207353,1790944089.207353,0,0,1,0,-0.12529534848783852,-0.12529534848783852
1790944088.207353,1790944090.207353,0,0,1,0,-0.12529534848783852,-0.12529534848783852
1790944089.207353,1790944091.207353,0,0,1,0,-0.12529534848783852,-0.12529534848783852
1790944090.207353,1790944092.207353,0,0,1,0,-0.12529534848783852,-0.12529534848783852
1790944091.207353,1790944093.207353,0,0,1,0,-0.12529534848783852,-0.12529534848783852
1790944092.207353,1790944094.207353,0,0,1,0,-0.12529534848783852,-0.12529534848783852
1790944093.207353,1790944095.207353,0,0,1,0,-0.12529534848783852,-0.12529534848783852
1790944094.207353,1790944096.207353,0,0,1,0,-0.12529534848783852,-0.12529534848783852
1790944095.207353,1790944097.207353,0,0,1,0,-0.12529534848783852,-0.12529534848783852
1790944096.207353,1790944098.207353,0,0,1,0,-0.12529534848783852,-0.12529534848783852
1790944097.207353,1790944099.207353,0,0,1,0,-0.12529534848783852,-0.12529534848783852
1790944098.207353,1790944100.207353,0,0,1,0,-0.12529534848783852,-0.12529534848783852
1790944099.207353,1790944101.207353,0,0,1,0,-0.12529534848783852,-0.12529534848783852
1790944100.207353,1790944102.207353,0,0,1,0,-0.12529534848783852,-0.12529534848783852
1790944101.207353,1790944103.207353,0,0,1,0,-0.12529534848783852,-0.12529534848783852
1790944102.207353,1790944104.207353,0,0,1,0,-0.12529534848783852,-0.12529534848783852
1790944103.207353,1790944105.207353,0,0,1,0,-0.12529534848783852,-0.12529534848783852
1790944104.207353,1790944106.207353,0,0,1,0,-0.12529534848783852,-0.12529534848783852
1790944105.207353,1790944107.207353,0,0,1,0,-0.12529534848783852,-0.12529534848783852
1790944106.207353,1790944108.207353,0,0,1,0,-0.12529534848783852,-0.12529534848783852
1790944107.207353,1790944109.207353,0,0,1,0,-0.12529534848783852,-0.12529534848783852
1790944108.207353,1790944110.207353,0,0,1,0,-0.12529534848783852,-0.12529534848783852
1790944109.207353,1790944111.207353,0,0,1,0,-0.12529534848783852,-0.12529534848783852
1790944110.207353,1790944112.207353,0,0,1,0,-0.12529534848783852,-0.12529534848783852
1790944111.207353,1790944113.207353,0,0,1,0,-0.12529534848783852,-0.12529534848783852
1790944112.207353,1790944114.207353,0,0,1,0,-0.12529534848783852,-0.12529534848783852
1790944113.207353,1790944115.207353,0,0,1,0,-0.12529534848783852,-0.12529534848783852
1790944114.207353,1790944116.207353,0,0,1,0,-0.12529534848783852,-0.12529534848783852
1790944115.207353,1790944117.207353,0,0,1,0,-0.12529534848783852,-0.12529534848783852
1790944116.207353,1790944118.207353,0,0,1,0,-0.12529534848783852,-0.12529534848783852
1790944117.207353,1790944119.207353,0,0,1,0,-0.12529534848783852,-0.12529534848783852
1790944118.207353,1790944120.207353,0,0,1,0,-0.12529534848783852,-0.12529534848783852
1790944119.207353,1790944121.207353,0,0,1,0,-0.12529534848783852,-0.12529534848783852
1790944120.207353,1790944122.207353,0,0,1,0,-0.12529534848783852,-0.12529534848783852
1790944121.207353,1790944123.207353,0,0,1,0,-0.12529534848783852,-0.12529534848783852
1790944122.207353,1790944124.207353,0,0,1,0,-0.12529534848783852,-0.12529534848783852
1790944123.207353,1790944125.207353,0,0,1,0,-0.12529534848783852,-0.12529534848783852
1790944124.207353,1790944126.207353,0,0,1,0,-0.12529534848783852,-0.12529534848783852
1790944125.207353,1790944127.207353,0,0,1,0,-0.12529534848783852,-0.12529534848783852
1790944126.207353,1790944128.207353,0,0,1,0,-0.12529534848783852,-0.12529534848783852
1790944127.207353,1790944129.207353,0,0,1,0,-0.12529534848783852,-0.12529534848783852
1790944128.207353,1790944130.207353,0,0,1,0,-0.12529534848783852,-0.12529534848783852
1790944129.207353,1790944131.207353,0,0,1,0,-0.12529534848783852,-0.12529534848783852
1790944130.207353,1790944132.207353,0,0,1,0,-0.12529534848783852,-0.12529534848783852
1790944131.207353,1790944133.207353,0,0,1,0,-0.12529534848783852,-0.12529534848783852
1790944132.207353,1790944134.207353,0,0,1,0,-0.12529534848783852,-0.12529534848783852
1790944133.207353,1790944135.207353,0,0,1,0,-0.12529534848783852,-0.12529534848783852
1790944134.207353,1790944136.207353,0,0,1,0,-0.12529534848783852,-0.12529534848783852
1790944135.207353,1790944137.207353,0,0,1,0,-0.12529534848783852,-0.12529534848783852
1790944136.207353,1790944138.207353,0,0,1,0,-0.12529534848783852,-0.12529534848783852
1790944137.207353,1790944139.207353,0,0,1,0,-0.12529534848783852,-0.12529534848783852
1790944138.207353,1790944140.207353,0,0,1,0,-0.12529534848783852,-0.12529534848783852
1790944139.207353,1790944141.207353,0,0,1,0,-0.12529534848783852,-0.12529534848783852
1790944140.207353,1790944142.207353,0,0,1,0,-0.12529534848783852,-0.12529534848783852
1790944141.207353,1790944143.207353,0,0,1,0,-0.12529534848783852,-0.12529534848783852
1790944142.207353,1790944144.207353,0,0,1,0,-0.12529534848783852,-0.12529534848783852
1790944143.207353,1790944145.207353,0,0,1,0,-0.12529534848783852,-0.12529534848783852
1790944144.207353,1790944146.207353,0,0,1,0,-0.12529534848783852,-0.12529534848783852
1790944145.207353,1790944147.207353,0,0,1,0,-0.12529534848783852,-0.12529534848783852
1790944146.207353,1790944148.207353,0,0,1,0,-0.12529534848783852,-0.12529534848783852
1790944147.207353,1790944149.207353,0,0,1,0,-0.12529534848783852,-0.12529534848783852
1790944148.207353,1790944150.207353,0,0,1,0,-0.12529534848783852,-0.12529534848783852
1790944149.207353,1790944151.207353,0,0,1,0,-0.12529534848783852,-0.12529534848783852
1790944150.207353,1790944152.207353,0,0,1,0,-0.12529534848783852,-0.12529534848783852
1790944151.207353,1790944153.207353,0,0,1,0,-0.12529534848783852,-0.12529534848783852
1790944152.207353,1790944154.207353,0,0,1,0,-0.12529534848783852,-0.12529534848783852
1790944153.207353,1790944155.207353,0,0,1,0,-0.12529534848783852,-0.12529534848783852
1790944154.207353,1790944156.207353,0,0,1,0,-0.12529534848783852,-0.12529534848783852
1790944155.207353,1790944157.207353,0,0,1,0,-0.12529534848783852,-0.12529534848783852
1790944156.207353,1790944158.207353,0,0,1,0,-0.12529534848783852,-0.12529534848783852
1790944157.207353,1790944159.207353,0,0,1,0,-0.12529534848783852,-0.12529534848783852
1790944158.207353,1790944160.207353,0,0,1,0,-0.12529534848783852,-0.12529534848783852
1790944159.207353,1790944161.207353,0,0,1,0,-0.12529534848783852,-0.12529534848783852
1790944160.207353,1790944162.207353,0,0,1,0,-0.12529534848783852,-0.12529534848783852
1790944161.207353,1790944163.207353,0,0,1,0,-0.12529534848783852,-0.12529534848783852
1790944162.207353,1790944164.207353,0,0,1,0,-0.12529534848783852,-0.12529534848783852
1790944163.207353,1790944165.207353,0,0,1,0,-0.12529534848783852,-0.12529534848783852
1790944164.207353,1790944166.207353,0,0,1,0,-0.12529534848783852,-0.12529534848783852
1790944165.207353,1790944167.207353,0,0,1,0,-0.12529534848783852,-0.12529534848783852
1790944166.207353,1790944168.207353,0,0,1,0,-0.12529534848783852,-0.12529534848783852
1790944167.207353,1790944169.207353,0,0,1,0,-0.12529534848783852,-0.12529534848783852
1790944168.207353,1790944170.207353,0,0,1,0,-0.12529534848783852,-0.12529534848783852
1790944169.207353,1790944171.207353,0,0,1,0,-0.12529534848783852,-0.12529534848783852
1790944170.207353,1790944172.207353,0,0,1,0,-0.12529534848783852,-0.12529534848783852
1790944171.207353,1790944173.207353,0,0,1,0,-0.12529534848783852,-0.12529534848783852
1790944172.207353,1790944174.207353,0,0,1,0,-0.12529534848783852,-0.12529534848783852
1790944173.207353,1790944175.207353,0,0,1,0,-0.12529534848783852,-0.12529534848783852
1790944174.207353,1790944176.207353,0,0,1,0,-0.12529534848783852,-0.12529534848783852
1790944175.207353,1790944177.207353,0,0,1,0,-0.12529534848783852,-0.12529534848783852
1790944176.207353,1790944178.207353,0,0,1,0,-0.12529534848783852,-0.12529534848783852
1790944177.207353,1790944179.207353,0,0,1,0,-0.12529534848783852,-0.12529534848783852
1790944178.207353,1790944180.207353,0,0,1,0,-0.12529534848783852,-0.12529534848783852
1790944179.207353,1790944181.207353,0,0,1,0,-0.12529534848783852,-0.12529534848783852
1790944180.207353,1790944182.207353,0,0,1,0,-0.12529534848783852,-0.12529534848783852
1790944181.207353,1790944183.207353,0,0,1,0,-0.12529534848783852,-0.12529534848783852
1790944182.207353,1790944184.207353,0,0,1,0,-0.12529534848783852,-0.12529534848783852
1790944183.207353,1790944185.207353,0,0,1,0,-0.12529534848783852,-0.12529534848783852
1790944184.207353,1790944186.207353,0,0,1,0,-0.12529534848783852,-0.12529534848783852
1790944185.207353,1790944187.207353,0,0,1,0,-0.12529534848783852,-0.12529534848783852
1790944186.207353,1790944188.207353,0,0,1,0,-0.12529534848783852,-0.12529534848783852
1790944187.207353,1790944189.207353,0,0,1,0,-0.12529534848783852,-0.12529534848783852
1790944188.207353,1790944190.207353,0,0,1,0,-0.12529534848783852,-0.12529534848783852
1790944189.207353,1790944191.207353,0,0,1,0,-0.12529534848783852,-0.12529534848783852
1790944190.207353,1790944192.207353,0,0,1,0,-0.12529534848783852,-0.12529534848783852
1790944191.207353,1790944193.207353,0,0,1,0,-0.12529534848783852,-0.12529534848783852
1790944192.207353,1790944194.207353,0,0,1,0,-0.12529534848783852,-0.12529534848783852
1790944193.207353,1790944195.207353,0,0,1,0,-0.12529534848783852,-0.12529534848783852
1790944194.207353,1790944196.207353,0,0,1,0,-0.12529534848783852,-0.12529534848783852
1790944195.207353,1790944197.207353,0,0,1,0,-0.12529534848783852,-0.12529534848783852
1790944196.207353,1790944198.207353,0,0,1,0,-0.12529534848783852,-0.12529534848783852
1790944197.207353,1790944199.207353,0,0,1,0,-0.12529534848783852,-0.12529534848783852
1790944198.207353,1790944200.207353,0,0,1,0,-0.12529534848783852,-0.12529534848783852
1790944199.207353,1790944201.207353,0,0,1,0,-0.12529534848783852,-0.12529534848783852
1790944200.207353,1790944202.207353,0,0,1,0,-0.12529534848783852,-0.12529534848783852
1790944201.207353,1790944203.207353,0,0,1,0,-0.12529534848783852,-0.12529534848783852
1790944202.207353,1790944204.207353,0,0,1,0,-0.12529534848783852,-0.12529534848783852
1790944203.207353,1790944205.207353,0,0,1,0,-0.12529534848783852,-0.12529534848783852
1790944204.207353,1790944206.207353,0,0,1,0,-0.12529534848783852,-0.12529534848783852
1790944205.207353,1790944207.207353,0,0,1,0,-0.12529534848783852,-0.12529534848783852
1790944206.207353,1790944208.207353,0,0,1,0,-0.12529534848783852,-0.12529534848783852
1790944207.207353,1790944209.207353,0,0,1,0,-0.12529534848783852,-0.12529534848783852
1790944208.207353,1790944210.207353,0,0,1,0,-0.12529534848783852,-0.12529534848783852
1790944209.207353,1790944211.207353,0,0,1,0,-0.12529534848783852,-0.12529534848783852
1790944210.207353,1790944212.207353,0,0,1,0,-0.12529534848783852,-0.12529534848783852
1790944211.207353,1790944213.207353,0,0,1,0,-0.12529534848783852,-0.12529534848783852
1790944212.207353,1790944214.207353,0,0,1,0,-0.12529534848783852,-0.12529534848783852
1790944213.207353,1790944215.207353,0,0,1,0,-0.12529534848783852,-0.12529534848783852
1790944214.207353,1790944216.207353,0,0,1,0,-0.12529534848783852,-0.12529534848783852
1790944215.207353,1790944217.207353,0,0,1,0,-0.12529534848783852,-0.12529534848783852
1790944216.207353,1790944218.207353,0,0,1,0,-0.12529534848783852,-0.12529534848783852
1790944217.207353,1790944219.207353,0,0,1,0,-0.12529534848783852,-0.12529534848783852
1790944218.207353,1790944220.207353,0,0,1,0,-0.12529534848783852,-0.12529534848783852
1790944219.207353,1790944221.207353,0,0,1,0,-0.12529534848783852,-0.12529534848783852
1790944220.207353,1790944222.207353,0,0,1,0,-0.12529534848783852,-0.12529534848783852
1790944221.207353,1790944223.207353,0,0,1,0,-0.12529534848783852,-0.12529534848783852
1790944222.207353,1790944224.207353,0,0,1,0,-0.12529534848783852,-0.12529534848783852
1790944223.207353,1790944225.207353,0,0,1,0,-0.12529534848783852,-0.12529534848783852
1790944224.207353,1790944226.207353,0,0,1,0,-0.12529534848783852,-0.12529534848783852
1790944225.207353,1790944227.207353,0,0,1,0,-0.12529534848783852,-0.12529534848783852
1790944226.207353,1790944228.207353,0,0,1,0,-0.12529534848783852,-0.12529534848783852
1790944227.207353,1790944229.207353,0,0,1,0,-0.12529534848783852,-0.12529534848783852
1790944228.207353,1790944230.207353,0,0,1,0,-0.12529534848783852,-0.12529534848783852
1790944229.207353,1790944231.207353,0,0,1,0,-0.12529534848783852,-0.12529534848783852
1790944230.207353,1790944232.207353,0,0,1,0,-0.12529534848783852,-0.12529534848783852
1790944231.207353,1790944233.207353,0,0,1,0,-0.12529534848783852,-0.12529534848783852
1790944232.207353,1790944234.207353,0,0,1,0,-0.12529534848783852,-0.12529534848783852
1790944233.207353,1790944235.207353,0,0,1,0,-0.12529534848783852,-0.12529534848783852
1790944234.207353,1790944236.207353,0,0,1,0,-0.12529534848783852,-0.12529534848783852
1790944235.207353,1790944237.207353,0,0,1,0,-0.12529534848783852,-0.12529534848783852
1790944236.207353,1790944238.207353,0,0,1,0,-0.12529534848783852,-0.12529534848783852
1790944237.207353,1790944239.207353,0,0,1,0,-0.12529534848783852,-0.12529534848783852
1790944238.207353,1790944240.207353,0,0,1,0,-0.12529534848783852,-0.12529534848783852
1790944239.207353,1790944241.207353,0,0,1,0,-0.12529534848783852,-0.12529534848783852
1790944240.207353,1790944242.207353,0,0,1,0,-0.12529534848783852,-0.12529534848783852
1790944241.207353,1790944243.207353,0,0,1,0,-0.12529534848783852,-0.12529534848783852
1790944242.207353,1790944244.207353,0,0,1,0,-0.12529534848783852,-0.12529534848783852
1790944243.207353,1790944245.207353,0,0,1,0,-0.12529534848783852,-0.12529534848783852
1790944244.207353,1790944246.207353,0,0,1,0,-0.12529534848783852,-0.12529534848783852
1790944245.207353,1790944247.207353,0,0,1,0,-0.12529534848783852,-0.12529534848783852
1790944246.207353,1790944248.207353,0,0,1,0,-0.12529534848783852,-0.12529534848783852
1790944247.207353,1790944249.207353,0,0,1,0,-0.12529534848783852,-0.12529534848783852
1790944248.207353,1790944250.207353,0,0,1,0,-0.12529534848783852,-0.12529534848783852
1790944249.207353,1790944251.207353,0,0,1,0,-0.12529534848783852,-0.12529534848783852
1790944250.207353,1790944252.207353,0,0,1,0,-0.12529534848783852,-0.12529534848783852
1790944251.207353,1790944253.207353,0,0,1,0,-0.12529534848783852,-0.12529534848783852
1790944252.207353,1790944254.207353,0,0,1,0,-0.12529534848783852,-0.12529534848783852
1790944253.207353,1790944255.207353,0,0,1,0,-0.12529534848783852,-0.12529534848783852
1790944254.207353,1790944256.207353,0,0,1,0,-0.12529534848783852,-0.12529534848783852
1790944255.207353,1790944257.207353,0,0,1,0,-0.12529534848783852,-0.12529534848783852
1790944256.207353,1790944258.207353,0,0,1,0,-0.12529534848783852,-0.12529534848783852
1790944257.207353,1790944259.207353,0,0,1,0,-0.12529534848783852,-0.12529534848783852
1790944258.207353,1790944260.207353,0,0,1,0,-0.12529534848783852,-0.12529534848783852
1790944259.207353,1790944261.207353,0,0,1,0,-0.12529534848783852,-0.12529534848783852
1790944260.207353,1790944262.207353,0,0,1,0,-0.12529534848783852,-0.12529534848783852
1790944261.207353,1790944263.207353,0,0,1,0,-0.12529534848783852,-0.12529534848783852
1790944262.207353,1790944264.207353,0,0,1,0,-0.12529534848783852,-0.12529534848783852
1790944263.207353,1790944265.207353,0,0,1,0,-0.12529534848783852,-0.12529534848783852
1790944264.207353,1790944266.207353,0,0,1,0,-0.12529534848783852,-0.12529534848783852
1790944265.207353,1790944267.207353,0,0,1,0,-0.12529534848783852,-0.12529534848783852
1790944266.207353,1790944268.207353,0,0,1,0,-0.12529534848783852,-0.12529534848783852
1790944267.207353,1790944269.207353,0,0,1,0,-0.12529534848783852,-0.12529534848783852
1790944268.207353,1790944270.207353,0,0,1,0,-0.12529534848783852,-0.12529534848783852
1790944269.207353,1790944271.207353,0,0,1,0,-0.12529534848783852,-0.12529534848783852
1790944270.207353,1790944272.207353,0,0,1,0,-0.12529534848783852,-0.12529534848783852
1790944271.207353,1790944273.207353,0,0,1,0,-0.12529534848783852,-0.12529534848783852
1790944272.207353,1790944274.207353,0,0,1,0,-0.12529534848783852,-0.12529534848783852
1790944273.207353,1790944275.207353,0,0,1,0,-0.12529534848783852,-0.12529534848783852
1790944274.207353,1790944276.207353,0,0,1,0,-0.12529534848783852,-0.12529534848783852
1790944275.207353,1790944277.207353,0,0,1,0,-0.12529534848783852,-0.12529534848783852
1790944276.207353,1790944278.207353,0,0,1,0,-0.12529534848783852,-0.12529534848783852
1790944277.207353,1790944279.207353,0,0,1,0,-0.12529534848783852,-0.12529534848783852
1790944278.207353,1790944280.207353,0,0,1,0,-0.12529534848783852,-0.12529534848783852
1790944279.207353,1790944281.207353,0,0,1,0,-0.12529534848783852,-0.12529534848783852
1790944280.207353,1790944282.207353,0,0,1,0,-0.12529534848783852,-0.12529534848783852
1790944281.207353,1790944283.207353,0,0,1,0,-0.12529534848783852,-0.12529534848783852
1790944282.207353,1790944284.207353,0,0,1,0,-0.12529534848783852,-0.12529534848783852
1790944283.207353,1790944285.207353,0,0,1,0,-0.12529534848783852,-0.12529534848783852
1790944284.207353,1790944286.207353,0,0,1,0,-0.12529534848783852,-0.12529534848783852
1790944285.207353,1790944287.207353,0,0,1,0,-0.12529534848783852,-0.12529534848783852
1790944286.207353,1790944288.207353,0,0,1,0,-0.12529534848783852,-0.12529534848783852
1790944287.207353,1790944289.207353,0,0,1,0,-0.12529534848783852,-0.12529534848783852
1790944288.207353,1790944290.207353,0,0,1,0,-0.12529534848783852,-0.12529534848783852
1790944289.207353,1790944291.207353,0,0,1,0,-0.12529534848783852,-0.12529534848783852
1790944290.207353,1790944292.207353,0,0,1,0,-0.12529534848783852,-0.12529534848783852
1790944291.207353,1790944293.207353,0,0,1,0,-0.12529534848783852,-0.12529534848783852
1790944292.207353,1790944294.207353,0,0,1,0,-0.12529534848783852,-0.12529534848783852
1790944293.207353,1790944295.207353,0,0,1,0,-0.12529534848783852,-0.12529534848783852
1790944294.207353,1790944296.207353,0,0,1,0,-0.12529534848783852,-0.12529534848783852
1790944295.207353,1790944297.207353,0,0,1,0,-0.12529534848783852,-0.12529534848783852
1790944296.207353,1790944298.207353,0,0,1,0,-0.12529534848783852,-0.12529534848783852
1790944297.207353,1790944299.207353,0,0,1,0,-0.12529534848783852,-0.12529534848783852
1790944298.207353,1790944300.207353,0,0,1,0,-0.12529534848783852,-0.12529534848783852
1790944299.207353,1790944301.207353,0,0,1,0,-0.12529534848783852,-0.12529534848783852
1790944300.207353,1790944302.207353,0,0,1,0,-0.12529534848783852,-0.12529534848783852
1790944301.207353,1790944303.207353,0,0,1,0,-0.12529534848783852,-0.12529534848783852
1790944302.207353,1790944304.207353,0,0,1,0,-0.12529534848783852,-0.12529534848783852
1790944303.207353,1790944305.207353,0,0,1,0,-0.12529534848783852,-0.12529534848783852
1790944304.207353,1790944306.207353,0,0,1,0,-0.12529534848783852,-0.12529534848783852
1790944305.207353,1790944307.207353,0,0,1,0,-0.12529534848783852,-0.12529534848783852
1790944306.207353,1790944308.207353,0,0,1,0,-0.12529534848783852,-0.12529534848783852
1790944307.207353,1790944309.207353,0,0,1,0,-0.12529534848783852,-0.12529534848783852
1790944308.207353,1790944310.207353,0,0,1,0,-0.12529534848783852,-0.12529534848783852
1790944309.207353,1790944311.207353,0,0,1,0,-0.12529534848783852,-0.12529534848783852
1790944310.207353,1790944312.207353,0,0,1,0,-0.12529534848783852,-0.12529534848783852
1790944311.207353,1790944313.207353,0,0,1,0,-0.12529534848783852,-0.12529534848783852
1790944312.207353,1790944314.207353,0,0,1,0,-0.12529534848783852,-0.12529534848783852
1790944313.207353,1790944315.207353,0,0,1,0,-0.12529534848783852,-0.12529534848783852
1790944314.207353,1790944316.207353,0,0,1,0,-0.12529534848783852,-0.12529534848783852
1790944315.207353,1790944317.207353,0,0,1,0,-0.12529534848783852,-0.12529534848783852
1790944316.207353,1790944318.207353,0,0,1,0,-0.12529534848783852,-0.12529534848783852
1790944317.207353,1790944319.207353,0,0,1,0,-0.12529534848783852,-0.12529534848783852
1790944318.207353,1790944320.207353,0,0,1,0,-0.12529534848783852,-0.12529534848783852
1790944319.207353,1790944321.207353,0,0,1,0,-0.12529534848783852,-0.12529534848783852
1790944320.207353,1790944322.207353,0,0,1,0,-0.12529534848783852,-0.12529534848783852
1790944321.207353,1790944323.207353,0,0,1,0,-0.12529534848783852,-0.12529534848783852
1790944322.207353,1790944324.207353,0,0,1,0,-0.12529534848783852,-0.12529534848783852
1790944323.207353,1790944325.207353,0,0,1,0,-0.12529534848783852,-0.12529534848783852
1790944324.207353,1790944326.207353,0,0,1,0,-0.12529534848783852,-0.12529534848783852
1790944325.207353,1790944327.207353,0,0,1,0,-0.12529534848783852,-0.12529534848783852
1790944326.207353,1790944328.207353,0,0,1,0,-0.12529534848783852,-0.12529534848783852
1790944327.207353,1790944329.207353,0,0,1,0,-0.12529534848783852,-0.12529534848783852
1790944328.207353,1790944330.207353,0,0,1,0,-0.12529534848783852,-0.12529534848783852
1790944329.207353,1790944331.207353,0,0,1,0,-0.12529534848783852,-0.12529534848783852
1790944330.207353,1790944332.207353,0,0,1,0,-0.12529534848783852,-0.12529534848783852
1790944331.207353,1790944333.207353,0,0,1,0,-0.12529534848783852,-0.12529534848783852
1790944332.207353,1790944334.207353,0,0,1,0,-0.12529534848783852,-0.12529534848783852
1790944333.207353,1790944335.207353,0,0,1,0,-0.12529534848783852,-0.12529534848783852
1790944334.207353,1790944336.207353,0,0,1,0,-0.12529534848783852,-0.12529534848783852
1790944335.207353,1790944337.207353,0,0,1,0,-0.12529534848783852,-0.12529534848783852
1790944336.207353,1790944338.207353,0,0,1,0,-0.12529534848783852,-0.12529534848783852
1790944337.207353,1790944339.207353,0,0,1,0,-0.12529534848783852,-0.12529534848783852
1790944338.207353,1790944340.207353,0,0,1,0,-0.12529534848783852,-0.12529534848783852
1790944339.207353,1790944341.207353,0,0,1,0,-0.12529534848783852,-0.12529534848783852
1790944340.207353,1790944342.207353,0,0,1,0,-0.12529534848783852,-0.12529534848783852
1790944341.207353,1790944343.207353,0,0,1,0,-0.12529534848783852,-0.12529534848783852
1790944342.207353,1790944344.207353,0,0,1,0,-0.12529534848783852,-0.12529534848783852
1790944343.207353,1790944345.207353,0,0,1,0,-0.12529534848783852,-0.12529534848783852
1790944344.207353,1790944346.207353,0,0,1,0,-0.12529534848783852,-0.12529534848783852
1790944345.207353,1790944347.207353,0,0,1,0,-0.12529534848783852,-0.12529534848783852
1790944346.207353,1790944348.207353,0,0,1,0,-0.12529534848783852,-0.12529534848783852
1790944347.207353,1790944349.207353,0,0,1,0,-0.12529534848783852,-0.12529534848783852
1790944348.207353,1790944350.207353,0,0,1,0,-0.12529534848783852,-0.12529534848783852
1790944349.207353,1790944351.207353,0,0,1,0,-0.12529534848783852,-0.12529534848783852
1790944350.207353,1790944352.207353,0,0,1,0,-0.12529534848783852,-0.12529534848783852
1790944351.207353,1790944353.207353,0,0,1,0,-0.12529534848783852,-0.12529534848783852
1790944352.207353,1790944354.207353,0,0,1,0,-0.12529534848783852,-0.12529534848783852
1790944353.207353,1790944355.207353,0,0,1,0,-0.12529534848783852,-0.12529534848783852
1790944354.207353,1790944356.207353,0,0,1,0,-0.12529534848783852,-0.12529534848783852
1790944355.207353,1790944357.207353,0,0,1,0,-0.12529534848783852,-0.12529534848783852
1790944356.207353,1790944358.207353,0,0,1,0,-0.12529534848783852,-0.12529534848783852
1790944357.207353,1790944359.207353,0,0,1,0,-0.12529534848783852,-0.12529534848783852
1790944358.207353,1790944360.207353,0,0,1,0,-0.12529534848783852,-0.12529534848783852
1790944359.207353,1790944361.207353,0,0,1,0,-0.12529534848783852,-0.12529534848783852
1790944360.207353,1790944362.207353,0,0,1,0,-0.12529534848783852,-0.12529534848783852
1790944361.207353,1790944363.207353,0,0,1,0,-0.12529534848783852,-0.12529534848783852
1790944362.207353,1790944364.207353,0,0,1,0,-0.12529534848783852,-0.12529534848783852
1790944363.207353,1790944365.207353,0,0,1,0,-0.12529534848783852,-0.12529534848783852
1790944364.207353,1790944366.207353,0,0,1,0,-0.12529534848783852,-0.12529534848783852
1790944365.207353,1790944367.207353,0,0,1,0,-0.12529534848783852,-0.12529534848783852
1790944366.207353,1790944368.207353,0,0,1,0,-0.12529534848783852,-0.12529534848783852
1790944367.207353,1790944369.207353,0,0,1,0,-0.12529534848783852,-0.12529534848783852
1790944368.207353,1790944370.207353,0,0,1,0,-0.12529534848783852,-0.12529534848783852
1790944369.207353,1790944371.207353,0,0,1,0,-0.12529534848783852,-0.12529534848783852
1790944370.207353,1790944372.207353,0,0,1,0,-0.12529534848783852,-0.12529534848783852
1790944371.207353,1790944373.207353,0,0,1,0,-0.12529534848783852,-0.12529534848783852
1790944372.207353,1790944374.207353,0,0,1,0,-0.12529534848783852,-0.12529534848783852
1790944373.207353,1790944375.207353,0,0,1,0,-0.12529534848783852,-0.12529534848783852
1790944374.207353,1790944376.207353,0,0,1,0,-0.12529534848783852,-0.12529534848783852
1790944375.207353,1790944377.207353,0,0,1,0,-0.12529534848783852,-0.12529534848783852
1790944376.207353,1790944378.207353,0,0,1,0,-0.12529534848783852,-0.12529534848783852
1790944377.207353,1790944379.207353,0,0,1,0,-0.12529534848783852,-0.12529534848783852
1790944378.207353,1790944380.207353,0,0,1,0,-0.12529534848783852,-0.12529534848783852
1790944379.207353,1790944381.207353,0,0,1,0,-0.12529534848783852,-0.12529534848783852
1790944380.207353,1790944382.207353,0,0,1,0,-0.12529534848783852,-0.12529534848783852
1790944381.207353,1790944383.207353,0,0,1,0,-0.12529534848783852,-0.12529534848783852
1790944382.207353,1790944384.207353,0,0,1,0,-0.12529534848783852,-0.12529534848783852
1790944383.207353,1790944385.207353,0,0,1,0,-0.12529534848783852,-0.12529534848783852
1790944384.207353,1790944386.207353,0,0,1,0,-0.12529534848783852,-0.12529534848783852
1790944385.207353,1790944387.207353,0,0,1,0,-0.12529534848783852,-0.12529534848783852
1790944386.207353,1790944388.207353,0,0,1,0,-0.12529534848783852,-0.12529534848783852
1790944387.207353,1790944389.207353,0,0,1,0,-0.12529534848783852,-0.12529534848783852
1790944388.207353,1790944390.207353,0,0,1,0,-0.12529534848783852,-0.12529534848783852
1790944389.207353,1790944391.207353,0,0,1,0,-0.12529534848783852,-0.12529534848783852
1790944390.207353,1790944392.207353,0,0,1,0,-0.12529534848783852,-0.12529534848783852
1790944391.207353,1790944393.207353,0,0,1,0,-0.12529534848783852,-0.12529534848783852
1790944392.207353,1790944394.207353,0,0,1,0,-0.12529534848783852,-0.12529534848783852
1790944393.207353,1790944395.207353,0,0,1,0,-0.12529534848783852,-0.12529534848783852
1790944394.207353,1790944396.207353,0,0,1,0,-0.12529534848783852,-0.12529534848783852
1790944395.207353,1790944397.207353,0,0,1,0,-0.12529534848783852,-0.12529534848783852
1790944396.207353,1790944398.207353,0,0,1,0,-0.12529534848783852,-0.12529534848783852
1790944397.207353,1790944399.207353,0,0,1,0,-0.12529534848783852,-0.12529534848783852
1790944398.207353,1790944400.207353,0,0,1,0,-0.12529534848783852,-0.12529534848783852
1790944399.207353,1790944401.207353,0,0,1,0,-0.12529534848783852,-0.12529534848783852
1790944400.207353,1790944402.207353,0,0,1,0,-0.12529534848783852,-0.12529534848783852
1790944401.207353,1790944403.207353,0,0,1,0,-0.12529534848783852,-0.12529534848783852
1790944402.207353,1790944404.207353,0,0,1,0,-0.12529534848783852,-0.12529534848783852
1790944403.207353,1790944405.207353,0,0,1,0,-0.12529534848783852,-0.12529534848783852
1790944404.207353,1790944406.207353,0,0,1,0,-0.12529534848783852,-0.12529534848783852
1790944405.207353,1790944407.207353,0,0,1,0,-0.12529534848783852,-0.12529534848783852
1790944406.207353,1790944408.207353,0,0,1,0,-0.12529534848783852,-0.12529534848783852
1790944407.207353,1790944409.207353,0,0,1,0,-0.12529534848783852,-0.12529534848783852
1790944408.207353,1790944410.207353,0,0,1,0,-0.12529534848783852,-0.12529534848783852
1790944409.207353,1790944411.207353,0,0,1,0,-0.12529534848783852,-0.12529534848783852
1790944410.207353,1790944412.207353,0,0,1,0,-0.12529534848783852,-0.12529534848783852
1790944411.207353,1790944413.207353,0,0,1,0,-0.12529534848783852,-0.12529534848783852
1790944412.207353,1790944414.207353,0,0,1,0,-0.12529534848783852,-0.12529534848783852
1790944413.207353,1790944415.207353,0,0,1,0,-0.12529534848783852,-0.12529534848783852
1790944414.207353,1790944416.207353,0,0,1,0,-0.12529534848783852,-0.12529534848783852
1790944415.207353,1790944417.207353,0,0,1,0,-0.12529534848783852,-0.12529534848783852
1790944416.207353,1790944418.207353,0,0,1,0,-0.12529534848783852,-0.12529534848783852
1790944417.207353,1790944419.207353,0,0,1,0,-0.12529534848783852,-0.12529534848783852
1790944418.207353,1790944420.207353,0,0,1,0,-0.12529534848783852,-0.12529534848783852
1790944419.207353,1790944421.207353,0,0,1,0,-0.12529534848783852,-0.12529534848783852
1790944420.207353,1790944422.207353,0,0,1,0,-0.12529534848783852,-0.12529534848783852
1790944421.207353,1790944423.207353,0,0,1,0,-0.12529534848783852,-0.12529534848783852
1790944422.207353,1790944424.207353,0,0,1,0,-0.12529534848783852,-0.12529534848783852
1790944423.207353,1790944425.207353,0,0,1,0,-0.12529534848783852,-0.12529534848783852
1790944424.207353,1790944426.207353,0,0,1,0,-0.12529534848783852,-0.12529534848783852
1790944425.207353,1790944427.207353,0,0,1,0,-0.12529534848783852,-0.12529534848783852
1790944426.207353,1790944428.207353,0,0,1,0,-0.12529534848783852,-0.12529534848783852
1790944427.207353,1790944429.207353,0,0,1,0,-0.12529534848783852,-0.12529534848783852
1790944428.207353,1790944430.207353,0,0,1,0,-0.12529534848783852,-0.12529534848783852
1790944429.207353,1790944431.207353,0,0,1,0,-0.12529534848783852,-0.12529534848783852
1790944430.207353,1790944432.207353,0,0,1,0,-0.12529534848783852,-0.12529534848783852
1790944431.207353,1790944433.207353,0,0,1,0,-0.12529534848783852,-0.12529534848783852
1790944432.207353,1790944434.207353,0,0,1,0,-0.12529534848783852,-0.12529534848783852
1790944433.207353,1790944435.207353,0,0,1,0,-0.12529534848783852,-0.12529534848783852
1790944434.207353,1790944436.207353,0,0,1,0,-0.12529534848783852,-0.12529534848783852
1790944435.207353,1790944437.207353,0,0,1,0,-0.12529534848783852,-0.12529534848783852
1790944436.207353,1790944438.207353,0,0,1,0,-0.12529534848783852,-0.12529534848783852
1790944437.207353,1790944439.207353,0,0,1,0,-0.12529534848783852,-0.12529534848783852
1790944438.207353,1790944440.207353,0,0,1,0,-0.12529534848783852,-0.12529534848783852
1790944439.207353,1790944441.207353,0,0,1,0,-0.12529534848783852,-0.12529534848783852
1790944440.207353,1790944442.207353,0,0,1,0,-0.12529534848783852,-0.12529534848783852
1790944441.207353,1790944443.207353,0,0,1,0,-0.12529534848783852,-0.12529534848783852
1790944442.207353,1790944444.207353,0,0,1,0,-0.12529534848783852,-0.12529534848783852
1790944443.207353,1790944445.207353,0,0,1,0,-0.12529534848783852,-0.12529534848783852
1790944444.207353,1790944446.207353,0,0,1,0,-0.12529534848783852,-0.12529534848783852
1790944445.207353,1790944447.207353,0,0,1,0,-0.12529534848783852,-0.12529534848783852
1790944446.207353,1790944448.207353,0,0,1,0,-0.12529534848783852,-0.12529534848783852
1790944447.207353,1790944449.207353,0,0,1,0,-0.12529534848783852,-0.12529534848783852
1790944448.207353,1790944450.207353,0,0,1,0,-0.12529534848783852,-0.12529534848783852
1790944449.207353,1790944451.207353,0,0,1,0,-0.12529534848783852,-0.12529534848783852
1790944450.207353,1790944452.207353,0,0,1,0,-0.12529534848783852,-0.12529534848783852
1790944451.207353,1790944453.207353,0,0,1,0,-0.12529534848783852,-0.12529534848783852
1790944452.207353,1790944454.207353,0,0,1,0,-0.12529534848783852,-0.12529534848783852
1790944453.207353,1790944455.207353,0,0,1,0,-0.12529534848783852,-0.12529534848783852
1790944454.207353,1790944456.207353,0,0,1,0,-0.12529534848783852,-0.12529534848783852
1790944455.207353,1790944457.207353,0,0,1,0,-0.12529534848783852,-0.12529534848783852
1790944456.207353,1790944458.207353,0,0,1,0,-0.12529534848783852,-0.12529534848783852
1790944457.207353,1790944459.207353,0,0,1,0,-0.12529534848783852,-0.12529534848783852
1790944458.207353,1790944460.207353,0,0,1,0,-0.12529534848783852,-0.12529534848783852
1790944459.207353,1790944461.207353,0,0,1,0,-0.12529534848783852,-0.12529534848783852
1790944460.207353,1790944462.207353,0,0,1,0,-0.12529534848783852,-0.12529534848783852
1790944461.207353,1790944463.207353,0,0,1,0,-0.12529534848783852,-0.12529534848783852
1790944462.207353,1790944464.207353,0,0,1,0,-0.12529534848783852,-0.12529534848783852
1790944463.207353,1790944465.207353,0,0,1,0,-0.12529534848783852,-0.12529534848783852
1790944464.207353,1790944466.207353,0,0,1,0,-0.12529534848783852,-0.12529534848783852
1790944465.207353,1790944467.207353,0,0,1,0,-0.12529534848783852,-0.12529534848783852
1790944466.207353,1790944468.207353,0,0,1,0,-0.12529534848783852,-0.12529534848783852
1790944467.207353,1790944469.207353,0,0,1,0,-0.12529534848783852,-0.12529534848783852
1790944468.207353,1790944470.207353,0,0,1,0,-0.12529534848783852,-0.12529534848783852
1790944469.207353,1790944471.207353,0,0,1,0,-0.12529534848783852,-0.12529534848783852
1790944470.207353,1790944472.207353,0,0,1,0,-0.12529534848783852,-0.12529534848783852
1790944471.207353,1790944473.207353,0,0,1,0,-0.12529534848783852,-0.12529534848783852
1790944472.207353,1790944474.207353,0,0,1,0,-0.12529534848783852,-0.12529534848783852
1790944473.207353,1790944475.207353,0,0,1,0,-0.12529534848783852,-0.12529534848783852
1790944474.207353,1790944476.207353,0,0,1,0,-0.12529534848783852,-0.12529534848783852
1790944475.207353,1790944477.207353,0,0,1,0,-0.12529534848783852,-0.12529534848783852
1790944476.207353,1790944478.207353,0,0,1,0,-0.12529534848783852,-0.12529534848783852
1790944477.207353,1790944479.207353,0,0,1,0,-0.12529534848783852,-0.12529534848783852
1790944478.207353,1790944480.207353,0,0,1,0,-0.12529534848783852,-0.12529534848783852
1790944479.207353,1790944481.207353,0,0,1,0,-0.12529534848783852,-0.12529534848783852
1790944480.207353,1790944482.207353,0,0,1,0,-0.12529534848783852,-0.12529534848783852
1790944481.207353,1790944483.207353,0,0,1,0,-0.12529534848783852,-0.12529534848783852
1790944482.207353,1790944484.207353,0,0,1,0,-0.12529534848783852,-0.12529534848783852
1790944483.207353,1790944485.207353,0,0,1,0,-0.12529534848783852,-0.12529534848783852
1790944484.207353,1790944486.207353,0,0,1,0,-0.12529534848783852,-0.12529534848783852
1790944485.207353,1790944487.207353,0,0,1,0,-0.12529534848783852,-0.12529534848783852
1790944486.207353,1790944488.207353,0,0,1,0,-0.12529534848783852,-0.12529534848783852
1790944487.207353,1790944489.207353,0,0,1,0,-0.12529534848783852,-0.12529534848783852
1790944488.207353,1790944490.207353,0,0,1,0,-0.12529534848783852,-0.12529534848783852
1790944489.207353,1790944491.207353,0,0,1,0,-0.12529534848783852,-0.12529534848783852
1790944490.207353,1790944492.207353,0,0,1,0,-0.12529534848783852,-0.12529534848783852
1790944491.207353,1790944493.207353,0,0,1,0,-0.12529534848783852,-0.12529534848783852
1790944492.207353,1790944494.207353,0,0,1,0,-0.12529534848783852,-0.12529534848783852
1790944493.207353,1790944495.207353,0,0,1,0,-0.12529534848783852,-0.12529534848783852
1790944494.207353,1790944496.207353,0,0,1,0,-0.12529534848783852,-0.12529534848783852
1790944495.207353,1790944497.207353,0,0,1,0,-0.12529534848783852,-0.12529534848783852
1790944496.207353,1790944498.207353,0,0,1,0,-0.12529534848783852,-0.12529534848783852
1790944497.207353,1790944499.207353,0,0,1,0,-0.12529534848783852,-0.12529534848783852
1790944498.207353,1790944500.207353,0,0,1,0,-0.12529534848783852,-0.12529534848783852
1790944499.207353,1790944501.207353,0,0,1,0,-0.12529534848783852,-0.12529534848783852
1790944500.207353,1790944502.207353,0,0,1,0,-0.12529534848783852,-0.12529534848783852
1790944501.207353,1790944503.207353,0,0,1,0,-0.12529534848783852,-0.12529534848783852
1790944502.207353,1790944504.207353,0,0,1,0,-0.12529534848783852,-0.12529534848783852
1790944503.207353,1790944505.207353,0,0,1,0,-0.12529534848783852,-0.12529534848783852
1790944504.207353,1790944506.207353,0,0,1,0,-0.12529534848783852,-0.12529534848783852
1790944505.207353,1790944507.207353,0,0,1,0,-0.12529534848783852,-0.12529534848783852
1790944506.207353,1790944508.207353,0,0,1,0,-0.12529534848783852,-0.12529534848783852
1790944507.207353,1790944509.207353,0,0,1,0,-0.12529534848783852,-0.12529534848783852
1790944508.207353,1790944510.207353,0,0,1,0,-0.12529534848783852,-0.12529534848783852
1790944509.207353,1790944511.207353,0,0,1,0,-0.12529534848783852,-0.12529534848783852
1790944510.207353,1790944512.207353,0,0,1,0,-0.12529534848783852,-0.12529534848783852
1790944511.207353,1790944513.207353,0,0,1,0,-0.12529534848783852,-0.12529534848783852
1790944512.207353,1790944514.207353,0,0,1,0,-0.12529534848783852,-0.12529534848783852
1790944513.207353,1790944515.207353,0,0,1,0,-0.12529534848783852,-0.12529534848783852
1790944514.207353,1790944516.207353,0,0,1,0,-0.12529534848783852,-0.12529534848783852
1790944515.207353,1790944517.207353,0,0,1,0,-0.12529534848783852,-0.12529534848783852
1790944516.207353,1790944518.207353,0,0,1,0,-0.12529534848783852,-0.12529534848783852
1790944517.207353,1790944519.207353,0,0,1,0,-0.12529534848783852,-0.12529534848783852
1790944518.207353,1790944520.207353,0,0,1,0,-0.12529534848783852,-0.12529534848783852
1790944519.207353,1790944521.207353,0,0,1,0,-0.12529534848783852,-0.12529534848783852
1790944520.207353,1790944522.207353,0,0,1,0,-0.12529534848783852,-0.12529534848783852
1790944521.207353,1790944523.207353,0,0,1,0,-0.12529534848783852,-0.12529534848783852
1790944522.207353,1790944524.207353,0,0,1,0,-0.12529534848783852,-0.12529534848783852
1790944523.207353,1790944525.207353,0,0,1,0,-0.12529534848783852,-0.12529534848783852
1790944524.207353,1790944526.207353,0,0,1,0,-0.12529534848783852,-0.12529534848783852
1790944525.207353,1790944527.207353,0,0,1,0,-0.12529534848783852,-0.12529534848783852
1790944526.207353,1790944528.207353,0,0,1,0,-0.12529534848783852,-0.12529534848783852
1790944527.207353,1790944529.207353,0,0,1,0,-0.12529534848783852,-0.12529534848783852
1790944528.207353,1790944530.207353,0,0,1,0,-0.12529534848783852,-0.12529534848783852
1790944529.207353,1790944531.207353,0,0,1,0,-0.12529534848783852,-0.12529534848783852
1790944530.207353,1790944532.207353,0,0,1,0,-0.12529534848783852,-0.12529534848783852
1790944531.207353,1790944533.207353,0,0,1,0,-0.12529534848783852,-0.12529534848783852
1790944532.207353,1790944534.207353,0,0,1,0,-0.12529534848783852,-0.12529534848783852
1790944533.207353,1790944535.207353,0,0,1,0,-0.12529534848783852,-0.12529534848783852
1790944534.207353,1790944536.207353,0,0,1,0,-0.12529534848783852,-0.12529534848783852
1790944535.207353,1790944537.207353,0,0,1,0,-0.12529534848783852,-0.12529534848783852
1790944536.207353,1790944538.207353,0,0,1,0,-0.12529534848783852,-0.12529534848783852
1790944537.207353,1790944539.207353,0,0,1,0,-0.12529534848783852,-0.12529534848783852
1790944538.207353,1790944540.207353,0,0,1,0,-0.12529534848783852,-0.12529534848783852
1790944539.207353,1790944541.207353,0,0,1,0,-0.12529534848783852,-0.12529534848783852
1790944540.207353,1790944542.207353,0,0,1,0,-0.12529534848783852,-0.12529534848783852
1790944541.207353,1790944543.207353,0,0,1,0,-0.12529534848783852,-0.12529534848783852
1790944542.207353,1790944544.207353,0,0,1,0,-0.12529534848783852,-0.12529534848783852
1790944543.207353,1790944545.207353,0,0,1,0,-0.12529534848783852,-0.12529534848783852
1790944544.207353,1790944546.207353,0,0,1,0,-0.12529534848783852,-0.12529534848783852
1790944545.207353,1790944547.207353,0,0,1,0,-0.12529534848783852,-0.12529534848783852
1790944546.207353,1790944548.207353,0,0,1,0,-0.12529534848783852,-0.12529534848783852
1790944547.207353,1790944549.207353,0,0,1,0,-0.12529534848783852,-0.12529534848783852
1790944548.207353,1790944550.207353,0,0,1,0,-0.12529534848783852,-0.12529534848783852
1790944549.207353,1790944551.207353,0,0,1,0,-0.12529534848783852,-0.12529534848783852
1790944550.207353,1790944552.207353,0,0,1,0,-0.12529534848783852,-0.12529534848783852
1790944551.207353,1790944553.207353,0,0,1,0,-0.12529534848783852,-0.12529534848783852
1790944552.207353,1790944554.207353,0,0,1,0,-0.12529534848783852,-0.12529534848783852
1790944553.207353,1790944555.207353,0,0,1,0,-0.12529534848783852,-0.12529534848783852
1790944554.207353,1790944556.207353,0,0,1,0,-0.12529534848783852,-0.12529534848783852
1790944555.207353,1790944557.207353,0,0,1,0,-0.12529534848783852,-0.12529534848783852
1790944556.207353,1790944558.207353,0,0,1,0,-0.12529534848783852,-0.12529534848783852
1790944557.207353,1790944559.207353,0,0,1,0,-0.12529534848783852,-0.12529534848783852
1790944558.207353,1790944560.207353,0,0,1,0,-0.12529534848783852,-0.12529534848783852
1790944559.207353,1790944561.207353,0,0,1,0,-0.12529534848783852,-0.12529534848783852
1790944560.207353,1790944562.207353,0,0,1,0,-0.12529534848783852,-0.12529534848783852
1790944561.207353,1790944563.207353,0,0,1,0,-0.12529534848783852,-0.12529534848783852
1790944562.207353,1790944564.207353,0,0,1,0,-0.12529534848783852,-0.12529534848783852
1790944563.207353,1790944565.207353,0,0,1,0,-0.12529534848783852,-0.12529534848783852
1790944564.207353,1790944566.207353,0,0,1,0,-0.12529534848783852,-0.12529534848783852
1790944565.207353,1790944567.207353,0,0,1,0,-0.12529534848783852,-0.12529534848783852
1790944566.207353,1790944568.207353,0,0,1,0,-0.12529534848783852,-0.12529534848783852
1790944567.207353,1790944569.207353,0,0,1,0,-0.12529534848783852,-0.12529534848783852
1790944568.207353,1790944570.207353,0,0,1,0,-0.12529534848783852,-0.12529534848783852
1790944569.207353,1790944571.207353,0,0,1,0,-0.12529534848783852,-0.12529534848783852
1790944570.207353,1790944572.207353,0,0,1,0,-0.12529534848783852,-0.12529534848783852
1790944571.207353,1790944573.207353,0,0,1,0,-0.12529534848783852,-0.12529534848783852
1790944572.207353,1790944574.207353,0,0,1,0,-0.12529534848783852,-0.12529534848783852
1790944573.207353,1790944575.207353,0,0,1,0,-0.12529534848783852,-0.12529534848783852
1790944574.207353,1790944576.207353,0,0,1,0,-0.12529534848783852,-0.12529534848783852
1790944575.207353,1790944577.207353,0,0,1,0,-0.12529534848783852,-0.12529534848783852
1790944576.207353,1790944578.207353,0,0,1,0,-0.12529534848783852,-0.12529534848783852
1790944577.207353,1790944579.207353,0,0,1,0,-0.12529534848783852,-0.12529534848783852
1790944578.207353,1790944580.207353,0,0,1,0,-0.12529534848783852,-0.12529534848783852
1790944579.207353,1790944581.207353,0,0,1,0,-0.12529534848783852,-0.12529534848783852
1790944580.207353,1790944582.207353,0,0,1,0,-0.12529534848783852,-0.12529534848783852
1790944581.207353,1790944583.207353,0,0,1,0,-0.12529534848783852,-0.12529534848783852
1790944582.207353,1790944584.207353,0,0,1,0,-0.12529534848783852,-0.12529534848783852
1790944583.207353,1790944585.207353,0,0,1,0,-0.12529534848783852,-0.12529534848783852
1790944584.207353,1790944586.207353,0,0,1,0,-0.12529534848783852,-0.12529534848783852
1790944585.207353,1790944587.207353,0,0,1,0,-0.12529534848783852,-0.12529534848783852
1790944586.207353,1790944588.207353,0,0,1,0,-0.12529534848783852,-0.12529534848783852
1790944587.207353,1790944589.207353,0,0,1,0,-0.12529534848783852,-0.12529534848783852
1790944588.207353,1790944590.207353,0,0,1,0,-0.12529534848783852,-0.12529534848783852
1790944589.207353,1790944591.207353,0,0,1,0,-0.12529534848783852,-0.12529534848783852
1790944590.207353,1790944592.207353,0,0,1,0,-0.12529534848783852,-0.12529534848783852
1790944591.207353,1790944593.207353,0,0,1,0,-0.12529534848783852,-0.12529534848783852
1790944592.207353,1790944594.207353,0,0,1,0,-0.12529534848783852,-0.12529534848783852
1790944593.207353,1790944595.207353,0,0,1,0,-0.12529534848783852,-0.12529534848783852
1790944594.207353,1790944596.207353,0,0,1,0,-0.12529534848783852,-0.12529534848783852
1790944595.207353,1790944597.207353,0,0,1,0,-0.12529534848783852,-0.12529534848783852
1790944596.207353,1790944598.207353,0,0,1,0,-0.12529534848783852,-0.12529534848783852
1790944597.207353,1790944599.207353,0,0,1,0,-0.12529534848783852,-0.12529534848783852
1790944598.207353,1790944600.207353,0,0,1,0,-0.12529534848783852,-0.12529534848783852
1790944599.207353,1790944601.207353,0,0,1,0,-0.12529534848783852,-0.12529534848783852
1790944600.207353,1790944602.207353,0,0,1,0,-0.12529534848783852,-0.12529534848783852
1790944601.207353,1790944603.207353,0,0,1,0,-0.12529534848783852,-0.12529534848783852
1790944602.207353,1790944604.207353,0,0,1,0,-0.12529534848783852,-0.12529534848783852
1790944603.207353,1790944605.207353,0,0,1,0,-0.12529534848783852,-0.12529534848783852
1790944604.207353,1790944606.207353,0,0,1,0,-0.12529534848783852,-0.12529534848783852
1790944605.207353,1790944607.207353,0,0,1,0,-0.12529534848783852,-0.12529534848783852
1790944606.207353,1790944608.207353,0,0,1,0,-0.12529534848783852,-0.12529534848783852
1790944607.207353,1790944609.207353,0,0,1,0,-0.12529534848783852,-0.12529534848783852
1790944608.207353,1790944610.207353,0,0,1,0,-0.12529534848783852,-0.12529534848783852
1790944609.207353,1790944611.207353,0,0,1,0,-0.12529534848783852,-0.12529534848783852
1790944610.207353,1790944612.207353,0,0,1,0,-0.12529534848783852,-0.12529534848783852
1790944611.207353,1790944613.207353,0,0,1,0,-0.12529534848783852,-0.12529534848783852
1790944612.207353,1790944614.207353,0,0,1,0,-0.12529534848783852,-0.12529534848783852
1790944613.207353,1790944615.207353,0,0,1,0,-0.12529534848783852,-0.12529534848783852
1790944614.207353,1790944616.207353,0,0,1,0,-0.12529534848783852,-0.12529534848783852
1790944615.207353,1790944617.207353,0,0,1,0,-0.12529534848783852,-0.12529534848783852
1790944616.207353,1790944618.207353,0,0,1,0,-0.12529534848783852,-0.12529534848783852
1790944617.207353,1790944619.207353,0,0,1,0,-0.12529534848783852,-0.12529534848783852
1790944618.207353,1790944620.207353,0,0,1,0,-0.12529534848783852,-0.12529534848783852
1790944619.207353,1790944621.207353,0,0,1,0,-0.12529534848783852,-0.12529534848783852
1790944620.207353,1790944622.207353,0,0,1,0,-0.12529534848783852,-0.12529534848783852
1790944621.207353,1790944623.207353,0,0,1,0,-0.12529534848783852,-0.12529534848783852
1790944622.207353,1790944624.207353,0,0,1,0,-0.12529534848783852,-0.12529534848783852
1790944623.207353,1790944625.207353,0,0,1,0,-0.12529534848783852,-0.12529534848783852
1790944624.207353,1790944626.207353,0,0,1,0,-0.12529534848783852,-0.12529534848783852
1790944625.207353,1790944627.207353,0,0,1,0,-0.12529534848783852,-0.12529534848783852
1790944626.207353,1790944628.207353,0,0,1,0,-0.12529534848783852,-0.12529534848783852
1790944627.207353,1790944629.207353,0,0,1,0,-0.12529534848783852,-0.12529534848783852
1790944628.207353,1790944630.207353,0,0,1,0,-0.12529534848783852,-0.12529534848783852
1790944629.207353,1790944631.207353,0,0,1,0,-0.12529534848783852,-0.12529534848783852
1790944630.207353,1790944632.207353,0,0,1,0,-0.12529534848783852,-0.12529534848783852
1790944631.207353,1790944633.207353,0,0,1,0,-0.12529534848783852,-0.12529534848783852
1790944632.207353,1790944634.207353,0,0,1,0,-0.12529534848783852,-0.12529534848783852
1790944633.207353,1790944635.207353,0,0,1,0,-0.12529534848783852,-0.12529534848783852
1790944634.207353,1790944636.207353,0,0,1,0,-0.12529534848783852,-0.12529534848783852
1790944635.207353,1790944637.207353,0,0,1,0,-0.12529534848783852,-0.12529534848783852
1790944636.207353,1790944638.207353,0,0,1,0,-0.12529534848783852,-0.12529534848783852
1790944637.207353,1790944639.207353,0,0,1,0,-0.12529534848783852,-0.12529534848783852
1790944638.207353,1790944640.207353,0,0,1,0,-0.12529534848783852,-0.12529534848783852
1790944639.207353,1790944641.207353,0,0,1,0,-0.12529534848783852,-0.12529534848783852
1790944640.207353,1790944642.207353,0,0,1,0,-0.12529534848783852,-0.12529534848783852
1790944641.207353,1790944643.207353,0,0,1,0,-0.12529534848783852,-0.12529534848783852
1790944642.207353,1790944644.207353,0,0,1,0,-0.12529534848783852,-0.12529534848783852
1790944643.207353,1790944645.207353,0,0,1,0,-0.12529534848783852,-0.12529534848783852
1790944644.207353,1790944646.207353,0,0,1,0,-0.12529534848783852,-0.12529534848783852
1790944645.207353,1790944647.207353,0,0,1,0,-0.12529534848783852,-0.12529534848783852
1790944646.207353,1790944648.207353,0,0,1,0,-0.12529534848783852,-0.12529534848783852
1790944647.207353,1790944649.207353,0,0,1,0,-0.12529534848783852,-0.12529534848783852
1790944648.207353,1790944650.207353,0,0,1,0,-0.12529534848783852,-0.12529534848783852
1790944649.207353,1790944651.207353,0,0,1,0,-0.12529534848783852,-0.12529534848783852
1790944650.207353,1790944652.207353,0,0,1,0,-0.12529534848783852,-0.12529534848783852
1790944651.207353,1790944653.207353,0,0,1,0,-0.12529534848783852,-0.12529534848783852
1790944652.207353,1790944654.207353,0,0,1,0,-0.12529534848783852,-0.12529534848783852
1790944653.207353,1790944655.207353,0,0,1,0,-0.12529534848783852,-0.12529534848783852
1790944654.207353,1790944656.207353,0,0,1,0,-0.12529534848783852,-0.12529534848783852
1790944655.207353,1790944657.207353,0,0,1,0,-0.12529534848783852,-0.12529534848783852
1790944656.207353,1790944658.207353,0,0,1,0,-0.12529534848783852,-0.12529534848783852
1790944657.207353,1790944659.207353,0,0,1,0,-0.12529534848783852,-0.12529534848783852
1790944658.207353,1790944660.207353,0,0,1,0,-0.12529534848783852,-0.12529534848783852
1790944659.207353,1790944661.207353,0,0,1,0,-0.12529534848783852,-0.12529534848783852
1790944660.207353,1790944662.207353,0,0,1,0,-0.12529534848783852,-0.12529534848783852
1790944661.207353,1790944663.207353,0,0,1,0,-0.12529534848783852,-0.12529534848783852
1790944662.207353,1790944664.207353,0,0,1,0,-0.12529534848783852,-0.12529534848783852
1790944663.207353,1790944665.207353,0,0,1,0,-0.12529534848783852,-0.12529534848783852
1790944664.207353,1790944666.207353,0,0,1,0,-0.12529534848783852,-0.12529534848783852
1790944665.207353,1790944667.207353,0,0,1,0,-0.12529534848783852,-0.12529534848783852
1790944666.207353,1790944668.207353,0,0,1,0,-0.12529534848783852,-0.12529534848783852
1790944667.207353,1790944669.207353,0,0,1,0,-0.12529534848783852,-0.12529534848783852
1790944668.207353,1790944670.207353,0,0,1,0,-0.12529534848783852,-0.12529534848783852
1790944669.207353,1790944671.207353,0,0,1,0,-0.12529534848783852,-0.12529534848783852
1790944670.207353,1790944672.207353,0,0,1,0,-0.12529534848783852,-0.12529534848783852
1790944671.207353,1790944673.207353,0,0,1,0,-0.12529534848783852,-0.12529534848783852
1790944672.207353,1790944674.207353,0,0,1,0,-0.12529534848783852,-0.12529534848783852
1790944673.207353,1790944675.207353,0,0,1,0,-0.12529534848783852,-0.12529534848783852
1790944674.207353,1790944676.207353,0,0,1,0,-0.12529534848783852,-0.12529534848783852
1790944675.207353,1790944677.207353,0,0,1,0,-0.12529534848783852,-0.12529534848783852
1790944676.207353,1790944678.207353,0,0,1,0,-0.12529534848783852,-0.12529534848783852
1790944677.207353,1790944679.207353,0,0,1,0,-0.12529534848783852,-0.12529534848783852
1790944678.207353,1790944680.207353,0,0,1,0,-0.12529534848783852,-0.12529534848783852
1790944679.207353,1790944681.207353,0,0,1,0,-0.12529534848783852,-0.12529534848783852
1790944680.207353,1790944682.207353,0,0,1,0,-0.12529534848783852,-0.12529534848783852
1790944681.207353,1790944683.207353,0,0,1,0,-0.12529534848783852,-0.12529534848783852
1790944682.207353,1790944684.207353,0,0,1,0,-0.12529534848783852,-0.12529534848783852
1790944683.207353,1790944685.207353,0,0,1,0,-0.12529534848783852,-0.12529534848783852
1790944684.207353,1790944686.207353,0,0,1,0,-0.12529534848783852,-0.12529534848783852
1790944685.207353,1790944687.207353,0,0,1,0,-0.12529534848783852,-0.12529534848783852
1790944686.207353,1790944688.207353,0,0,1,0,-0.12529534848783852,-0.12529534848783852
1790944687.207353,1790944689.207353,0,0,1,0,-0.12529534848783852,-0.12529534848783852
1790944688.207353,1790944690.207353,0,0,1,0,-0.12529534848783852,-0.12529534848783852
1790944689.207353,1790944691.207353,0,0,1,0,-0.12529534848783852,-0.12529534848783852
1790944690.207353,1790944692.207353,0,0,1,0,-0.12529534848783852,-0.12529534848783852
1790944691.207353,1790944693.207353,0,0,1,0,-0.12529534848783852,-0.12529534848783852
1790944692.207353,1790944694.207353,0,0,1,0,-0.12529534848783852,-0.12529534848783852
1790944693.207353,1790944695.207353,0,0,1,0,-0.12529534848783852,-0.12529534848783852
1790944694.207353,1790944696.207353,0,0,1,0,-0.12529534848783852,-0.12529534848783852
1790944695.207353,1790944697.207353,0,0,1,0,-0.12529534848783852,-0.12529534848783852
1790944696.207353,1790944698.207353,0,0,1,0,-0.12529534848783852,-0.12529534848783852
1790944697.207353,1790944699.207353,0,0,1,0,-0.12529534848783852,-0.12529534848783852
1790944698.207353,1790944700.207353,0,0,1,0,-0.12529534848783852,-0.12529534848783852
1790944699.207353,1790944701.207353,0,0,1,0,-0.12529534848783852,-0.12529534848783852
1790944700.207353,1790944702.207353,0,0,1,0,-0.12529534848783852,-0.12529534848783852
1790944701.207353,1790944703.207353,0,0,1,0,-0.12529534848783852,-0.12529534848783852
1790944702.207353,1790944704.207353,0,0,1,0,-0.12529534848783852,-0.12529534848783852
1790944703.207353,1790944705.207353,0,0,1,0,-0.12529534848783852,-0.12529534848783852
1790944704.207353,1790944706.207353,0,0,1,0,-0.12529534848783852,-0.12529534848783852
1790944705.207353,1790944707.207353,0,0,1,0,-0.12529534848783852,-0.12529534848783852
1790944706.207353,1790944708.207353,0,0,1,0,-0.12529534848783852,-0.12529534848783852
1790944707.207353,1790944709.207353,0,0,1,0,-0.12529534848783852,-0.12529534848783852
1790944708.207353,1790944710.207353,0,0,1,0,-0.12529534848783852,-0.12529534848783852
1790944709.207353,1790944711.207353,0,0,1,0,-0.12529534848783852,-0.12529534848783852
1790944710.207353,1790944712.207353,0,0,1,0,-0.12529534848783852,-0.12529534848783852
1790944711.207353,1790944713.207353,0,0,1,0,-0.12529534848783852,-0.12529534848783852
1790944712.207353,1790944714.207353,0,0,1,0,-0.12529534848783852,-0.12529534848783852
1790944713.207353,1790944715.207353,0,0,1,0,-0.12529534848783852,-0.12529534848783852
1790944714.207353,1790944716.207353,0,0,1,0,-0.12529534848783852,-0.12529534848783852
1790944715.207353,1790944717.207353,0,0,1,0,-0.12529534848783852,-0.12529534848783852
1790944716.207353,1790944718.207353,0,0,1,0,-0.12529534848783852,-0.12529534848783852
1790944717.207353,1790944719.207353,0,0,1,0,-0.12529534848783852,-0.12529534848783852
1790944718.207353,1790944720.207353,0,0,1,0,-0.12529534848783852,-0.12529534848783852
1790944719.207353,1790944721.207353,0,0,1,0,-0.12529534848783852,-0.12529534848783852
1790944720.207353,1790944722.207353,0,0,1,0,-0.12529534848783852,-0.12529534848783852
1790944721.207353,1790944723.207353,0,0,1,0,-0.12529534848783852,-0.12529534848783852
1790944722.207353,1790944724.207353,0,0,1,0,-0.12529534848783852,-0.12529534848783852
1790944723.207353,1790944725.207353,0,0,1,0,-0.12529534848783852,-0.12529534848783852
1790944724.207353,1790944726.207353,0,0,1,0,-0.12529534848783852,-0.12529534848783852
1790944725.207353,1790944727.207353,0,0,1,0,-0.12529534848783852,-0.12529534848783852
1790944726.207353,1790944728.207353,0,0,1,0,-0.12529534848783852,-0.12529534848783852
1790944727.207353,1790944729.207353,0,0,1,0,-0.12529534848783852,-0.12529534848783852
1790944728.207353,1790944730.207353,0,0,1,0,-0.12529534848783852,-0.12529534848783852
1790944729.207353,1790944731.207353,0,0,1,0,-0.12529534848783852,-0.12529534848783852
1790944730.207353,1790944732.207353,0,0,1,0,-0.12529534848783852,-0.12529534848783852
1790944731.207353,1790944733.207353,0,0,1,0,-0.12529534848783852,-0.12529534848783852
1790944732.207353,1790944734.207353,0,0,1,0,-0.12529534848783852,-0.12529534848783852
1790944733.207353,1790944735.207353,0,0,1,0,-0.12529534848783852,-0.12529534848783852
1790944734.207353,1790944736.207353,0,0,1,0,-0.12529534848783852,-0.12529534848783852
1790944735.207353,1790944737.207353,0,0,1,0,-0.12529534848783852,-0.12529534848783852
1790944736.207353,1790944738.207353,0,0,1,0,-0.12529534848783852,-0.12529534848783852
1790944737.207353,1790944739.207353,0,0,1,0,-0.12529534848783852,-0.12529534848783852
1790944738.207353,1790944740.207353,0,0,1,0,-0.12529534848783852,-0.12529534848783852
1790944739.207353,1790944741.207353,0,0,1,0,-0.12529534848783852,-0.12529534848783852
1790944740.207353,1790944742.207353,0,0,1,0,-0.12529534848783852,-0.12529534848783852
1790944741.207353,1790944743.207353,0,0,1,0,-0.12529534848783852,-0.12529534848783852
1790944742.207353,1790944744.207353,0,0,1,0,-0.12529534848783852,-0.12529534848783852
1790944743.207353,1790944745.207353,0,0,1,0,-0.12529534848783852,-0.12529534848783852
1790944744.207353,1790944746.207353,0,0,1,0,-0.12529534848783852,-0.12529534848783852
1790944745.207353,1790944747.207353,0,0,1,0,-0.12529534848783852,-0.12529534848783852
1790944746.207353,1790944748.207353,0,0,1,0,-0.12529534848783852,-0.12529534848783852
1790944747.207353,1790944749.207353,0,0,1,0,-0.12529534848783852,-0.12529534848783852
1790944748.207353,1790944750.207353,0,0,1,0,-0.12529534848783852,-0.12529534848783852
1790944749.207353,1790944751.207353,0,0,1,0,-0.12529534848783852,-0.12529534848783852
1790944750.207353,1790944752.207353,0,0,1,0,-0.12529534848783852,-0.12529534848783852
1790944751.207353,1790944753.207353,0,0,1,0,-0.12529534848783852,-0.12529534848783852
1790944752.207353,1790944754.207353,0,0,1,0,-0.12529534848783852,-0.12529534848783852
1790944753.207353,1790944755.207353,0,0,1,0,-0.12529534848783852,-0.12529534848783852
1790944754.207353,1790944756.207353,0,0,1,0,-0.12529534848783852,-0.12529534848783852
1790944755.207353,1790944757.207353,0,0,1,0,-0.12529534848783852,-0.12529534848783852
1790944756.207353,1790944758.207353,0,0,1,0,-0.12529534848783852,-0.12529534848783852
1790944757.207353,1790944759.207353,0,0,1,0,-0.12529534848783852,-0.12529534848783852
1790944758.207353,1790944760.207353,0,0,1,0,-0.12529534848783852,-0.12529534848783852
1790944759.207353,1790944761.207353,0,0,1,0,-0.12529534848783852,-0.12529534848783852
1790944760.207353,1790944762.207353,0,0,1,0,-0.12529534848783852,-0.12529534848783852
1790944761.207353,1790944763.207353,0,0,1,0,-0.12529534848783852,-0.12529534848783852
1790944762.207353,1790944764.207353,0,0,1,0,-0.12529534848783852,-0.12529534848783852
1790944763.207353,1790944765.207353,0,0,1,0,-0.12529534848783852,-0.12529534848783852
1790944764.207353,1790944766.207353,0,0,1,0,-0.12529534848783852,-0.12529534848783852
1790944765.207353,1790944767.207353,0,0,1,0,-0.12529534848783852,-0.12529534848783852
1790944766.207353,1790944768.207353,0,0,1,0,-0.12529534848783852,-0.12529534848783852
1790944767.207353,1790944769.207353,0,0,1,0,-0.12529534848783852,-0.12529534848783852
1790944768.207353,1790944770.207353,0,0,1,0,-0.12529534848783852,-0.12529534848783852
1790944769.207353,1790944771.207353,0,0,1,0,-0.12529534848783852,-0.12529534848783852
1790944770.207353,1790944772.207353,0,0,1,0,-0.12529534848783852,-0.12529534848783852
1790944771.207353,1790944773.207353,0,0,1,0,-0.12529534848783852,-0.12529534848783852
1790944772.207353,1790944774.207353,0,0,1,0,-0.12529534848783852,-0.12529534848783852
1790944773.207353,1790944775.207353,0,0,1,0,-0.12529534848783852,-0.12529534848783852
1790944774.207353,1790944776.207353,0,0,1,0,-0.12529534848783852,-0.12529534848783852
1790944775.207353,1790944777.207353,0,0,1,0,-0.12529534848783852,-0.12529534848783852
1790944776.207353,1790944778.207353,0,0,1,0,-0.12529534848783852,-0.12529534848783852
1790944777.207353,1790944779.207353,0,0,1,0,-0.12529534848783852,-0.12529534848783852
1790944778.207353,1790944780.207353,0,0,1,0,-0.12529534848783852,-0.12529534848783852
1790944779.207353,1790944781.207353,0,0,1,0,-0.12529534848783852,-0.12529534848783852
1790944780.207353,1790944782.207353,0,0,1,0,-0.12529534848783852,-0.12529534848783852
1790944781.207353,1790944783.207353,0,0,1,0,-0.12529534848783852,-0.12529534848783852
1790944782.207353,1790944784.207353,0,0,1,0,-0.12529534848783852,-0.12529534848783852
1790944783.207353,1790944785.207353,0,0,1,0,-0.12529534848783852,-0.12529534848783852
1790944784.207353,1790944786.207353,0,0,1,0,-0.12529534848783852,-0.12529534848783852
1790944785.207353,1790944787.207353,0,0,1,0,-0.12529534848783852,-0.12529534848783852
1790944786.207353,1790944788.207353,0,0,1,0,-0.12529534848783852,-0.12529534848783852
1790944787.207353,1790944789.207353,0,0,1,0,-0.12529534848783852,-0.12529534848783852
1790944788.207353,1790944790.207353,0,0,1,0,-0.12529534848783852,-0.12529534848783852
1790944789.207353,1790944791.207353,0,0,1,0,-0.12529534848783852,-0.12529534848783852
1790944790.207353,1790944792.207353,0,0,1,0,-0.12529534848783852,-0.12529534848783852
1790944791.207353,1790944793.207353,0,0,1,0,-0.12529534848783852,-0.12529534848783852
1790944792.207353,1790944794.207353,0,0,1,0,-0.12529534848783852,-0.12529534848783852
1790944793.207353,1790944795.207353,0,0,1,0,-0.12529534848783852,-0.12529534848783852
1790944794.207353,1790944796.207353,0,0,1,0,-0.12529534848783852,-0.12529534848783852
1790944795.207353,1790944797.207353,0,0,1,0,-0.12529534848783852,-0.12529534848783852
1790944796.207353,1790944798.207353,0,0,1,0,-0.12529534848783852,-0.12529534848783852
1790944797.207353,1790944799.207353,0,0,1,0,-0.12529534848783852,-0.12529534848783852
1790944798.207353,1790944800.207353,0,0,1,0,-0.12529534848783852,-0.12529534848783852
1790944799.207353,1790944801.207353,0,0,1,0,-0.12529534848783852,-0.12529534848783852
1790944800.207353,1790944802.207353,0,0,1,0,-0.12529534848783852,-0.12529534848783852
1790944801.207353,1790944803.207353,0,0,1,0,-0.12529534848783852,-0.12529534848783852
1790944802.207353,1790944804.207353,0,0,1,0,-0.12529534848783852,-0.12529534848783852
1790944803.207353,1790944805.207353,0,0,1,0,-0.12529534848783852,-0.12529534848783852
1790944804.207353,1790944806.207353,0,0,1,0,-0.12529534848783852,-0.12529534848783852
1790944805.207353,1790944807.207353,0,0,1,0,-0.12529534848783852,-0.12529534848783852
1790944806.207353,1790944808.207353,0,0,1,0,-0.12529534848783852,-0.12529534848783852
1790944807.207353,1790944809.207353,0,0,1,0,-0.12529534848783852,-0.12529534848783852
1790944808.207353,1790944810.207353,0,0,1,0,-0.12529534848783852,-0.12529534848783852
1790944809.207353,1790944811.207353,0,0,1,0,-0.12529534848783852,-0.12529534848783852
1790944810.207353,1790944812.207353,0,0,1,0,-0.12529534848783852,-0.12529534848783852
1790944811.207353,1790944813.207353,0,0,1,0,-0.12529534848783852,-0.12529534848783852
1790944812.207353,1790944814.207353,0,0,1,0,-0.12529534848783852,-0.12529534848783852
1790944813.207353,1790944815.207353,0,0,1,0,-0.12529534848783852,-0.12529534848783852
1790944814.207353,1790944816.207353,0,0,1,0,-0.12529534848783852,-0.12529534848783852
1790944815.207353,1790944817.207353,0,0,1,0,-0.12529534848783852,-0.12529534848783852
1790944816.207353,1790944818.207353,0,0,1,0,-0.12529534848783852,-0.12529534848783852
1790944817.207353,1790944819.207353,0,0,1,0,-0.12529534848783852,-0.12529534848783852
1790944818.207353,1790944820.207353,0,0,1,0,-0.12529534848783852,-0.12529534848783852
1790944819.207353,1790944821.207353,0,0,1,0,-0.12529534848783852,-0.12529534848783852
1790944820.207353,1790944822.207353,0,0,1,0,-0.12529534848783852,-0.12529534848783852
1790944821.207353,1790944823.207353,0,0,1,0,-0.12529534848783852,-0.12529534848783852
1790944822.207353,1790944824.207353,0,0,1,0,-0.12529534848783852,-0.12529534848783852
1790944823.207353,1790944825.207353,0,0,1,0,-0.12529534848783852,-0.12529534848783852
1790944824.207353,1790944826.207353,0,0,1,0,-0.12529534848783852,-0.12529534848783852
1790944825.207353,1790944827.207353,0,0,1,0,-0.12529534848783852,-0.12529534848783852
1790944826.207353,1790944828.207353,0,0,1,0,-0.12529534848783852,-0.12529534848783852
1790944827.207353,1790944829.207353,0,0,1,0,-0.12529534848783852,-0.12529534848783852
1790944828.207353,1790944830.207353,0,0,1,0,-0.12529534848783852,-0.12529534848783852
1790944829.207353,1790944831.207353,0,0,1,0,-0.12529534848783852,-0.12529534848783852
1790944830.207353,1790944832.207353,0,0,1,0,-0.12529534848783852,-0.12529534848783852
1790944831.207353,1790944833.207353,0,0,1,0,-0.12529534848783852,-0.12529534848783852
1790944832.207353,1790944834.207353,0,0,1,0,-0.12529534848783852,-0.12529534848783852
1790944833.207353,1790944835.207353,0,0,1,0,-0.12529534848783852,-0.12529534848783852
1790944834.207353,1790944836.207353,0,0,1,0,-0.12529534848783852,-0.12529534848783852
1790944835.207353,1790944837.207353,0,0,1,0,-0.12529534848783852,-0.12529534848783852
1790944836.207353,1790944838.207353,0,0,1,0,-0.12529534848783852,-0.12529534848783852
1790944837.207353,1790944839.207353,0,0,1,0,-0.12529534848783852,-0.12529534848783852
1790944838.207353,1790944840.207353,0,0,1,0,-0.12529534848783852,-0.12529534848783852
1790944839.207353,1790944841.207353,0,0,1,0,-0.12529534848783852,-0.12529534848783852
1790944840.207353,1790944842.207353,0,0,1,0,-0.12529534848783852,-0.12529534848783852
1790944841.207353,1790944843.207353,0,0,1,0,-0.12529534848783852,-0.12529534848783852
1790944842.207353,1790944844.207353,0,0,1,0,-0.12529534848783852,-0.12529534848783852
1790944843.207353,1790944845.207353,0,0,1,0,-0.12529534848783852,-0.12529534848783852
1790944844.207353,1790944846.207353,0,0,1,0,-0.12529534848783852,-0.12529534848783852
1790944845.207353,1790944847.207353,0,0,1,0,-0.12529534848783852,-0.12529534848783852
1790944846.207353,1790944848.207353,0,0,1,0,-0.12529534848783852,-0.12529534848783852
1790944847.207353,1790944849.207353,0,0,1,0,-0.12529534848783852,-0.12529534848783852
1790944848.207353,1790944850.207353,0,0,1,0,-0.12529534848783852,-0.12529534848783852
1790944849.207353,1790944851.207353,0,0,1,0,-0.12529534848783852,-0.12529534848783852
1790944850.207353,1790944852.207353,0,0,1,0,-0.12529534848783852,-0.12529534848783852
1790944851.207353,1790944853.207353,0,0,1,0,-0.12529534848783852,-0.12529534848783852
1790944852.207353,1790944854.207353,0,0,1,0,-0.12529534848783852,-0.12529534848783852
1790944853.207353,1790944855.207353,0,0,1,0,-0.12529534848783852,-0.12529534848783852
1790944854.207353,1790944856.207353,0,0,1,0,-0.12529534848783852,-0.12529534848783852
1790944855.207353,1790944857.207353,0,0,1,0,-0.12529534848783852,-0.12529534848783852
1790944856.207353,1790944858.207353,0,0,1,0,-0.12529534848783852,-0.12529534848783852
1790944857.207353,1790944859.207353,0,0,1,0,-0.12529534848783852,-0.12529534848783852
1790944858.207353,1790944860.207353,0,0,1,0,-0.12529534848783852,-0.12529534848783852
1790944859.207353,1790944861.207353,0,0,1,0,-0.12529534848783852,-0.12529534848783852
1790944860.207353,1790944862.207353,0,0,1,0,-0.12529534848783852,-0.12529534848783852
1790944861.207353,1790944863.207353,0,0,1,0,-0.12529534848783852,-0.12529534848783852
1790944862.207353,1790944864.207353,0,0,1,0,-0.12529534848783852,-0.12529534848783852
1790944863.207353,1790944865.207353,0,0,1,0,-0.12529534848783852,-0.12529534848783852
1790944864.207353,1790944866.207353,0,0,1,0,-0.12529534848783852,-0.12529534848783852
1790944865.207353,1790944867.207353,0,0,1,0,-0.12529534848783852,-0.12529534848783852
1790944866.207353,1790944868.207353,0,0,1,0,-0.12529534848783852,-0.12529534848783852
1790944867.207353,1790944869.207353,0,0,1,0,-0.12529534848783852,-0.12529534848783852
1790944868.207353,1790944870.207353,0,0,1,0,-0.12529534848783852,-0.12529534848783852
1790944869.207353,1790944871.207353,0,0,1,0,-0.12529534848783852,-0.12529534848783852
1790944870.207353,1790944872.207353,0,0,1,0,-0.12529534848783852,-0.12529534848783852
1790944871.207353,1790944873.207353,0,0,1,0,-0.12529534848783852,-0.12529534848783852
1790944872.207353,1790944874.207353,0,0,1,0,-0.12529534848783852,-0.12529534848783852
1790944873.207353,1790944875.207353,0,0,1,0,-0.12529534848783852,-0.12529534848783852
1790944874.207353,1790944876.207353,0,0,1,0,-0.12529534848783852,-0.12529534848783852
1790944875.207353,1790944877.207353,0,0,1,0,-0.12529534848783852,-0.12529534848783852
1790944876.207353,1790944878.207353,0,0,1,0,-0.12529534848783852,-0.12529534848783852
1790944877.207353,1790944879.207353,0,0,1,0,-0.12529534848783852,-0.12529534848783852
1790944878.207353,1790944880.207353,0,0,1,0,-0.12529534848783852,-0.12529534848783852
1790944879.207353,1790944881.207353,0,0,1,0,-0.12529534848783852,-0.12529534848783852
1790944880.207353,1790944882.207353,0,0,1,0,-0.12529534848783852,-0.12529534848783852
1790944881.207353,1790944883.207353,0,0,1,0,-0.12529534848783852,-0.12529534848783852
1790944882.207353,1790944884.207353,0,0,1,0,-0.12529534848783852,-0.12529534848783852
1790944883.207353,1790944885.207353,0,0,1,0,-0.12529534848783852,-0.12529534848783852
1790944884.207353,1790944886.207353,0,0,1,0,-0.12529534848783852,-0.12529534848783852
1790944885.207353,1790944887.207353,0,0,1,0,-0.12529534848783852,-0.12529534848783852
1790944886.207353,1790944888.207353,0,0,1,0,-0.12529534848783852,-0.12529534848783852
1790944887.207353,1790944889.207353,0,0,1,0,-0.12529534848783852,-0.12529534848783852
1790944888.207353,1790944890.207353,0,0,1,0,-0.12529534848783852,-0.12529534848783852
1790944889.207353,1790944891.207353,0,0,1,0,-0.12529534848783852,-0.12529534848783852
1790944890.207353,1790944892.207353,0,0,1,0,-0.12529534848783852,-0.12529534848783852
1790944891.207353,1790944893.207353,0,0,1,0,-0.12529534848783852,-0.12529534848783852
1790944892.207353,1790944894.207353,0,0,1,0,-0.12529534848783852,-0.12529534848783852
1790944893.207353,1790944895.207353,0,0,1,0,-0.12529534848783852,-0.12529534848783852
1790944894.207353,1790944896.207353,0,0,1,0,-0.12529534848783852,-0.12529534848783852
1790944895.207353,1790944897.207353,0,0,1,0,-0.12529534848783852,-0.12529534848783852
1790944896.207353,1790944898.207353,0,0,1,0,-0.12529534848783852,-0.12529534848783852
1790944897.207353,1790944899.207353,0,0,1,0,-0.12529534848783852,-0.12529534848783852
1790944898.207353,1790944900.207353,0,0,1,0,-0.12529534848783852,-0.12529534848783852
1790944899.207353,1790944901.207353,0,0,1,0,-0.12529534848783852,-0.12529534848783852
1790944900.207353,1790944902.207353,0,0,1,0,-0.12529534848783852,-0.12529534848783852
1790944901.207353,1790944903.207353,0,0,1,0,-0.12529534848783852,-0.12529534848783852
1790944902.207353,1790944904.207353,0,0,1,0,-0.12529534848783852,-0.12529534848783852
1790944903.207353,1790944905.207353,0,0,1,0,-0.12529534848783852,-0.12529534848783852
1790944904.207353,1790944906.207353,0,0,1,0,-0.12529534848783852,-0.12529534848783852
1790944905.207353,1790944907.207353,0,0,1,0,-0.12529534848783852,-0.12529534848783852
1790944906.207353,1790944908.207353,0,0,1,0,-0.12529534848783852,-0.12529534848783852
1790944907.207353,1790944909.207353,0,0,1,0,-0.12529534848783852,-0.12529534848783852
1790944908.207353,1790944910.207353,0,0,1,0,-0.12529534848783852,-0.12529534848783852
1790944909.207353,1790944911.207353,0,0,1,0,-0.12529534848783852,-0.12529534848783852
1790944910.207353,1790944912.207353,0,0,1,0,-0.12529534848783852,-0.12529534848783852
1790944911.207353,1790944913.207353,0,0,1,0,-0.12529534848783852,-0.12529534848783852
1790944912.207353,1790944914.207353,0,0,1,0,-0.12529534848783852,-0.12529534848783852
1790944913.207353,1790944915.207353,0,0,1,0,-0.12529534848783852,-0.12529534848783852
1790944914.207353,1790944916.207353,0,0,1,0,-0.12529534848783852,-0.12529534848783852
1790944915.207353,1790944917.207353,0,0,1,0,-0.12529534848783852,-0.12529534848783852
1790944916.207353,1790944918.207353,0,0,1,0,-0.12529534848783852,-0.12529534848783852
1790944917.207353,1790944919.207353,0,0,1,0,-0.12529534848783852,-0.12529534848783852
1790944918.207353,1790944920.207353,0,0,1,0,-0.12529534848783852,-0.12529534848783852
1790944919.207353,1790944921.207353,0,0,1,0,-0.12529534848783852,-0.12529534848783852
1790944920.207353,1790944922.207353,0,0,1,0,-0.12529534848783852,-0.12529534848783852
1790944921.207353,1790944923.207353,0,0,1,0,-0.12529534848783852,-0.12529534848783852
1790944922.207353,1790944924.207353,0,0,1,0,-0.12529534848783852,-0.12529534848783852
1790944923.207353,1790944925.207353,0,0,1,0,-0.12529534848783852,-0.12529534848783852
1790944924.207353,1790944926.207353,0,0,1,0,-0.12529534848783852,-0.12529534848783852
1790944925.207353,1790944927.207353,0,0,1,0,-0.12529534848783852,-0.12529534848783852
1790944926.207353,1790944928.207353,0,0,1,0,-0.12529534848783852,-0.12529534848783852
1790944927.207353,1790944929.207353,0,0,1,0,-0.12529534848783852,-0.12529534848783852
1790944928.207353,1790944930.207353,0,0,1,0,-0.12529534848783852,-0.12529534848783852
1790944929.207353,1790944931.207353,0,0,1,0,-0.12529534848783852,-0.12529534848783852
1790944930.207353,1790944932.207353,0,0,1,0,-0.12529534848783852,-0.12529534848783852
1790944931.207353,1790944933.207353,0,0,1,0,-0.12529534848783852,-0.12529534848783852
1790944932.207353,1790944934.207353,0,0,1,0,-0.12529534848783852,-0.12529534848783852
1790944933.207353,1790944935.207353,0,0,1,0,-0.12529534848783852,-0.12529534848783852
1790944934.207353,1790944936.207353,0,0,1,0,-0.12529534848783852,-0.12529534848783852
1790944935.207353,1790944937.207353,0,0,1,0,-0.12529534848783852,-0.12529534848783852
1790944936.207353,1790944938.207353,0,0,1,0,-0.12529534848783852,-0.12529534848783852
1790944937.207353,1790944939.207353,0,0,1,0,-0.12529534848783852,-0.12529534848783852
1790944938.207353,1790944940.207353,0,0,1,0,-0.12529534848783852,-0.12529534848783852
1790944939.207353,1790944941.207353,0,0,1,0,-0.12529534848783852,-0.12529534848783852
1790944940.207353,1790944942.207353,0,0,1,0,-0.12529534848783852,-0.12529534848783852
1790944941.207353,1790944943.207353,0,0,1,0,-0.12529534848783852,-0.12529534848783852
1790944942.207353,1790944944.207353,0,0,1,0,-0.12529534848783852,-0.12529534848783852
1790944943.207353,1790944945.207353,0,0,1,0,-0.12529534848783852,-0.12529534848783852
1790944944.207353,1790944946.207353,0,0,1,0,-0.12529534848783852,-0.12529534848783852
1790944945.207353,1790944947.207353,0,0,1,0,-0.12529534848783852,-0.12529534848783852
1790944946.207353,1790944948.207353,0,0,1,0,-0.12529534848783852,-0.12529534848783852
1790944947.207353,1790944949.207353,0,0,1,0,-0.12529534848783852,-0.12529534848783852
1790944948.207353,1790944950.207353,0,0,1,0,-0.12529534848783852,-0.12529534848783852
1790944949.207353,1790944951.207353,0,0,1,0,-0.12529534848783852,-0.12529534848783852
1790944950.207353,1790944952.207353,0,0,1,0,-0.12529534848783852,-0.12529534848783852
1790944951.207353,1790944953.207353,0,0,1,0,-0.12529534848783852,-0.12529534848783852
1790944952.207353,1790944954.207353,0,0,1,0,-0.12529534848783852,-0.12529534848783852
1790944953.207353,1790944955.207353,0,0,1,0,-0.12529534848783852,-0.12529534848783852
1790944954.207353,1790944956.207353,0,0,1,0,-0.12529534848783852,-0.12529534848783852
1790944955.207353,1790944957.207353,0,0,1,0,-0.12529534848783852,-0.12529534848783852
1790944956.207353,1790944958.207353,0,0,1,0,-0.12529534848783852,-0.12529534848783852
1790944957.207353,1790944959.207353,0,0,1,0,-0.12529534848783852,-0.12529534848783852
1790944958.207353,1790944960.207353,0,0,1,0,-0.12529534848783852,-0.12529534848783852
1790944959.207353,1790944961.207353,0,0,1,0,-0.12529534848783852,-0.12529534848783852
1790944960.207353,1790944962.207353,0,0,1,0,-0.12529534848783852,-0.12529534848783852
1790944961.207353,1790944963.207353,0,0,1,0,-0.12529534848783852,-0.12529534848783852
1790944962.207353,1790944964.207353,0,0,1,0,-0.12529534848783852,-0.12529534848783852
1790944963.207353,1790944965.207353,0,0,1,0,-0.12529534848783852,-0.12529534848783852
1790944964.207353,1790944966.207353,0,0,1,0,-0.12529534848783852,-0.12529534848783852
1790944965.207353,1790944967.207353,0,0,1,0,-0.12529534848783852,-0.12529534848783852
1790944966.207353,1790944968.207353,0,0,1,0,-0.12529534848783852,-0.12529534848783852
1790944967.207353,1790944969.207353,0,0,1,0,-0.12529534848783852,-0.12529534848783852
1790944968.207353,1790944970.207353,0,0,1,0,-0.12529534848783852,-0.12529534848783852
1790944969.207353,1790944971.207353,0,0,1,0,-0.12529534848783852,-0.12529534848783852
1790944970.207353,1790944972.207353,0,0,1,0,-0.12529534848783852,-0.12529534848783852
1790944971.207353,1790944973.207353,0,0,1,0,-0.12529534848783852,-0.12529534848783852
1790944972.207353,1790944974.207353,0,0,1,0,-0.12529534848783852,-0.12529534848783852
1790944973.207353,1790944975.207353,0,0,1,0,-0.12529534848783852,-0.12529534848783852
1790944974.207353,1790944976.207353,0,0,1,0,-0.12529534848783852,-0.12529534848783852
1790944975.207353,1790944977.207353,0,0,1,0,-0.12529534848783852,-0.12529534848783852
1790944976.207353,1790944978.207353,0,0,1,0,-0.12529534848783852,-0.12529534848783852
1790944977.207353,1790944979.207353,0,0,1,0,-0.12529534848783852,-0.12529534848783852
1790944978.207353,1790944980.207353,0,0,1,0,-0.12529534848783852,-0.12529534848783852
1790944979.207353,1790944981.207353,0,0,1,0,-0.12529534848783852,-0.12529534848783852
1790944980.207353,1790944982.207353,0,0,1,0,-0.12529534848783852,-0.12529534848783852
1790944981.207353,1790944983.207353,0,0,1,0,-0.12529534848783852,-0.12529534848783852
1790944982.207353,1790944984.207353,0,0,1,0,-0.12529534848783852,-0.12529534848783852
1790944983.207353,1790944985.207353,0,0,1,0,-0.12529534848783852,-0.12529534848783852
1790944984.207353,1790944986.207353,0,0,1,0,-0.12529534848783852,-0.12529534848783852
1790944985.207353,1790944987.207353,0,0,1,0,-0.12529534848783852,-0.12529534848783852
1790944986.207353,1790944988.207353,0,0,1,0,-0.12529534848783852,-0.12529534848783852
1790944987.207353,1790944989.207353,0,0,1,0,-0.12529534848783852,-0.12529534848783852
1790944988.207353,1790944990.207353,0,0,1,0,-0.12529534848783852,-0.12529534848783852
1790944989.207353,1790944991.207353,0,0,1,0,-0.12529534848783852,-0.12529534848783852
1790944990.207353,1790944992.207353,0,0,1,0,-0.12529534848783852,-0.12529534848783852
1790944991.207353,1790944993.207353,0,0,1,0,-0.12529534848783852,-0.12529534848783852
1790944992.207353,1790944994.207353,0,0,1,0,-0.12529534848783852,-0.12529534848783852
1790944993.207353,1790944995.207353,0,0,1,0,-0.12529534848783852,-0.12529534848783852
1790944994.207353,1790944996.207353,0,0,1,0,-0.12529534848783852,-0.12529534848783852
1790944995.207353,1790944997.207353,0,0,1,0,-0.12529534848783852,-0.12529534848783852
1790944996.207353,1790944998.207353,0,0,1,0,-0.12529534848783852,-0.12529534848783852
1790944997.207353,1790944999.207353,0,0,1,0,-0.12529534848783852,-0.12529534848783852
1790944998.207353,1790945000.207353,0,0,1,0,-0.12529534848783852,-0.12529534848783852
1790944999.207353,1790945001.207353,0,0,1,0,-0.12529534848783852,-0.12529534848783852
1790945000.207353,1790945002.207353,0,0,1,0,-0.12529534848783852,-0.12529534848783852
1790945001.207353,1790945003.207353,0,0,1,0,-0.12529534848783852,-0.12529534848783852
1790945002.207353,1790945004.207353,0,0,1,0,-0.12529534848783852,-0.12529534848783852
1790945003.207353,1790945005.207353,0,0,1,0,-0.12529534848783852,-0.12529534848783852
1790945004.207353,1790945006.207353,0,0,1,0,-0.12529534848783852,-0.12529534848783852
1790945005.207353,1790945007.207353,0,0,1,0,-0.12529534848783852,-0.12529534848783852
1790945006.207353,1790945008.207353,0,0,1,0,-0.12529534848783852,-0.12529534848783852
1790945007.207353,1790945009.207353,0,0,1,0,-0.12529534848783852,-0.12529534848783852
1790945008.207353,1790945010.207353,0,0,1,0,-0.12529534848783852,-0.12529534848783852
1790945009.207353,1790945011.207353,0,0,1,0,-0.12529534848783852,-0.12529534848783852
1790945010.207353,1790945012.207353,0,0,1,0,-0.12529534848783852,-0.12529534848783852
1790945011.207353,1790945013.207353,0,0,1,0,-0.12529534848783852,-0.12529534848783852
1790945012.207353,1790945014.207353,0,0,1,0,-0.12529534848783852,-0.12529534848783852
1790945013.207353,1790945015.207353,0,0,1,0,-0.12529534848783852,-0.12529534848783852
1790945014.207353,1790945016.207353,0,0,1,0,-0.12529534848783852,-0.12529534848783852
1790945015.207353,1790945017.207353,0,0,1,0,-0.12529534848783852,-0.12529534848783852
1790945016.207353,1790945018.207353,0,0,1,0,-0.12529534848783852,-0.12529534848783852
1790945017.207353,1790945019.207353,0,0,1,0,-0.12529534848783852,-0.12529534848783852
1790945018.207353,1790945020.207353,0,0,1,0,-0.12529534848783852,-0.12529534848783852
1790945019.207353,1790945021.207353,0,0,1,0,-0.12529534848783852,-0.12529534848783852
1790945020.207353,1790945022.207353,0,0,1,0,-0.12529534848783852,-0.12529534848783852
1790945021.207353,1790945023.207353,0,0,1,0,-0.12529534848783852,-0.12529534848783852
1790945022.207353,1790945024.207353,0,0,1,0,-0.12529534848783852,-0.12529534848783852
1790945023.207353,1790945025.207353,0,0,1,0,-0.12529534848783852,-0.12529534848783852
1790945024.207353,1790945026.207353,0,0,1,0,-0.12529534848783852,-0.12529534848783852
1790945025.207353,1790945027.207353,0,0,1,0,-0.12529534848783852,-0.12529534848783852
1790945026.207353,1790945028.207353,0,0,1,0,-0.12529534848783852,-0.12529534848783852
1790945027.207353,1790945029.207353,0,0,1,0,-0.12529534848783852,-0.12529534848783852
1790945028.207353,1790945030.207353,0,0,1,0,-0.12529534848783852,-0.12529534848783852
1790945029.207353,1790945031.207353,0,0,1,0,-0.12529534848783852,-0.12529534848783852
1790945030.207353,1790945032.207353,0,0,1,0,-0.12529534848783852,-0.12529534848783852
1790945031.207353,1790945033.207353,0,0,1,0,-0.12529534848783852,-0.12529534848783852
1790945032.207353,1790945034.207353,0,0,1,0,-0.12529534848783852,-0.12529534848783852
1790945033.207353,1790945035.207353,0,0,1,0,-0.12529534848783852,-0.12529534848783852
1790945034.207353,1790945036.207353,0,0,1,0,-0.12529534848783852,-0.12529534848783852
1790945035.207353,1790945037.207353,0,0,1,0,-0.12529534848783852,-0.12529534848783852
1790945036.207353,1790945038.207353,0,0,1,0,-0.12529534848783852,-0.12529534848783852
1790945037.207353,1790945039.207353,0,0,1,0,-0.12529534848783852,-0.12529534848783852
1790945038.207353,1790945040.207353,0,0,1,0,-0.12529534848783852,-0.12529534848783852
1790945039.207353,1790945041.207353,0,0,1,0,-0.12529534848783852,-0.12529534848783852
1790945040.207353,1790945042.207353,0,0,1,0,-0.12529534848783852,-0.12529534848783852
1790945041.207353,1790945043.207353,0,0,1,0,-0.12529534848783852,-0.12529534848783852
1790945042.207353,1790945044.207353,0,0,1,0,-0.12529534848783852,-0.12529534848783852
1790945043.207353,1790945045.207353,0,0,1,0,-0.12529534848783852,-0.12529534848783852
1790945044.207353,1790945046.207353,0,0,1,0,-0.12529534848783852,-0.12529534848783852
1790945045.207353,1790945047.207353,0,0,1,0,-0.12529534848783852,-0.12529534848783852
1790945046.207353,1790945048.207353,0,0,1,0,-0.12529534848783852,-0.12529534848783852
1790945047.207353,1790945049.207353,0,0,1,0,-0.12529534848783852,-0.12529534848783852
1790945048.207353,1790945050.207353,0,0,1,0,-0.12529534848783852,-0.12529534848783852
1790945049.207353,1790945051.207353,0,0,1,0,-0.12529534848783852,-0.12529534848783852
1790945050.207353,1790945052.207353,0,0,1,0,-0.12529534848783852,-0.12529534848783852
1790945051.207353,1790945053.207353,0,0,1,0,-0.12529534848783852,-0.12529534848783852
1790945052.207353,1790945054.207353,0,0,1,0,-0.12529534848783852,-0.12529534848783852
1790945053.207353,1790945055.207353,0,0,1,0,-0.12529534848783852,-0.12529534848783852
1790945054.207353,1790945056.207353,0,0,1,0,-0.12529534848783852,-0.12529534848783852
1790945055.207353,1790945057.207353,0,0,1,0,-0.12529534848783852,-0.12529534848783852
1790945056.207353,1790945058.207353,0,0,1,0,-0.12529534848783852,-0.12529534848783852
1790945057.207353,1790945059.207353,0,0,1,0,-0.12529534848783852,-0.12529534848783852
1790945058.207353,1790945060.207353,0,0,1,0,-0.12529534848783852,-0.12529534848783852
1790945059.207353,1790945061.207353,0,0,1,0,-0.12529534848783852,-0.12529534848783852
1790945060.207353,1790945062.207353,0,0,1,0,-0.12529534848783852,-0.12529534848783852
1790945061.207353,1790945063.207353,0,0,1,0,-0.12529534848783852,-0.12529534848783852
1790945062.207353,1790945064.207353,0,0,1,0,-0.12529534848783852,-0.12529534848783852
1790945063.207353,1790945065.207353,0,0,1,0,-0.12529534848783852,-0.12529534848783852
1790945064.207353,1790945066.207353,0,0,1,0,-0.12529534848783852,-0.12529534848783852
1790945065.207353,1790945067.207353,0,0,1,0,-0.12529534848783852,-0.12529534848783852
1790945066.207353,1790945068.207353,0,0,1,0,-0.12529534848783852,-0.12529534848783852
1790945067.207353,1790945069.207353,0,0,1,0,-0.12529534848783852,-0.12529534848783852
1790945068.207353,1790945070.207353,0,0,1,0,-0.12529534848783852,-0.12529534848783852
1790945069.207353,1790945071.207353,0,0,1,0,-0.12529534848783852,-0.12529534848783852
1790945070.207353,1790945072.207353,0,0,1,0,-0.12529534848783852,-0.12529534848783852
1790945071.207353,1790945073.207353,0,0,1,0,-0.12529534848783852,-0.12529534848783852
1790945072.207353,1790945074.207353,0,0,1,0,-0.12529534848783852,-0.12529534848783852
1790945073.207353,1790945075.207353,0,0,1,0,-0.12529534848783852,-0.12529534848783852
1790945074.207353,1790945076.207353,0,0,1,0,-0.12529534848783852,-0.12529534848783852
1790945075.207353,1790945077.207353,0,0,1,0,-0.12529534848783852,-0.12529534848783852
1790945076.207353,1790945078.207353,0,0,1,0,-0.12529534848783852,-0.12529534848783852
1790945077.207353,1790945079.207353,0,0,1,0,-0.12529534848783852,-0.12529534848783852
1790945078.207353,1790945080.207353,0,0,1,0,-0.12529534848783852,-0.12529534848783852
1790945079.207353,1790945081.207353,0,0,1,0,-0.12529534848783852,-0.12529534848783852
1790945080.207353,1790945082.207353,0,0,1,0,-0.12529534848783852,-0.12529534848783852
1790945081.207353,1790945083.207353,0,0,1,0,-0.12529534848783852,-0.12529534848783852
1790945082.207353,1790945084.207353,0,0,1,0,-0.12529534848783852,-0.12529534848783852
1790945083.207353,1790945085.207353,0,0,1,0,-0.12529534848783852,-0.12529534848783852
1790945084.207353,1790945086.207353,0,0,1,0,-0.12529534848783852,-0.12529534848783852
1790945085.207353,1790945087.207353,0,0,1,0,-0.12529534848783852,-0.12529534848783852
1790945086.207353,1790945088.207353,0,0,1,0,-0.12529534848783852,-0.12529534848783852
1790945087.207353,1790945089.207353,0,0,1,0,-0.12529534848783852,-0.12529534848783852
1790945088.207353,1790945090.207353,0,0,1,0,-0.12529534848783852,-0.12529534848783852
1790945089.207353,1790945091.207353,0,0,1,0,-0.12529534848783852,-0.12529534848783852
1790945090.207353,1790945092.207353,0,0,1,0,-0.12529534848783852,-0.12529534848783852
1790945091.207353,1790945093.207353,0,0,1,0,-0.12529534848783852,-0.12529534848783852
1790945092.207353,1790945094.207353,0,0,1,0,-0.12529534848783852,-0.12529534848783852
1790945093.207353,1790945095.207353,0,0,1,0,-0.12529534848783852,-0.12529534848783852
1790945094.207353,1790945096.207353,0,0,1,0,-0.12529534848783852,-0.12529534848783852
1790945095.207353,1790945097.207353,0,0,1,0,-0.12529534848783852,-0.12529534848783852
1790945096.207353,1790945098.207353,0,0,1,0,-0.12529534848783852,-0.12529534848783852
1790945097.207353,1790945099.207353,0,0,1,0,-0.12529534848783852,-0.12529534848783852
1790945098.207353,1790945100.207353,0,0,1,0,-0.12529534848783852,-0.12529534848783852
1790945099.207353,1790945101.207353,0,0,1,0,-0.12529534848783852,-0.12529534848783852
1790945100.207353,1790945102.207353,0,0,1,0,-0.12529534848783852,-0.12529534848783852
1790945101.207353,1790945103.207353,0,0,1,0,-0.12529534848783852,-0.12529534848783852
1790945102.207353,1790945104.207353,0,0,1,0,-0.12529534848783852,-0.12529534848783852
1790945103.207353,1790945105.207353,0,0,1,0,-0.12529534848783852,-0.12529534848783852
1790945104.207353,1790945106.207353,0,0,1,0,-0.12529534848783852,-0.12529534848783852
1790945105.207353,1790945107.207353,0,0,1,0,-0.12529534848783852,-0.12529534848783852
1790945106.207353,1790945108.207353,0,0,1,0,-0.12529534848783852,-0.12529534848783852
1790945107.207353,1790945109.207353,0,0,1,0,-0.12529534848783852,-0.12529534848783852
1790945108.207353,1790945110.207353,0,0,1,0,-0.12529534848783852,-0.12529534848783852
1790945109.207353,1790945111.207353,0,0,1,0,-0.12529534848783852,-0.12529534848783852
1790945110.207353,1790945112.207353,0,0,1,0,-0.12529534848783852,-0.12529534848783852
1790945111.207353,1790945113.207353,0,0,1,0,-0.12529534848783852,-0.12529534848783852
1790945112.207353,1790945114.207353,0,0,1,0,-0.12529534848783852,-0.12529534848783852
1790945113.207353,1790945115.207353,0,0,1,0,-0.12529534848783852,-0.12529534848783852
1790945114.207353,1790945116.207353,0,0,1,0,-0.12529534848783852,-0.12529534848783852
1790945115.207353,1790945117.207353,0,0,1,0,-0.12529534848783852,-0.12529534848783852
1790945116.207353,1790945118.207353,0,0,1,0,-0.12529534848783852,-0.12529534848783852
1790945117.207353,1790945119.207353,0,0,1,0,-0.12529534848783852,-0.12529534848783852
1790945118.207353,1790945120.207353,0,0,1,0,-0.12529534848783852,-0.12529534848783852
1790945119.207353,1790945121.207353,0,0,1,0,-0.12529534848783852,-0.12529534848783852
1790945120.207353,1790945122.207353,0,0,1,0,-0.12529534848783852,-0.12529534848783852
1790945121.207353,1790945123.207353,0,0,1,0,-0.12529534848783852,-0.12529534848783852
1790945122.207353,1790945124.207353,0,0,1,0,-0.12529534848783852,-0.12529534848783852
1790945123.207353,1790945125.207353,0,0,1,0,-0.12529534848783852,-0.12529534848783852
1790945124.207353,1790945126.207353,0,0,1,0,-0.12529534848783852,-0.12529534848783852
1790945125.207353,1790945127.207353,0,0,1,0,-0.12529534848783852,-0.12529534848783852
1790945126.207353,1790945128.207353,0,0,1,0,-0.12529534848783852,-0.12529534848783852
1790945127.207353,1790945129.207353,0,0,1,0,-0.12529534848783852,-0.12529534848783852
1790945128.207353,1790945130.207353,0,0,1,0,-0.12529534848783852,-0.12529534848783852
1790945129.207353,1790945131.207353,0,0,1,0,-0.12529534848783852,-0.12529534848783852
1790945130.207353,1790945132.207353,0,0,1,0,-0.12529534848783852,-0.12529534848783852
1790945131.207353,1790945133.207353,0,0,1,0,-0.12529534848783852,-0.12529534848783852
1790945132.207353,1790945134.207353,0,0,1,0,-0.12529534848783852,-0.12529534848783852
1790945133.207353,1790945135.207353,0,0,1,0,-0.12529534848783852,-0.12529534848783852
1790945134.207353,1790945136.207353,0,0,1,0,-0.12529534848783852,-0.12529534848783852
1790945135.207353,1790945137.207353,0,0,1,0,-0.12529534848783852,-0.12529534848783852
1790945136.207353,1790945138.207353,0,0,1,0,-0.12529534848783852,-0.12529534848783852
1790945137.207353,1790945139.207353,0,0,1,0,-0.12529534848783852,-0.12529534848783852
1790945138.207353,1790945140.207353,0,0,1,0,-0.12529534848783852,-0.12529534848783852
1790945139.207353,1790945141.207353,0,0,1,0,-0.12529534848783852,-0.12529534848783852
1790945140.207353,1790945142.207353,0,0,1,0,-0.12529534848783852,-0.12529534848783852
1790945141.207353,1790945143.207353,0,0,1,0,-0.12529534848783852,-0.12529534848783852
1790945142.207353,1790945144.207353,0,0,1,0,-0.12529534848783852,-0.12529534848783852
1790945143.207353,1790945145.207353,0,0,1,0,-0.12529534848783852,-0.12529534848783852
1790945144.207353,1790945146.207353,0,0,1,0,-0.12529534848783852,-0.12529534848783852
1790945145.207353,1790945147.207353,0,0,1,0,-0.12529534848783852,-0.12529534848783852
1790945146.207353,1790945148.207353,0,0,1,0,-0.12529534848783852,-0.12529534848783852
1790945147.207353,1790945149.207353,0,0,1,0,-0.12529534848783852,-0.12529534848783852
1790945148.207353,1790945150.207353,0,0,1,0,-0.12529534848783852,-0.12529534848783852
1790945149.207353,1790945151.207353,0,0,1,0,-0.12529534848783852,-0.12529534848783852
1790945150.207353,1790945152.207353,0,0,1,0,-0.12529534848783852,-0.12529534848783852
1790945151.207353,1790945153.207353,0,0,1,0,-0.12529534848783852,-0.12529534848783852
1790945152.207353,1790945154.207353,0,0,1,0,-0.12529534848783852,-0.12529534848783852
1790945153.207353,1790945155.207353,0,0,1,0,-0.12529534848783852,-0.12529534848783852
1790945154.207353,1790945156.207353,0,0,1,0,-0.12529534848783852,-0.12529534848783852
1790945155.207353,1790945157.207353,0,0,1,0,-0.12529534848783852,-0.12529534848783852
1790945156.207353,1790945158.207353,0,0,1,0,-0.12529534848783852,-0.12529534848783852
1790945157.207353,1790945159.207353,0,0,1,0,-0.12529534848783852,-0.12529534848783852
1790945158.207353,1790945160.207353,0,0,1,0,-0.12529534848783852,-0.12529534848783852
1790945159.207353,1790945161.207353,0,0,1,0,-0.12529534848783852,-0.12529534848783852
1790945160.207353,1790945162.207353,0,0,1,0,-0.12529534848783852,-0.12529534848783852
1790945161.207353,1790945163.207353,0,0,1,0,-0.12529534848783852,-0.12529534848783852
1790945162.207353,1790945164.207353,0,0,1,0,-0.12529534848783852,-0.12529534848783852
1790945163.207353,1790945165.207353,0,0,1,0,-0.12529534848783852,-0.12529534848783852
1790945164.207353,1790945166.207353,0,0,1,0,-0.12529534848783852,-0.12529534848783852
1790945165.207353,1790945167.207353,0,0,1,0,-0.12529534848783852,-0.12529534848783852
1790945166.207353,1790945168.207353,0,0,1,0,-0.12529534848783852,-0.12529534848783852
1790945167.207353,1790945169.207353,0,0,1,0,-0.12529534848783852,-0.12529534848783852
1790945168.207353,1790945170.207353,0,0,1,0,-0.12529534848783852,-0.12529534848783852
1790945169.207353,1790945171.207353,0,0,1,0,-0.12529534848783852,-0.12529534848783852
1790945170.207353,1790945172.207353,0,0,1,0,-0.12529534848783852,-0.12529534848783852
1790945171.207353,1790945173.207353,0,0,1,0,-0.12529534848783852,-0.12529534848783852
1790945172.207353,1790945174.207353,0,0,1,0,-0.12529534848783852,-0.12529534848783852
1790945173.207353,1790945175.207353,0,0,1,0,-0.12529534848783852,-0.12529534848783852
1790945174.207353,1790945176.207353,0,0,1,0,-0.12529534848783852,-0.12529534848783852
1790945175.207353,1790945177.207353,0,0,1,0,-0.12529534848783852,-0.12529534848783852
1790945176.207353,1790945178.207353,0,0,1,0,-0.12529534848783852,-0.12529534848783852
1790945177.207353,1790945179.207353,0,0,1,0,-0.12529534848783852,-0.12529534848783852
1790945178.207353,1790945180.207353,0,0,1,0,-0.12529534848783852,-0.12529534848783852
1790945179.207353,1790945181.207353,0,0,1,0,-0.12529534848783852,-0.12529534848783852
1790945180.207353,1790945182.207353,0,0,1,0,-0.12529534848783852,-0.12529534848783852
1790945181.207353,1790945183.207353,0,0,1,0,-0.12529534848783852,-0.12529534848783852
1790945182.207353,1790945184.207353,0,0,1,0,-0.12529534848783852,-0.12529534848783852
1790945183.207353,1790945185.207353,0,0,1,0,-0.12529534848783852,-0.12529534848783852
1790945184.207353,1790945186.207353,0,0,1,0,-0.12529534848783852,-0.12529534848783852
1790945185.207353,1790945187.207353,0,0,1,0,-0.12529534848783852,-0.12529534848783852
1790945186.207353,1790945188.207353,0,0,1,0,-0.12529534848783852,-0.12529534848783852
1790945187.207353,1790945189.207353,0,0,1,0,-0.12529534848783852,-0.12529534848783852
1790945188.207353,1790945190.207353,0,0,1,0,-0.12529534848783852,-0.12529534848783852
1790945189.207353,1790945191.207353,0,0,1,0,-0.12529534848783852,-0.12529534848783852
1790945190.207353,1790945192.207353,0,0,1,0,-0.12529534848783852,-0.12529534848783852
1790945191.207353,1790945193.207353,0,0,1,0,-0.12529534848783852,-0.12529534848783852
1790945192.207353,1790945194.207353,0,0,1,0,-0.12529534848783852,-0.12529534848783852
1790945193.207353,1790945195.207353,0,0,1,0,-0.12529534848783852,-0.12529534848783852
1790945194.207353,1790945196.207353,0,0,1,0,-0.12529534848783852,-0.12529534848783852
1790945195.207353,1790945197.207353,0,0,1,0,-0.12529534848783852,-0.12529534848783852
1790945196.207353,1790945198.207353,0,0,1,0,-0.12529534848783852,-0.12529534848783852
1790945197.207353,1790945199.207353,0,0,1,0,-0.12529534848783852,-0.12529534848783852
1790945198.207353,1790945200.207353,0,0,1,0,-0.12529534848783852,-0.12529534848783852
1790945199.207353,1790945201.207353,0,0,1,0,-0.12529534848783852,-0.12529534848783852
1790945200.207353,1790945202.207353,0,0,1,0,-0.12529534848783852,-0.12529534848783852
1790945201.207353,1790945203.207353,0,0,1,0,-0.12529534848783852,-0.12529534848783852
1790945202.207353,1790945204.207353,0,0,1,0,-0.12529534848783852,-0.12529534848783852
1790945203.207353,1790945205.207353,0,0,1,0,-0.12529534848783852,-0.12529534848783852
1790945204.207353,1790945206.207353,0,0,1,0,-0.12529534848783852,-0.12529534848783852
1790945205.207353,1790945207.207353,0,0,1,0,-0.12529534848783852,-0.12529534848783852
1790945206.207353,1790945208.207353,0,0,1,0,-0.12529534848783852,-0.12529534848783852
1790945207.207353,1790945209.207353,0,0,1,0,-0.12529534848783852,-0.12529534848783852
1790945208.207353,1790945210.207353,0,0,1,0,-0.12529534848783852,-0.12529534848783852
1790945209.207353,1790945211.207353,0,0,1,0,-0.12529534848783852,-0.12529534848783852
1790945210.207353,1790945212.207353,0,0,1,0,-0.12529534848783852,-0.12529534848783852
1790945211.207353,1790945213.207353,0,0,1,0,-0.12529534848783852,-0.12529534848783852
1790945212.207353,1790945214.207353,0,0,1,0,-0.12529534848783852,-0.12529534848783852
1790945213.207353,1790945215.207353,0,0,1,0,-0.12529534848783852,-0.12529534848783852
1790945214.207353,1790945216.207353,0,0,1,0,-0.12529534848783852,-0.12529534848783852
1790945215.207353,1790945217.207353,0,0,1,0,-0.12529534848783852,-0.12529534848783852
1790945216.207353,1790945218.207353,0,0,1,0,-0.12529534848783852,-0.12529534848783852
1790945217.207353,1790945219.207353,0,0,1,0,-0.12529534848783852,-0.12529534848783852
1790945218.207353,1790945220.207353,0,0,1,0,-0.12529534848783852,-0.12529534848783852
1790945219.207353,1790945221.207353,0,0,1,0,-0.12529534848783852,-0.12529534848783852
1790945220.207353,1790945222.207353,0,0,1,0,-0.12529534848783852,-0.12529534848783852
1790945221.207353,1790945223.207353,0,0,1,0,-0.12529534848783852,-0.12529534848783852
1790945222.207353,1790945224.207353,0,0,1,0,-0.12529534848783852,-0.12529534848783852
1790945223.207353,1790945225.207353,0,0,1,0,-0.12529534848783852,-0.12529534848783852
1790945224.207353,1790945226.207353,0,0,1,0,-0.12529534848783852,-0.12529534848783852
1790945225.207353,1790945227.207353,0,0,1,0,-0.12529534848783852,-0.12529534848783852
1790945226.207353,1790945228.207353,0,0,1,0,-0.12529534848783852,-0.12529534848783852
1790945227.207353,1790945229.207353,0,0,1,0,-0.12529534848783852,-0.12529534848783852
1790945228.207353,1790945230.207353,0,0,1,0,-0.12529534848783852,-0.12529534848783852
1790945229.207353,1790945231.207353,0,0,1,0,-0.12529534848783852,-0.12529534848783852
1790945230.207353,1790945232.207353,0,0,1,0,-0.12529534848783852,-0.12529534848783852
1790945231.207353,1790945233.207353,0,0,1,0,-0.12529534848783852,-0.12529534848783852
1790945232.207353,1790945234.207353,0,0,1,0,-0.12529534848783852,-0.12529534848783852
1790945233.207353,1790945235.207353,0,0,1,0,-0.12529534848783852,-0.12529534848783852
1790945234.207353,1790945236.207353,0,0,1,0,-0.12529534848783852,-0.12529534848783852
1790945235.207353,1790945237.207353,0,0,1,0,-0.12529534848783852,-0.12529534848783852
1790945236.207353,1790945238.207353,0,0,1,0,-0.12529534848783852,-0.12529534848783852
1790945237.207353,1790945239.207353,0,0,1,0,-0.12529534848783852,-0.12529534848783852
1790945238.207353,1790945240.207353,0,0,1,0,-0.12529534848783852,-0.12529534848783852
1790945239.207353,1790945241.207353,0,0,1,0,-0.12529534848783852,-0.12529534848783852
1790945240.207353,1790945242.207353,0,0,1,0,-0.12529534848783852,-0.12529534848783852
1790945241.207353,1790945243.207353,0,0,1,0,-0.12529534848783852,-0.12529534848783852
1790945242.207353,1790945244.207353,0,0,1,0,-0.12529534848783852,-0.12529534848783852
1790945243.207353,1790945245.207353,0,0,1,0,-0.12529534848783852,-0.12529534848783852
1790945244.207353,1790945246.207353,0,0,1,0,-0.12529534848783852,-0.12529534848783852
1790945245.207353,1790945247.207353,0,0,1,0,-0.12529534848783852,-0.12529534848783852
1790945246.207353,1790945248.207353,0,0,1,0,-0.12529534848783852,-0.12529534848783852
1790945247.207353,1790945249.207353,0,0,1,0,-0.12529534848783852,-0.12529534848783852
1790945248.207353,1790945250.207353,0,0,1,0,-0.12529534848783852,-0.12529534848783852
1790945249.207353,1790945251.207353,0,0,1,0,-0.12529534848783852,-0.12529534848783852
1790945250.207353,1790945252.207353,0,0,1,0,-0.12529534848783852,-0.12529534848783852
1790945251.207353,1790945253.207353,0,0,1,0,-0.12529534848783852,-0.12529534848783852
1790945252.207353,1790945254.207353,0,0,1,0,-0.12529534848783852,-0.12529534848783852
1790945253.207353,1790945255.207353,0,0,1,0,-0.12529534848783852,-0.12529534848783852
1790945254.207353,1790945256.207353,0,0,1,0,-0.12529534848783852,-0.12529534848783852
1790945255.207353,1790945257.207353,0,0,1,0,-0.12529534848783852,-0.12529534848783852
1790945256.207353,1790945258.207353,0,0,1,0,-0.12529534848783852,-0.12529534848783852
1790945257.207353,1790945259.207353,0,0,1,0,-0.12529534848783852,-0.12529534848783852
1790945258.207353,1790945260.207353,0,0,1,0,-0.12529534848783852,-0.12529534848783852
1790945259.207353,1790945261.207353,0,0,1,0,-0.12529534848783852,-0.12529534848783852
1790945260.207353,1790945262.207353,0,0,1,0,-0.12529534848783852,-0.12529534848783852
1790945261.207353,1790945263.207353,0,0,1,0,-0.12529534848783852,-0.12529534848783852
1790945262.207353,1790945264.207353,0,0,1,0,-0.12529534848783852,-0.12529534848783852
1790945263.207353,1790945265.207353,0,0,1,0,-0.12529534848783852,-0.12529534848783852
1790945264.207353,1790945266.207353,0,0,1,0,-0.12529534848783852,-0.12529534848783852
1790945265.207353,1790945267.207353,0,0,1,0,-0.12529534848783852,-0.12529534848783852
1790945266.207353,1790945268.207353,0,0,1,0,-0.12529534848783852,-0.12529534848783852
1790945267.207353,1790945269.207353,0,0,1,0,-0.12529534848783852,-0.12529534848783852
1790945268.207353,1790945270.207353,0,0,1,0,-0.12529534848783852,-0.12529534848783852
1790945269.207353,1790945271.207353,0,0,1,0,-0.12529534848783852,-0.12529534848783852
1790945270.207353,1790945272.207353,0,0,1,0,-0.12529534848783852,-0.12529534848783852
1790945271.207353,1790945273.207353,0,0,1,0,-0.12529534848783852,-0.12529534848783852
1790945272.207353,1790945274.207353,0,0,1,0,-0.12529534848783852,-0.12529534848783852
1790945273.207353,1790945275.207353,0,0,1,0,-0.12529534848783852,-0.12529534848783852
1790945274.207353,1790945276.207353,0,0,1,0,-0.12529534848783852,-0.12529534848783852
1790945275.207353,1790945277.207353,0,0,1,0,-0.12529534848783852,-0.12529534848783852
1790945276.207353,1790945278.207353,0,0,1,0,-0.12529534848783852,-0.12529534848783852
1790945277.207353,1790945279.207353,0,0,1,0,-0.12529534848783852,-0.12529534848783852
1790945278.207353,1790945280.207353,0,0,1,0,-0.12529534848783852,-0.12529534848783852
1790945279.207353,1790945281.207353,0,0,1,0,-0.12529534848783852,-0.12529534848783852
1790945280.207353,1790945282.207353,0,0,1,0,-0.12529534848783852,-0.12529534848783852
1790945281.207353,1790945283.207353,0,0,1,0,-0.12529534848783852,-0.12529534848783852
1790945282.207353,1790945284.207353,0,0,1,0,-0.12529534848783852,-0.12529534848783852
1790945283.207353,1790945285.207353,0,0,1,0,-0.12529534848783852,-0.12529534848783852
1790945284.207353,1790945286.207353,0,0,1,0,-0.12529534848783852,-0.12529534848783852
1790945285.207353,1790945287.207353,0,0,1,0,-0.12529534848783852,-0.12529534848783852
1790945286.207353,1790945288.207353,0,0,1,0,-0.12529534848783852,-0.12529534848783852
1790945287.207353,1790945289.207353,0,0,1,0,-0.12529534848783852,-0.12529534848783852
1790945288.207353,1790945290.207353,0,0,1,0,-0.12529534848783852,-0.12529534848783852
1790945289.207353,1790945291.207353,0,0,1,0,-0.12529534848783852,-0.12529534848783852
1790945290.207353,1790945292.207353,0,0,1,0,-0.12529534848783852,-0.12529534848783852
1790945291.207353,1790945293.207353,0,0,1,0,-0.12529534848783852,-0.12529534848783852
1790945292.207353,1790945294.207353,0,0,1,0,-0.12529534848783852,-0.12529534848783852
1790945293.207353,1790945295.207353,0,0,1,0,-0.12529534848783852,-0.12529534848783852
1790945294.207353,1790945296.207353,0,0,1,0,-0.12529534848783852,-0.12529534848783852
1790945295.207353,1790945297.207353,0,0,1,0,-0.12529534848783852,-0.12529534848783852
1790945296.207353,1790945298.207353,0,0,1,0,-0.12529534848783852,-0.12529534848783852
1790945297.207353,1790945299.207353,0,0,1,0,-0.12529534848783852,-0.12529534848783852
1790945298.207353,1790945300.207353,0,0,1,0,-0.12529534848783852,-0.12529534848783852
1790945299.207353,1790945301.207353,0,0,1,0,-0.12529534848783852,-0.12529534848783852
1790945300.207353,1790945302.207353,0,0,1,0,-0.12529534848783852,-0.12529534848783852
1790945301.207353,1790945303.207353,0,0,1,0,-0.12529534848783852,-0.12529534848783852
1790945302.207353,1790945304.207353,0,0,1,0,-0.12529534848783852,-0.12529534848783852
1790945303.207353,1790945305.207353,0,0,1,0,-0.12529534848783852,-0.12529534848783852
1790945304.207353,1790945306.207353,0,0,1,0,-0.12529534848783852,-0.12529534848783852
1790945305.207353,1790945307.207353,0,0,1,0,-0.12529534848783852,-0.12529534848783852
1790945306.207353,1790945308.207353,0,0,1,0,-0.12529534848783852,-0.12529534848783852
1790945307.207353,1790945309.207353,0,0,1,0,-0.12529534848783852,-0.12529534848783852
1790945308.207353,1790945310.207353,0,0,1,0,-0.12529534848783852,-0.12529534848783852
1790945309.207353,1790945311.207353,0,0,1,0,-0.12529534848783852,-0.12529534848783852
1790945310.207353,1790945312.207353,0,0,1,0,-0.12529534848783852,-0.12529534848783852
1790945311.207353,1790945313.207353,0,0,1,0,-0.12529534848783852,-0.12529534848783852
1790945312.207353,1790945314.207353,0,0,1,0,-0.12529534848783852,-0.12529534848783852
1790945313.207353,1790945315.207353,0,0,1,0,-0.12529534848783852,-0.12529534848783852
1790945314.207353,1790945316.207353,0,0,1,0,-0.12529534848783852,-0.12529534848783852
1790945315.207353,1790945317.207353,0,0,1,0,-0.12529534848783852,-0.12529534848783852
1790945316.207353,1790945318.207353,0,0,1,0,-0.12529534848783852,-0.12529534848783852
1790945317.207353,1790945319.207353,0,0,1,0,-0.12529534848783852,-0.12529534848783852
1790945318.207353,1790945320.207353,0,0,1,0,-0.12529534848783852,-0.12529534848783852
1790945319.207353,1790945321.207353,0,0,1,0,-0.12529534848783852,-0.12529534848783852
1790945320.207353,1790945322.207353,0,0,1,0,-0.12529534848783852,-0.12529534848783852
1790945321.207353,1790945323.207353,0,0,1,0,-0.12529534848783852,-0.12529534848783852
1790945322.207353,1790945324.207353,0,0,1,0,-0.12529534848783852,-0.12529534848783852
1790945323.207353,1790945325.207353,0,0,1,0,-0.12529534848783852,-0.12529534848783852
1790945324.207353,1790945326.207353,0,0,1,0,-0.12529534848783852,-0.12529534848783852
1790945325.207353,1790945327.207353,0,0,1,0,-0.12529534848783852,-0.12529534848783852
1790945326.207353,1790945328.207353,0,0,1,0,-0.12529534848783852,-0.12529534848783852
1790945327.207353,1790945329.207353,0,0,1,0,-0.12529534848783852,-0.12529534848783852
1790945328.207353,1790945330.207353,0,0,1,0,-0.12529534848783852,-0.12529534848783852
1790945329.207353,1790945331.207353,0,0,1,0,-0.12529534848783852,-0.12529534848783852
1790945330.207353,1790945332.207353,0,0,1,0,-0.12529534848783852,-0.12529534848783852
1790945331.207353,1790945333.207353,0,0,1,0,-0.12529534848783852,-0.12529534848783852
1790945332.207353,1790945334.207353,0,0,1,0,-0.12529534848783852,-0.12529534848783852
1790945333.207353,1790945335.207353,0,0,1,0,-0.12529534848783852,-0.12529534848783852
1790945334.207353,1790945336.207353,0,0,1,0,-0.12529534848783852,-0.12529534848783852
1790945335.207353,1790945337.207353,0,0,1,0,-0.12529534848783852,-0.12529534848783852
1790945336.207353,1790945338.207353,0,0,1,0,-0.12529534848783852,-0.12529534848783852
1790945337.207353,1790945339.207353,0,0,1,0,-0.12529534848783852,-0.12529534848783852
1790945338.207353,1790945340.207353,0,0,1,0,-0.12529534848783852,-0.12529534848783852
1790945339.207353,1790945341.207353,0,0,1,0,-0.12529534848783852,-0.12529534848783852
1790945340.207353,1790945342.207353,0,0,1,0,-0.12529534848783852,-0.12529534848783852
1790945341.207353,1790945343.207353,0,0,1,0,-0.12529534848783852,-0.12529534848783852
1790945342.207353,1790945344.207353,0,0,1,0,-0.12529534848783852,-0.12529534848783852
1790945343.207353,1790945345.207353,0,0,1,0,-0.12529534848783852,-0.12529534848783852
1790945344.207353,1790945346.207353,0,0,1,0,-0.12529534848783852,-0.12529534848783852
1790945345.207353,1790945347.207353,0,0,1,0,-0.12529534848783852,-0.12529534848783852
1790945346.207353,1790945348.207353,0,0,1,0,-0.12529534848783852,-0.12529534848783852
1790945347.207353,1790945349.207353,0,0,1,0,-0.12529534848783852,-0.12529534848783852
1790945348.207353,1790945350.207353,0,0,1,0,-0.12529534848783852,-0.12529534848783852
1790945349.207353,1790945351.207353,0,0,1,0,-0.12529534848783852,-0.12529534848783852
1790945350.207353,1790945352.207353,0,0,1,0,-0.12529534848783852,-0.12529534848783852
1790945351.207353,1790945353.207353,0,0,1,0,-0.12529534848783852,-0.12529534848783852
1790945352.207353,1790945354.207353,0,0,1,0,-0.12529534848783852,-0.12529534848783852
1790945353.207353,1790945355.207353,0,0,1,0,-0.12529534848783852,-0.12529534848783852
1790945354.207353,1790945356.207353,0,0,1,0,-0.12529534848783852,-0.12529534848783852
1790945355.207353,1790945357.207353,0,0,1,0,-0.12529534848783852,-0.12529534848783852
1790945356.207353,1790945358.207353,0,0,1,0,-0.12529534848783852,-0.12529534848783852
1790945357.207353,1790945359.207353,0,0,1,0,-0.12529534848783852,-0.12529534848783852
1790945358.207353,1790945360.207353,0,0,1,0,-0.12529534848783852,-0.12529534848783852
1790945359.207353,1790945361.207353,0,0,1,0,-0.12529534848783852,-0.12529534848783852
1790945360.207353,1790945362.207353,0,0,1,0,-0.12529534848783852,-0.12529534848783852
1790945361.207353,1790945363.207353,0,0,1,0,-0.12529534848783852,-0.12529534848783852
1790945362.207353,1790945364.207353,0,0,1,0,-0.12529534848783852,-0.12529534848783852
1790945363.207353,1790945365.207353,0,0,1,0,-0.12529534848783852,-0.12529534848783852
1790945364.207353,1790945366.207353,0,0,1,0,-0.12529534848783852,-0.12529534848783852
1790945365.207353,1790945367.207353,0,0,1,0,-0.12529534848783852,-0.12529534848783852
1790945366.207353,1790945368.207353,0,0,1,0,-0.12529534848783852,-0.12529534848783852
1790945367.207353,1790945369.207353,0,0,1,0,-0.12529534848783852,-0.12529534848783852
1790945368.207353,1790945370.207353,0,0,1,0,-0.12529534848783852,-0.12529534848783852
1790945369.207353,1790945371.207353,0,0,1,0,-0.12529534848783852,-0.12529534848783852
1790945370.207353,1790945372.207353,0,0,1,0,-0.12529534848783852,-0.12529534848783852
1790945371.207353,1790945373.207353,0,0,1,0,-0.12529534848783852,-0.12529534848783852
1790945372.207353,1790945374.207353,0,0,1,0,-0.12529534848783852,-0.12529534848783852
1790945373.207353,1790945375.207353,0,0,1,0,-0.12529534848783852,-0.12529534848783852
1790945374.207353,1790945376.207353,0,0,1,0,-0.12529534848783852,-0.12529534848783852
1790945375.207353,1790945377.207353,0,0,1,0,-0.12529534848783852,-0.12529534848783852
1790945376.207353,1790945378.207353,0,0,1,0,-0.12529534848783852,-0.12529534848783852
1790945377.207353,1790945379.207353,0,0,1,0,-0.12529534848783852,-0.12529534848783852
1790945378.207353,1790945380.207353,0,0,1,0,-0.12529534848783852,-0.12529534848783852
1790945379.207353,1790945381.207353,0,0,1,0,-0.12529534848783852,-0.12529534848783852
1790945380.207353,1790945382.207353,0,0,1,0,-0.12529534848783852,-0.12529534848783852
1790945381.207353,1790945383.207353,0,0,1,0,-0.12529534848783852,-0.12529534848783852
1790945382.207353,1790945384.207353,0,0,1,0,-0.12529534848783852,-0.12529534848783852
1790945383.207353,1790945385.207353,0,0,1,0,-0.12529534848783852,-0.12529534848783852
1790945384.207353,1790945386.207353,0,0,1,0,-0.12529534848783852,-0.12529534848783852
1790945385.207353,1790945387.207353,0,0,1,0,-0.12529534848783852,-0.12529534848783852
1790945386.207353,1790945388.207353,0,0,1,0,-0.12529534848783852,-0.12529534848783852
1790945387.207353,1790945389.207353,0,0,1,0,-0.12529534848783852,-0.12529534848783852
1790945388.207353,1790945390.207353,0,0,1,0,-0.12529534848783852,-0.12529534848783852
1790945389.207353,1790945391.207353,0,0,1,0,-0.12529534848783852,-0.12529534848783852
1790945390.207353,1790945392.207353,0,0,1,0,-0.12529534848783852,-0.12529534848783852
1790945391.207353,1790945393.207353,0,0,1,0,-0.12529534848783852,-0.12529534848783852
1790945392.207353,1790945394.207353,0,0,1,0,-0.12529534848783852,-0.12529534848783852
1790945393.207353,1790945395.207353,0,0,1,0,-0.12529534848783852,-0.12529534848783852
1790945394.207353,1790945396.207353,0,0,1,0,-0.12529534848783852,-0.12529534848783852
1790945395.207353,1790945397.207353,0,0,1,0,-0.12529534848783852,-0.12529534848783852
1790945396.207353,1790945398.207353,0,0,1,0,-0.12529534848783852,-0.12529534848783852
1790945397.207353,1790945399.207353,0,0,1,0,-0.12529534848783852,-0.12529534848783852
1790945398.207353,1790945400.207353,0,0,1,0,-0.12529534848783852,-0.12529534848783852
1790945399.207353,1790945401.207353,0,0,1,0,-0.12529534848783852,-0.12529534848783852
1790945400.207353,1790945402.207353,0,0,1,0,-0.12529534848783852,-0.12529534848783852
1790945401.207353,1790945403.207353,0,0,1,0,-0.12529534848783852,-0.12529534848783852
1790945402.207353,1790945404.207353,0,0,1,0,-0.12529534848783852,-0.12529534848783852
1790945403.207353,1790945405.207353,0,0,1,0,-0.12529534848783852,-0.12529534848783852
1790945404.207353,1790945406.207353,0,0,1,0,-0.12529534848783852,-0.12529534848783852
1790945405.207353,1790945407.207353,0,0,1,0,-0.12529534848783852,-0.12529534848783852
1790945406.207353,1790945408.207353,0,0,1,0,-0.12529534848783852,-0.12529534848783852
1790945407.207353,1790945409.207353,0,0,1,0,-0.12529534848783852,-0.12529534848783852
1790945408.207353,1790945410.207353,0,0,1,0,-0.12529534848783852,-0.12529534848783852
1790945409.207353,1790945411.207353,0,0,1,0,-0.12529534848783852,-0.12529534848783852
1790945410.207353,1790945412.207353,0,0,1,0,-0.12529534848783852,-0.12529534848783852
1790945411.207353,1790945413.207353,0,0,1,0,-0.12529534848783852,-0.12529534848783852
1790945412.207353,1790945414.207353,0,0,1,0,-0.12529534848783852,-0.12529534848783852
1790945413.207353,1790945415.207353,0,0,1,0,-0.12529534848783852,-0.12529534848783852
1790945414.207353,1790945416.207353,0,0,1,0,-0.12529534848783852,-0.12529534848783852
1790945415.207353,1790945417.207353,0,0,1,0,-0.12529534848783852,-0.12529534848783852
1790945416.207353,1790945418.207353,0,0,1,0,-0.12529534848783852,-0.12529534848783852
1790945417.207353,1790945419.207353,0,0,1,0,-0.12529534848783852,-0.12529534848783852
1790945418.207353,1790945420.207353,0,0,1,0,-0.12529534848783852,-0.12529534848783852
1790945419.207353,1790945421.207353,0,0,1,0,-0.12529534848783852,-0.12529534848783852
1790945420.207353,1790945422.207353,0,0,1,0,-0.12529534848783852,-0.12529534848783852
1790945421.207353,1790945423.207353,0,0,1,0,-0.12529534848783852,-0.12529534848783852
1790945422.207353,1790945424.207353,0,0,1,0,-0.12529534848783852,-0.12529534848783852
1790945423.207353,1790945425.207353,0,0,1,0,-0.12529534848783852,-0.12529534848783852
1790945424.207353,1790945426.207353,0,0,1,0,-0.12529534848783852,-0.12529534848783852
1790945425.207353,1790945427.207353,0,0,1,0,-0.12529534848783852,-0.12529534848783852
1790945426.207353,1790945428.207353,0,0,1,0,-0.12529534848783852,-0.12529534848783852
1790945427.207353,1790945429.207353,0,0,1,0,-0.12529534848783852,-0.12529534848783852
1790945428.207353,1790945430.207353,0,0,1,0,-0.12529534848783852,-0.12529534848783852
1790945429.207353,1790945431.207353,0,0,1,0,-0.12529534848783852,-0.12529534848783852
1790945430.207353,1790945432.207353,0,0,1,0,-0.12529534848783852,-0.12529534848783852
1790945431.207353,1790945433.207353,0,0,1,0,-0.12529534848783852,-0.12529534848783852
1790945432.207353,1790945434.207353,0,0,1,0,-0.12529534848783852,-0.12529534848783852
1790945433.207353,1790945435.207353,0,0,1,0,-0.12529534848783852,-0.12529534848783852
1790945434.207353,1790945436.207353,0,0,1,0,-0.12529534848783852,-0.12529534848783852
1790945435.207353,1790945437.207353,0,0,1,0,-0.12529534848783852,-0.12529534848783852
1790945436.207353,1790945438.207353,0,0,1,0,-0.12529534848783852,-0.12529534848783852
1790945437.207353,1790945439.207353,0,0,1,0,-0.12529534848783852,-0.12529534848783852
1790945438.207353,1790945440.207353,0,0,1,0,-0.12529534848783852,-0.12529534848783852
1790945439.207353,1790945441.207353,0,0,1,0,-0.12529534848783852,-0.12529534848783852
1790945440.207353,1790945442.207353,0,0,1,0,-0.12529534848783852,-0.12529534848783852
1790945441.207353,1790945443.207353,0,0,1,0,-0.12529534848783852,-0.12529534848783852
1790945442.207353,1790945444.207353,0,0,1,0,-0.12529534848783852,-0.12529534848783852
1790945443.207353,1790945445.207353,0,0,1,0,-0.12529534848783852,-0.12529534848783852
1790945444.207353,1790945446.207353,0,0,1,0,-0.12529534848783852,-0.12529534848783852
1790945445.207353,1790945447.207353,0,0,1,0,-0.12529534848783852,-0.12529534848783852
1790945446.207353,1790945448.207353,0,0,1,0,-0.12529534848783852,-0.12529534848783852
1790945447.207353,1790945449.207353,0,0,1,0,-0.12529534848783852,-0.12529534848783852
1790945448.207353,1790945450.207353,0,0,1,0,-0.12529534848783852,-0.12529534848783852
1790945449.207353,1790945451.207353,0,0,1,0,-0.12529534848783852,-0.12529534848783852
1790945450.207353,1790945452.207353,0,0,1,0,-0.12529534848783852,-0.12529534848783852
1790945451.207353,1790945453.207353,0,0,1,0,-0.12529534848783852,-0.12529534848783852
1790945452.207353,1790945454.207353,0,0,1,0,-0.12529534848783852,-0.12529534848783852
1790945453.207353,1790945455.207353,0,0,1,0,-0.12529534848783852,-0.12529534848783852
1790945454.207353,1790945456.207353,0,0,1,0,-0.12529534848783852,-0.12529534848783852
1790945455.207353,1790945457.207353,0,0,1,0,-0.12529534848783852,-0.12529534848783852
1790945456.207353,1790945458.207353,0,0,1,0,-0.12529534848783852,-0.12529534848783852
1790945457.207353,1790945459.207353,0,0,1,0,-0.12529534848783852,-0.12529534848783852
1790945458.207353,1790945460.207353,0,0,1,0,-0.12529534848783852,-0.12529534848783852
1790945459.207353,1790945461.207353,0,0,1,0,-0.12529534848783852,-0.12529534848783852
1790945460.207353,1790945462.207353,0,0,1,0,-0.12529534848783852,-0.12529534848783852
1790945461.207353,1790945463.207353,0,0,1,0,-0.12529534848783852,-0.12529534848783852
1790945462.207353,1790945464.207353,0,0,1,0,-0.12529534848783852,-0.12529534848783852
1790945463.207353,1790945465.207353,0,0,1,0,-0.12529534848783852,-0.12529534848783852
1790945464.207353,1790945466.207353,0,0,1,0,-0.12529534848783852,-0.12529534848783852
1790945465.207353,1790945467.207353,0,0,1,0,-0.12529534848783852,-0.12529534848783852
1790945466.207353,1790945468.207353,0,0,1,0,-0.12529534848783852,-0.12529534848783852
1790945467.207353,1790945469.207353,0,0,1,0,-0.12529534848783852,-0.12529534848783852
1790945468.207353,1790945470.207353,0,0,1,0,-0.12529534848783852,-0.12529534848783852
1790945469.207353,1790945471.207353,0,0,1,0,-0.12529534848783852,-0.12529534848783852
1790945470.207353,1790945472.207353,0,0,1,0,-0.12529534848783852,-0.12529534848783852
1790945471.207353,1790945473.207353,0,0,1,0,-0.12529534848783852,-0.12529534848783852
1790945472.207353,1790945474.207353,0,0,1,0,-0.12529534848783852,-0.12529534848783852
1790945473.207353,1790945475.207353,0,0,1,0,-0.12529534848783852,-0.12529534848783852
1790945474.207353,1790945476.207353,0,0,1,0,-0.12529534848783852,-0.12529534848783852
1790945475.207353,1790945477.207353,0,0,1,0,-0.12529534848783852,-0.12529534848783852
1790945476.207353,1790945478.207353,0,0,1,0,-0.12529534848783852,-0.12529534848783852
1790945477.207353,1790945479.207353,0,0,1,0,-0.12529534848783852,-0.12529534848783852
1790945478.207353,1790945480.207353,0,0,1,0,-0.12529534848783852,-0.12529534848783852
1790945479.207353,1790945481.207353,0,0,1,0,-0.12529534848783852,-0.12529534848783852
1790945480.207353,1790945482.207353,0,0,1,0,-0.12529534848783852,-0.12529534848783852
1790945481.207353,1790945483.207353,0,0,1,0,-0.12529534848783852,-0.12529534848783852
1790945482.207353,1790945484.207353,0,0,1,0,-0.12529534848783852,-0.12529534848783852
1790945483.207353,1790945485.207353,0,0,1,0,-0.12529534848783852,-0.12529534848783852
1790945484.207353,1790945486.207353,0,0,1,0,-0.12529534848783852,-0.12529534848783852
1790945485.207353,1790945487.207353,0,0,1,0,-0.12529534848783852,-0.12529534848783852
1790945486.207353,1790945488.207353,0,0,1,0,-0.12529534848783852,-0.12529534848783852
1790945487.207353,1790945489.207353,0,0,1,0,-0.12529534848783852,-0.12529534848783852
1790945488.207353,1790945490.207353,0,0,1,0,-0.12529534848783852,-0.12529534848783852
1790945489.207353,1790945491.207353,0,0,1,0,-0.12529534848783852,-0.12529534848783852
1790945490.207353,1790945492.207353,0,0,1,0,-0.12529534848783852,-0.12529534848783852
1790945491.207353,1790945493.207353,0,0,1,0,-0.12529534848783852,-0.12529534848783852
1790945492.207353,1790945494.207353,0,0,1,0,-0.12529534848783852,-0.12529534848783852
1790945493.207353,1790945495.207353,0,0,1,0,-0.12529534848783852,-0.12529534848783852
1790945494.207353,1790945496.207353,0,0,1,0,-0.12529534848783852,-0.12529534848783852
1790945495.207353,1790945497.207353,0,0,1,0,-0.12529534848783852,-0.12529534848783852
1790945496.207353,1790945498.207353,0,0,1,0,-0.12529534848783852,-0.12529534848783852
1790945497.207353,1790945499.207353,0,0,1,0,-0.12529534848783852,-0.12529534848783852
1790945498.207353,1790945500.207353,0,0,1,0,-0.12529534848783852,-0.12529534848783852
1790945499.207353,1790945501.207353,0,0,1,0,-0.12529534848783852,-0.12529534848783852
1790945500.207353,1790945502.207353,0,0,1,0,-0.12529534848783852,-0.12529534848783852
1790945501.207353,1790945503.207353,0,0,1,0,-0.12529534848783852,-0.12529534848783852
1790945502.207353,1790945504.207353,0,0,1,0,-0.12529534848783852,-0.12529534848783852
1790945503.207353,1790945505.207353,0,0,1,0,-0.12529534848783852,-0.12529534848783852
1790945504.207353,1790945506.207353,0,0,1,0,-0.12529534848783852,-0.12529534848783852
1790945505.207353,1790945507.207353,0,0,1,0,-0.12529534848783852,-0.12529534848783852
1790945506.207353,1790945508.207353,0,0,1,0,-0.12529534848783852,-0.12529534848783852
1790945507.207353,1790945509.207353,0,0,1,0,-0.12529534848783852,-0.12529534848783852
1790945508.207353,1790945510.207353,0,0,1,0,-0.12529534848783852,-0.12529534848783852
1790945509.207353,1790945511.207353,0,0,1,0,-0.12529534848783852,-0.12529534848783852
1790945510.207353,1790945512.207353,0,0,1,0,-0.12529534848783852,-0.12529534848783852
1790945511.207353,1790945513.207353,0,0,1,0,-0.12529534848783852,-0.12529534848783852
1790945512.207353,1790945514.207353,0,0,1,0,-0.12529534848783852,-0.12529534848783852
1790945513.207353,1790945515.207353,0,0,1,0,-0.12529534848783852,-0.12529534848783852
1790945514.207353,1790945516.207353,0,0,1,0,-0.12529534848783852,-0.12529534848783852
1790945515.207353,1790945517.207353,0,0,1,0,-0.12529534848783852,-0.12529534848783852
1790945516.207353,1790945518.207353,0,0,1,0,-0.12529534848783852,-0.12529534848783852
1790945517.207353,1790945519.207353,0,0,1,0,-0.12529534848783852,-0.12529534848783852
1790945518.207353,1790945520.207353,0,0,1,0,-0.12529534848783852,-0.12529534848783852
1790945519.207353,1790945521.207353,0,0,1,0,-0.12529534848783852,-0.12529534848783852
1790945520.207353,1790945522.207353,0,0,1,0,-0.12529534848783852,-0.12529534848783852
1790945521.207353,1790945523.207353,0,0,1,0,-0.12529534848783852,-0.12529534848783852
1790945522.207353,1790945524.207353,0,0,1,0,-0.12529534848783852,-0.12529534848783852
1790945523.207353,1790945525.207353,0,0,1,0,-0.12529534848783852,-0.12529534848783852
1790945524.207353,1790945526.207353,0,0,1,0,-0.12529534848783852,-0.12529534848783852
1790945525.207353,1790945527.207353,0,0,1,0,-0.12529534848783852,-0.12529534848783852
1790945526.207353,1790945528.207353,0,0,1,0,-0.12529534848783852,-0.12529534848783852
1790945527.207353,1790945529.207353,0,0,1,0,-0.12529534848783852,-0.12529534848783852
1790945528.207353,1790945530.207353,0,0,1,0,-0.12529534848783852,-0.12529534848783852
1790945529.207353,1790945531.207353,0,0,1,0,-0.12529534848783852,-0.12529534848783852
1790945530.207353,1790945532.207353,0,0,1,0,-0.12529534848783852,-0.12529534848783852
1790945531.207353,1790945533.207353,0,0,1,0,-0.12529534848783852,-0.12529534848783852
1790945532.207353,1790945534.207353,0,0,1,0,-0.12529534848783852,-0.12529534848783852
1790945533.207353,1790945535.207353,0,0,1,0,-0.12529534848783852,-0.12529534848783852
1790945534.207353,1790945536.207353,0,0,1,0,-0.12529534848783852,-0.12529534848783852
1790945535.207353,1790945537.207353,0,0,1,0,-0.12529534848783852,-0.12529534848783852
1790945536.207353,1790945538.207353,0,0,1,0,-0.12529534848783852,-0.12529534848783852
1790945537.207353,1790945539.207353,0,0,1,0,-0.12529534848783852,-0.12529534848783852
1790945538.207353,1790945540.207353,0,0,1,0,-0.12529534848783852,-0.12529534848783852
1790945539.207353,1790945541.207353,0,0,1,0,-0.12529534848783852,-0.12529534848783852
1790945540.207353,1790945542.207353,0,0,1,0,-0.12529534848783852,-0.12529534848783852
1790945541.207353,1790945543.207353,0,0,1,0,-0.12529534848783852,-0.12529534848783852
1790945542.207353,1790945544.207353,0,0,1,0,-0.12529534848783852,-0.12529534848783852
1790945543.207353,1790945545.207353,0,0,1,0,-0.12529534848783852,-0.12529534848783852
1790945544.207353,1790945546.207353,0,0,1,0,-0.12529534848783852,-0.12529534848783852
1790945545.207353,1790945547.207353,0,0,1,0,-0.12529534848783852,-0.12529534848783852
1790945546.207353,1790945548.207353,0,0,1,0,-0.12529534848783852,-0.12529534848783852
1790945547.207353,1790945549.207353,0,0,1,0,-0.12529534848783852,-0.12529534848783852
1790945548.207353,1790945550.207353,0,0,1,0,-0.12529534848783852,-0.12529534848783852
1790945549.207353,1790945551.207353,0,0,1,0,-0.12529534848783852,-0.12529534848783852
1790945550.207353,1790945552.207353,0,0,1,0,-0.12529534848783852,-0.12529534848783852
1790945551.207353,1790945553.207353,0,0,1,0,-0.12529534848783852,-0.12529534848783852
1790945552.207353,1790945554.207353,0,0,1,0,-0.12529534848783852,-0.12529534848783852
1790945553.207353,1790945555.207353,0,0,1,0,-0.12529534848783852,-0.12529534848783852
1790945554.207353,1790945556.207353,0,0,1,0,-0.12529534848783852,-0.12529534848783852
1790945555.207353,1790945557.207353,0,0,1,0,-0.12529534848783852,-0.12529534848783852
1790945556.207353,1790945558.207353,0,0,1,0,-0.12529534848783852,-0.12529534848783852
1790945557.207353,1790945559.207353,0,0,1,0,-0.12529534848783852,-0.12529534848783852
1790945558.207353,1790945560.207353,0,0,1,0,-0.12529534848783852,-0.12529534848783852
1790945559.207353,1790945561.207353,0,0,1,0,-0.12529534848783852,-0.12529534848783852
1790945560.207353,1790945562.207353,0,0,1,0,-0.12529534848783852,-0.12529534848783852
1790945561.207353,1790945563.207353,0,0,1,0,-0.12529534848783852,-0.12529534848783852
1790945562.207353,1790945564.207353,0,0,1,0,-0.12529534848783852,-0.12529534848783852
1790945563.207353,1790945565.207353,0,0,1,0,-0.12529534848783852,-0.12529534848783852
1790945564.207353,1790945566.207353,0,0,1,0,-0.12529534848783852,-0.12529534848783852
1790945565.207353,1790945567.207353,0,0,1,0,-0.12529534848783852,-0.12529534848783852
1790945566.207353,1790945568.207353,0,0,1,0,-0.12529534848783852,-0.12529534848783852
1790945567.207353,1790945569.207353,0,0,1,0,-0.12529534848783852,-0.12529534848783852
1790945568.207353,1790945570.207353,0,0,1,0,-0.12529534848783852,-0.12529534848783852
1790945569.207353,1790945571.207353,0,0,1,0,-0.12529534848783852,-0.12529534848783852
1790945570.207353,1790945572.207353,0,0,1,0,-0.12529534848783852,-0.12529534848783852
1790945571.207353,1790945573.207353,0,0,1,0,-0.12529534848783852,-0.12529534848783852
1790945572.207353,1790945574.207353,0,0,1,0,-0.12529534848783852,-0.12529534848783852
1790945573.207353,1790945575.207353,0,0,1,0,-0.12529534848783852,-0.12529534848783852
1790945574.207353,1790945576.207353,0,0,1,0,-0.12529534848783852,-0.12529534848783852
1790945575.207353,1790945577.207353,0,0,1,0,-0.12529534848783852,-0.12529534848783852
1790945576.207353,1790945578.207353,0,0,1,0,-0.12529534848783852,-0.12529534848783852
1790945577.207353,1790945579.207353,0,0,1,0,-0.12529534848783852,-0.12529534848783852
1790945578.207353,1790945580.207353,0,0,1,0,-0.12529534848783852,-0.12529534848783852
1790945579.207353,1790945581.207353,0,0,1,0,-0.12529534848783852,-0.12529534848783852
1790945580.207353,1790945582.207353,0,0,1,0,-0.12529534848783852,-0.12529534848783852
1790945581.207353,1790945583.207353,0,0,1,0,-0.12529534848783852,-0.12529534848783852
1790945582.207353,1790945584.207353,0,0,1,0,-0.12529534848783852,-0.12529534848783852
1790945583.207353,1790945585.207353,0,0,1,0,-0.12529534848783852,-0.12529534848783852
1790945584.207353,1790945586.207353,0,0,1,0,-0.12529534848783852,-0.12529534848783852
1790945585.207353,1790945587.207353,0,0,1,0,-0.12529534848783852,-0.12529534848783852
1790945586.207353,1790945588.207353,0,0,1,0,-0.12529534848783852,-0.12529534848783852
1790945587.207353,1790945589.207353,0,0,1,0,-0.12529534848783852,-0.12529534848783852
1790945588.207353,1790945590.207353,0,0,1,0,-0.12529534848783852,-0.12529534848783852
1790945589.207353,1790945591.207353,0,0,1,0,-0.12529534848783852,-0.12529534848783852
1790945590.207353,1790945592.207353,0,0,1,0,-0.12529534848783852,-0.12529534848783852
1790945591.207353,1790945593.207353,0,0,1,0,-0.12529534848783852,-0.12529534848783852
1790945592.207353,1790945594.207353,0,0,1,0,-0.12529534848783852,-0.12529534848783852
1790945593.207353,1790945595.207353,0,0,1,0,-0.12529534848783852,-0.12529534848783852
1790945594.207353,1790945596.207353,0,0,1,0,-0.12529534848783852,-0.12529534848783852
1790945595.207353,1790945597.207353,0,0,1,0,-0.12529534848783852,-0.12529534848783852
1790945596.207353,1790945598.207353,0,0,1,0,-0.12529534848783852,-0.12529534848783852
1790945597.207353,1790945599.207353,0,0,1,0,-0.12529534848783852,-0.12529534848783852
1790945598.207353,1790945600.207353,0,0,1,0,-0.12529534848783852,-0.12529534848783852
1790945599.207353,1790945601.207353,0,0,1,0,-0.12529534848783852,-0.12529534848783852
1790945600.207353,1790945602.207353,0,0,1,0,-0.12529534848783852,-0.12529534848783852
1790945601.207353,1790945603.207353,0,0,1,0,-0.12529534848783852,-0.12529534848783852
1790945602.207353,1790945604.207353,0,0,1,0,-0.12529534848783852,-0.12529534848783852
1790945603.207353,1790945605.207353,0,0,1,0,-0.12529534848783852,-0.12529534848783852
1790945604.207353,1790945606.207353,0,0,1,0,-0.12529534848783852,-0.12529534848783852
1790945605.207353,1790945607.207353,0,0,1,0,-0.12529534848783852,-0.12529534848783852
1790945606.207353,1790945608.207353,0,0,1,0,-0.12529534848783852,-0.12529534848783852
1790945607.207353,1790945609.207353,0,0,1,0,-0.12529534848783852,-0.12529534848783852
1790945608.207353,1790945610.207353,0,0,1,0,-0.12529534848783852,-0.12529534848783852
1790945609.207353,1790945611.207353,0,0,1,0,-0.12529534848783852,-0.12529534848783852
1790945610.207353,1790945612.207353,0,0,1,0,-0.12529534848783852,-0.12529534848783852
1790945611.207353,1790945613.207353,0,0,1,0,-0.12529534848783852,-0.12529534848783852
1790945612.207353,1790945614.207353,0,0,1,0,-0.12529534848783852,-0.12529534848783852
1790945613.207353,1790945615.207353,0,0,1,0,-0.12529534848783852,-0.12529534848783852
1790945614.207353,1790945616.207353,0,0,1,0,-0.12529534848783852,-0.12529534848783852
1790945615.207353,1790945617.207353,0,0,1,0,-0.12529534848783852,-0.12529534848783852
1790945616.207353,1790945618.207353,0,0,1,0,-0.12529534848783852,-0.12529534848783852
1790945617.207353,1790945619.207353,0,0,1,0,-0.12529534848783852,-0.12529534848783852
1790945618.207353,1790945620.207353,0,0,1,0,-0.12529534848783852,-0.12529534848783852
1790945619.207353,1790945621.207353,0,0,1,0,-0.12529534848783852,-0.12529534848783852
1790945620.207353,1790945622.207353,0,0,1,0,-0.12529534848783852,-0.12529534848783852
1790945621.207353,1790945623.207353,0,0,1,0,-0.12529534848783852,-0.12529534848783852
1790945622.207353,1790945624.207353,0,0,1,0,-0.12529534848783852,-0.12529534848783852
1790945623.207353,1790945625.207353,0,0,1,0,-0.12529534848783852,-0.12529534848783852
1790945624.207353,1790945626.207353,0,0,1,0,-0.12529534848783852,-0.12529534848783852
1790945625.207353,1790945627.207353,0,0,1,0,-0.12529534848783852,-0.12529534848783852
1790945626.207353,1790945628.207353,0,0,1,0,-0.12529534848783852,-0.12529534848783852
1790945627.207353,1790945629.207353,0,0,1,0,-0.12529534848783852,-0.12529534848783852
1790945628.207353,1790945630.207353,0,0,1,0,-0.12529534848783852,-0.12529534848783852
1790945629.207353,1790945631.207353,0,0,1,0,-0.12529534848783852,-0.12529534848783852
1790945630.207353,1790945632.207353,0,0,1,0,-0.12529534848783852,-0.12529534848783852
1790945631.207353,1790945633.207353,0,0,1,0,-0.12529534848783852,-0.12529534848783852
1790945632.207353,1790945634.207353,0,0,1,0,-0.12529534848783852,-0.12529534848783852
1790945633.207353,1790945635.207353,0,0,1,0,-0.12529534848783852,-0.12529534848783852
1790945634.207353,1790945636.207353,0,0,1,0,-0.12529534848783852,-0.12529534848783852
1790945635.207353,1790945637.207353,0,0,1,0,-0.12529534848783852,-0.12529534848783852
1790945636.207353,1790945638.207353,0,0,1,0,-0.12529534848783852,-0.12529534848783852
1790945637.207353,1790945639.207353,0,0,1,0,-0.12529534848783852,-0.12529534848783852
1790945638.207353,1790945640.207353,0,0,1,0,-0.12529534848783852,-0.12529534848783852
1790945639.207353,1790945641.207353,0,0,1,0,-0.12529534848783852,-0.12529534848783852
1790945640.207353,1790945642.207353,0,0,1,0,-0.12529534848783852,-0.12529534848783852
1790945641.207353,1790945643.207353,0,0,1,0,-0.12529534848783852,-0.12529534848783852
1790945642.207353,1790945644.207353,0,0,1,0,-0.12529534848783852,-0.12529534848783852
1790945643.207353,1790945645.207353,0,0,1,0,-0.12529534848783852,-0.12529534848783852
1790945644.207353,1790945646.207353,0,0,1,0,-0.12529534848783852,-0.12529534848783852
1790945645.207353,1790945647.207353,0,0,1,0,-0.12529534848783852,-0.12529534848783852
1790945646.207353,1790945648.207353,0,0,1,0,-0.12529534848783852,-0.12529534848783852
1790945647.207353,1790945649.207353,0,0,1,0,-0.12529534848783852,-0.12529534848783852
1790945648.207353,1790945650.207353,0,0,1,0,-0.12529534848783852,-0.12529534848783852
1790945649.207353,1790945651.207353,0,0,1,0,-0.12529534848783852,-0.12529534848783852
1790945650.207353,1790945652.207353,0,0,1,0,-0.12529534848783852,-0.12529534848783852
1790945651.207353,1790945653.207353,0,0,1,0,-0.12529534848783852,-0.12529534848783852
1790945652.207353,1790945654.207353,0,0,1,0,-0.12529534848783852,-0.12529534848783852
1790945653.207353,1790945655.207353,0,0,1,0,-0.12529534848783852,-0.12529534848783852
1790945654.207353,1790945656.207353,0,0,1,0,-0.12529534848783852,-0.12529534848783852
1790945655.207353,1790945657.207353,0,0,1,0,-0.12529534848783852,-0.12529534848783852
1790945656.207353,1790945658.207353,0,0,1,0,-0.12529534848783852,-0.12529534848783852
1790945657.207353,1790945659.207353,0,0,1,0,-0.12529534848783852,-0.12529534848783852
1790945658.207353,1790945660.207353,0,0,1,0,-0.12529534848783852,-0.12529534848783852
1790945659.207353,1790945661.207353,0,0,1,0,-0.12529534848783852,-0.12529534848783852
1790945660.207353,1790945662.207353,0,0,1,0,-0.12529534848783852,-0.12529534848783852
1790945661.207353,1790945663.207353,0,0,1,0,-0.12529534848783852,-0.12529534848783852
1790945662.207353,1790945664.207353,0,0,1,0,-0.12529534848783852,-0.12529534848783852
1790945663.207353,1790945665.207353,0,0,1,0,-0.12529534848783852,-0.12529534848783852
1790945664.207353,1790945666.207353,0,0,1,0,-0.12529534848783852,-0.12529534848783852
1790945665.207353,1790945667.207353,0,0,1,0,-0.12529534848783852,-0.12529534848783852
1790945666.207353,1790945668.207353,0,0,1,0,-0.12529534848783852,-0.12529534848783852
1790945667.207353,1790945669.207353,0,0,1,0,-0.12529534848783852,-0.12529534848783852
1790945668.207353,1790945670.207353,0,0,1,0,-0.12529534848783852,-0.12529534848783852
1790945669.207353,1790945671.207353,0,0,1,0,-0.12529534848783852,-0.12529534848783852
1790945670.207353,1790945672.207353,0,0,1,0,-0.12529534848783852,-0.12529534848783852
1790945671.207353,1790945673.207353,0,0,1,0,-0.12529534848783852,-0.12529534848783852
1790945672.207353,1790945674.207353,0,0,1,0,-0.12529534848783852,-0.12529534848783852
1790945673.207353,1790945675.207353,0,0,1,0,-0.12529534848783852,-0.12529534848783852
1790945674.207353,1790945676.207353,0,0,1,0,-0.12529534848783852,-0.12529534848783852
1790945675.207353,1790945677.207353,0,0,1,0,-0.12529534848783852,-0.12529534848783852
1790945676.207353,1790945678.207353,0,0,1,0,-0.12529534848783852,-0.12529534848783852
1790945677.207353,1790945679.207353,0,0,1,0,-0.12529534848783852,-0.12529534848783852
1790945678.207353,1790945680.207353,0,0,1,0,-0.12529534848783852,-0.12529534848783852
1790945679.207353,1790945681.207353,0,0,1,0,-0.12529534848783852,-0.12529534848783852
1790945680.207353,1790945682.207353,0,0,1,0,-0.12529534848783852,-0.12529534848783852
1790945681.207353,1790945683.207353,0,0,1,0,-0.12529534848783852,-0.12529534848783852
1790945682.207353,1790945684.207353,0,0,1,0,-0.12529534848783852,-0.12529534848783852
1790945683.207353,1790945685.207353,0,0,1,0,-0.12529534848783852,-0.12529534848783852
1790945684.207353,1790945686.207353,0,0,1,0,-0.12529534848783852,-0.12529534848783852
1790945685.207353,1790945687.207353,0,0,1,0,-0.12529534848783852,-0.12529534848783852
1790945686.207353,1790945688.207353,0,0,1,0,-0.12529534848783852,-0.12529534848783852
1790945687.207353,1790945689.207353,0,0,1,0,-0.12529534848783852,-0.12529534848783852
1790945688.207353,1790945690.207353,0,0,1,0,-0.12529534848783852,-0.12529534848783852
1790945689.207353,1790945691.207353,0,0,1,0,-0.12529534848783852,-0.12529534848783852
1790945690.207353,1790945692.207353,0,0,1,0,-0.12529534848783852,-0.12529534848783852
1790945691.207353,1790945693.207353,0,0,1,0,-0.12529534848783852,-0.12529534848783852
1790945692.207353,1790945694.207353,0,0,1,0,-0.12529534848783852,-0.12529534848783852
1790945693.207353,1790945695.207353,0,0,1,0,-0.12529534848783852,-0.12529534848783852
1790945694.207353,1790945696.207353,0,0,1,0,-0.12529534848783852,-0.12529534848783852
1790945695.207353,1790945697.207353,0,0,1,0,-0.12529534848783852,-0.12529534848783852
1790945696.207353,1790945698.207353,0,0,1,0,-0.12529534848783852,-0.12529534848783852
1790945697.207353,1790945699.207353,0,0,1,0,-0.12529534848783852,-0.12529534848783852
1790945698.207353,1790945700.207353,0,0,1,0,-0.12529534848783852,-0.12529534848783852
1790945699.207353,1790945701.207353,0,0,1,0,-0.12529534848783852,-0.12529534848783852
1790945700.207353,1790945702.207353,0,0,1,0,-0.12529534848783852,-0.12529534848783852
1790945701.207353,1790945703.207353,0,0,1,0,-0.12529534848783852,-0.12529534848783852
1790945702.207353,1790945704.207353,0,0,1,0,-0.12529534848783852,-0.12529534848783852
1790945703.207353,1790945705.207353,0,0,1,0,-0.12529534848783852,-0.12529534848783852
1790945704.207353,1790945706.207353,0,0,1,0,-0.12529534848783852,-0.12529534848783852
1790945705.207353,1790945707.207353,0,0,1,0,-0.12529534848783852,-0.12529534848783852
1790945706.207353,1790945708.207353,0,0,1,0,-0.12529534848783852,-0.12529534848783852
1790945707.207353,1790945709.207353,0,0,1,0,-0.12529534848783852,-0.12529534848783852
1790945708.207353,1790945710.207353,0,0,1,0,-0.12529534848783852,-0.12529534848783852
1790945709.207353,1790945711.207353,0,0,1,0,-0.12529534848783852,-0.12529534848783852
1790945710.207353,1790945712.207353,0,0,1,0,-0.12529534848783852,-0.12529534848783852
1790945711.207353,1790945713.207353,0,0,1,0,-0.12529534848783852,-0.12529534848783852
1790945712.207353,1790945714.207353,0,0,1,0,-0.12529534848783852,-0.12529534848783852
1790945713.207353,1790945715.207353,0,0,1,0,-0.12529534848783852,-0.12529534848783852
1790945714.207353,1790945716.207353,0,0,1,0,-0.12529534848783852,-0.12529534848783852
1790945715.207353,1790945717.207353,0,0,1,0,-0.12529534848783852,-0.12529534848783852
1790945716.207353,1790945718.207353,0,0,1,0,-0.12529534848783852,-0.12529534848783852
1790945717.207353,1790945719.207353,0,0,1,0,-0.12529534848783852,-0.12529534848783852
1790945718.207353,1790945720.207353,0,0,1,0,-0.12529534848783852,-0.12529534848783852
1790945719.207353,1790945721.207353,0,0,1,0,-0.12529534848783852,-0.12529534848783852
1790945720.207353,1790945722.207353,0,0,1,0,-0.12529534848783852,-0.12529534848783852
1790945721.207353,1790945723.207353,0,0,1,0,-0.12529534848783852,-0.12529534848783852
1790945722.207353,1790945724.207353,0,0,1,0,-0.12529534848783852,-0.12529534848783852
1790945723.207353,1790945725.207353,0,0,1,0,-0.12529534848783852,-0.12529534848783852
1790945724.207353,1790945726.207353,0,0,1,0,-0.12529534848783852,-0.12529534848783852
1790945725.207353,1790945727.207353,0,0,1,0,-0.12529534848783852,-0.12529534848783852
1790945726.207353,1790945728.207353,0,0,1,0,-0.12529534848783852,-0.12529534848783852
1790945727.207353,1790945729.207353,0,0,1,0,-0.12529534848783852,-0.12529534848783852
1790945728.207353,1790945730.207353,0,0,1,0,-0.12529534848783852,-0.12529534848783852
1790945729.207353,1790945731.207353,0,0,1,0,-0.12529534848783852,-0.12529534848783852
1790945730.207353,1790945732.207353,0,0,1,0,-0.12529534848783852,-0.12529534848783852
1790945731.207353,1790945733.207353,0,0,1,0,-0.12529534848783852,-0.12529534848783852
1790945732.207353,1790945734.207353,0,0,1,0,-0.12529534848783852,-0.12529534848783852
1790945733.207353,1790945735.207353,0,0,1,0,-0.12529534848783852,-0.12529534848783852
1790945734.207353,1790945736.207353,0,0,1,0,-0.12529534848783852,-0.12529534848783852
1790945735.207353,1790945737.207353,0,0,1,0,-0.12529534848783852,-0.12529534848783852
1790945736.207353,1790945738.207353,0,0,1,0,-0.12529534848783852,-0.12529534848783852
1790945737.207353,1790945739.207353,0,0,1,0,-0.12529534848783852,-0.12529534848783852
1790945738.207353,1790945740.207353,0,0,1,0,-0.12529534848783852,-0.12529534848783852
1790945739.207353,1790945741.207353,0,0,1,0,-0.12529534848783852,-0.12529534848783852
1790945740.207353,1790945742.207353,0,0,1,0,-0.12529534848783852,-0.12529534848783852
1790945741.207353,1790945743.207353,0,0,1,0,-0.12529534848783852,-0.12529534848783852
1790945742.207353,1790945744.207353,0,0,1,0,-0.12529534848783852,-0.12529534848783852
1790945743.207353,1790945745.207353,0,0,1,0,-0.12529534848783852,-0.12529534848783852
1790945744.207353,1790945746.207353,0,0,1,0,-0.12529534848783852,-0.12529534848783852
1790945745.207353,1790945747.207353,0,0,1,0,-0.12529534848783852,-0.12529534848783852
1790945746.207353,1790945748.207353,0,0,1,0,-0.12529534848783852,-0.12529534848783852
1790945747.207353,1790945749.207353,0,0,1,0,-0.12529534848783852,-0.12529534848783852
1790945748.207353,1790945750.207353,0,0,1,0,-0.12529534848783852,-0.12529534848783852
1790945749.207353,1790945751.207353,0,0,1,0,-0.12529534848783852,-0.12529534848783852
1790945750.207353,1790945752.207353,0,0,1,0,-0.12529534848783852,-0.12529534848783852
1790945751.207353,1790945753.207353,0,0,1,0,-0.12529534848783852,-0.12529534848783852
1790945752.207353,1790945754.207353,0,0,1,0,-0.12529534848783852,-0.12529534848783852
1790945753.207353,1790945755.207353,0,0,1,0,-0.12529534848783852,-0.12529534848783852
1790945754.207353,1790945756.207353,0,0,1,0,-0.12529534848783852,-0.12529534848783852
1790945755.207353,1790945757.207353,0,0,1,0,-0.12529534848783852,-0.12529534848783852
1790945756.207353,1790945758.207353,0,0,1,0,-0.12529534848783852,-0.12529534848783852
1790945757.207353,1790945759.207353,0,0,1,0,-0.12529534848783852,-0.12529534848783852
1790945758.207353,1790945760.207353,0,0,1,0,-0.12529534848783852,-0.12529534848783852
1790945759.207353,1790945761.207353,0,0,1,0,-0.12529534848783852,-0.12529534848783852
1790945760.207353,1790945762.207353,0,0,1,0,-0.12529534848783852,-0.12529534848783852
1790945761.207353,1790945763.207353,0,0,1,0,-0.12529534848783852,-0.12529534848783852
1790945762.207353,1790945764.207353,0,0,1,0,-0.12529534848783852,-0.12529534848783852
1790945763.207353,1790945765.207353,0,0,1,0,-0.12529534848783852,-0.12529534848783852
1790945764.207353,1790945766.207353,0,0,1,0,-0.12529534848783852,-0.12529534848783852
1790945765.207353,1790945767.207353,0,0,1,0,-0.12529534848783852,-0.12529534848783852
1790945766.207353,1790945768.207353,0,0,1,0,-0.12529534848783852,-0.12529534848783852
1790945767.207353,1790945769.207353,0,0,1,0,-0.12529534848783852,-0.12529534848783852
1790945768.207353,1790945770.207353,0,0,1,0,-0.12529534848783852,-0.12529534848783852
1790945769.207353,1790945771.207353,0,0,1,0,-0.12529534848783852,-0.12529534848783852
1790945770.207353,1790945772.207353,0,0,1,0,-0.12529534848783852,-0.12529534848783852
1790945771.207353,1790945773.207353,0,0,1,0,-0.12529534848783852,-0.12529534848783852
1790945772.207353,1790945774.207353,0,0,1,0,-0.12529534848783852,-0.12529534848783852
1790945773.207353,1790945775.207353,0,0,1,0,-0.12529534848783852,-0.12529534848783852
1790945774.207353,1790945776.207353,0,0,1,0,-0.12529534848783852,-0.12529534848783852
1790945775.207353,1790945777.207353,0,0,1,0,-0.12529534848783852,-0.12529534848783852
1790945776.207353,1790945778.207353,0,0,1,0,-0.12529534848783852,-0.12529534848783852
1790945777.207353,1790945779.207353,0,0,1,0,-0.12529534848783852,-0.12529534848783852
1790945778.207353,1790945780.207353,0,0,1,0,-0.12529534848783852,-0.12529534848783852
1790945779.207353,1790945781.207353,0,0,1,0,-0.12529534848783852,-0.12529534848783852
1790945780.207353,1790945782.207353,0,0,1,0,-0.12529534848783852,-0.12529534848783852
1790945781.207353,1790945783.207353,0,0,1,0,-0.12529534848783852,-0.12529534848783852
1790945782.207353,1790945784.207353,0,0,1,0,-0.12529534848783852,-0.12529534848783852
1790945783.207353,1790945785.207353,0,0,1,0,-0.12529534848783852,-0.12529534848783852
1790945784.207353,1790945786.207353,0,0,1,0,-0.12529534848783852,-0.12529534848783852
1790945785.207353,1790945787.207353,0,0,1,0,-0.12529534848783852,-0.12529534848783852
1790945786.207353,1790945788.207353,0,0,1,0,-0.12529534848783852,-0.12529534848783852
1790945787.207353,1790945789.207353,0,0,1,0,-0.12529534848783852,-0.12529534848783852
1790945788.207353,1790945790.207353,0,0,1,0,-0.12529534848783852,-0.12529534848783852
1790945789.207353,1790945791.207353,0,0,1,0,-0.12529534848783852,-0.12529534848783852
1790945790.207353,1790945792.207353,0,0,1,0,-0.12529534848783852,-0.12529534848783852
1790945791.207353,1790945793.207353,0,0,1,0,-0.12529534848783852,-0.12529534848783852
1790945792.207353,1790945794.207353,0,0,1,0,-0.12529534848783852,-0.12529534848783852
1790945793.207353,1790945795.207353,0,0,1,0,-0.12529534848783852,-0.12529534848783852
1790945794.207353,1790945796.207353,0,0,1,0,-0.12529534848783852,-0.12529534848783852
1790945795.207353,1790945797.207353,0,0,1,0,-0.12529534848783852,-0.12529534848783852
1790945796.207353,1790945798.207353,0,0,1,0,-0.12529534848783852,-0.12529534848783852
1790945797.207353,1790945799.207353,0,0,1,0,-0.12529534848783852,-0.12529534848783852
1790945798.207353,1790945800.207353,0,0,1,0,-0.12529534848783852,-0.12529534848783852
1790945799.207353,1790945801.207353,0,0,1,0,-0.12529534848783852,-0.12529534848783852
1790945800.207353,1790945802.207353,0,0,1,0,-0.12529534848783852,-0.12529534848783852
1790945801.207353,1790945803.207353,0,0,1,0,-0.12529534848783852,-0.12529534848783852
1790945802.207353,1790945804.207353,0,0,1,0,-0.12529534848783852,-0.12529534848783852
1790945803.207353,1790945805.207353,0,0,1,0,-0.12529534848783852,-0.12529534848783852
1790945804.207353,1790945806.207353,0,0,1,0,-0.12529534848783852,-0.12529534848783852
1790945805.207353,1790945807.207353,0,0,1,0,-0.12529534848783852,-0.12529534848783852
1790945806.207353,1790945808.207353,0,0,1,0,-0.12529534848783852,-0.12529534848783852
1790945807.207353,1790945809.207353,0,0,1,0,-0.12529534848783852,-0.12529534848783852
1790945808.207353,1790945810.207353,0,0,1,0,-0.12529534848783852,-0.12529534848783852
1790945809.207353,1790945811.207353,0,0,1,0,-0.12529534848783852,-0.12529534848783852
1790945810.207353,1790945812.207353,0,0,1,0,-0.12529534848783852,-0.12529534848783852
1790945811.207353,1790945813.207353,0,0,1,0,-0.12529534848783852,-0.12529534848783852
1790945812.207353,1790945814.207353,0,0,1,0,-0.12529534848783852,-0.12529534848783852
1790945813.207353,1790945815.207353,0,0,1,0,-0.12529534848783852,-0.12529534848783852
1790945814.207353,1790945816.207353,0,0,1,0,-0.12529534848783852,-0.12529534848783852
1790945815.207353,1790945817.207353,0,0,1,0,-0.12529534848783852,-0.12529534848783852
1790945816.207353,1790945818.207353,0,0,1,0,-0.12529534848783852,-0.12529534848783852
1790945817.207353,1790945819.207353,0,0,1,0,-0.12529534848783852,-0.12529534848783852
1790945818.207353,1790945820.207353,0,0,1,0,-0.12529534848783852,-0.12529534848783852
1790945819.207353,1790945821.207353,0,0,1,0,-0.12529534848783852,-0.12529534848783852
1790945820.207353,1790945822.207353,0,0,1,0,-0.12529534848783852,-0.12529534848783852
1790945821.207353,1790945823.207353,0,0,1,0,-0.12529534848783852,-0.12529534848783852
1790945822.207353,1790945824.207353,0,0,1,0,-0.12529534848783852,-0.12529534848783852
1790945823.207353,1790945825.207353,0,0,1,0,-0.12529534848783852,-0.12529534848783852
1790945824.207353,1790945826.207353,0,0,1,0,-0.12529534848783852,-0.12529534848783852
1790945825.207353,1790945827.207353,0,0,1,0,-0.12529534848783852,-0.12529534848783852
1790945826.207353,1790945828.207353,0,0,1,0,-0.12529534848783852,-0.12529534848783852
1790945827.207353,1790945829.207353,0,0,1,0,-0.12529534848783852,-0.12529534848783852
1790945828.207353,1790945830.207353,0,0,1,0,-0.12529534848783852,-0.12529534848783852
1790945829.207353,1790945831.207353,0,0,1,0,-0.12529534848783852,-0.12529534848783852
1790945830.207353,1790945832.207353,0,0,1,0,-0.12529534848783852,-0.12529534848783852
1790945831.207353,1790945833.207353,0,0,1,0,-0.12529534848783852,-0.12529534848783852
1790945832.207353,1790945834.207353,0,0,1,0,-0.12529534848783852,-0.12529534848783852
1790945833.207353,1790945835.207353,0,0,1,0,-0.12529534848783852,-0.12529534848783852
1790945834.207353,1790945836.207353,0,0,1,0,-0.12529534848783852,-0.12529534848783852
1790945835.207353,1790945837.207353,0,0,1,0,-0.12529534848783852,-0.12529534848783852
1790945836.207353,1790945838.207353,0,0,1,0,-0.12529534848783852,-0.12529534848783852
1790945837.207353,1790945839.207353,0,0,1,0,-0.12529534848783852,-0.12529534848783852
1790945838.207353,1790945840.207353,0,0,1,0,-0.12529534848783852,-0.12529534848783852
1790945839.207353,1790945841.207353,0,0,1,0,-0.12529534848783852,-0.12529534848783852
1790945840.207353,1790945842.207353,0,0,1,0,-0.12529534848783852,-0.12529534848783852
1790945841.207353,1790945843.207353,0,0,1,0,-0.12529534848783852,-0.12529534848783852
1790945842.207353,1790945844.207353,0,0,1,0,-0.12529534848783852,-0.12529534848783852
1790945843.207353,1790945845.207353,0,0,1,0,-0.12529534848783852,-0.12529534848783852
1790945844.207353,1790945846.207353,0,0,1,0,-0.12529534848783852,-0.12529534848783852
1790945845.207353,1790945847.207353,0,0,1,0,-0.12529534848783852,-0.12529534848783852
1790945846.207353,1790945848.207353,0,0,1,0,-0.12529534848783852,-0.12529534848783852
1790945847.207353,1790945849.207353,0,0,1,0,-0.12529534848783852,-0.12529534848783852
1790945848.207353,1790945850.207353,0,0,1,0,-0.12529534848783852,-0.12529534848783852
1790945849.207353,1790945851.207353,0,0,1,0,-0.12529534848783852,-0.12529534848783852
1790945850.207353,1790945852.207353,0,0,1,0,-0.12529534848783852,-0.12529534848783852
1790945851.207353,1790945853.207353,0,0,1,0,-0.12529534848783852,-0.12529534848783852
1790945852.207353,1790945854.207353,0,0,1,0,-0.12529534848783852,-0.12529534848783852
1790945853.207353,1790945855.207353,0,0,1,0,-0.12529534848783852,-0.12529534848783852
1790945854.207353,1790945856.207353,0,0,1,0,-0.12529534848783852,-0.12529534848783852
1790945855.207353,1790945857.207353,0,0,1,0,-0.12529534848783852,-0.12529534848783852
1790945856.207353,1790945858.207353,0,0,1,0,-0.12529534848783852,-0.12529534848783852
1790945857.207353,1790945859.207353,0,0,1,0,-0.12529534848783852,-0.12529534848783852
1790945858.207353,1790945860.207353,0,0,1,0,-0.12529534848783852,-0.12529534848783852
1790945859.207353,1790945861.207353,0,0,1,0,-0.12529534848783852,-0.12529534848783852
1790945860.207353,1790945862.207353,0,0,1,0,-0.12529534848783852,-0.12529534848783852
1790945861.207353,1790945863.207353,0,0,1,0,-0.12529534848783852,-0.12529534848783852
1790945862.207353,1790945864.207353,0,0,1,0,-0.12529534848783852,-0.12529534848783852
1790945863.207353,1790945865.207353,0,0,1,0,-0.12529534848783852,-0.12529534848783852
1790945864.207353,1790945866.207353,0,0,1,0,-0.12529534848783852,-0.12529534848783852
1790945865.207353,1790945867.207353,0,0,1,0,-0.12529534848783852,-0.12529534848783852
1790945866.207353,1790945868.207353,0,0,1,0,-0.12529534848783852,-0.12529534848783852
1790945867.207353,1790945869.207353,0,0,1,0,-0.12529534848783852,-0.12529534848783852
1790945868.207353,1790945870.207353,0,0,1,0,-0.12529534848783852,-0.12529534848783852
1790945869.207353,1790945871.207353,0,0,1,0,-0.12529534848783852,-0.12529534848783852
1790945870.207353,1790945872.207353,0,0,1,0,-0.12529534848783852,-0.12529534848783852
1790945871.207353,1790945873.207353,0,0,1,0,-0.12529534848783852,-0.12529534848783852
1790945872.207353,1790945874.207353,0,0,1,0,-0.12529534848783852,-0.12529534848783852
1790945873.207353,1790945875.207353,0,0,1,0,-0.12529534848783852,-0.12529534848783852
1790945874.207353,1790945876.207353,0,0,1,0,-0.12529534848783852,-0.12529534848783852
1790945875.207353,1790945877.207353,0,0,1,0,-0.12529534848783852,-0.12529534848783852
1790945876.207353,1790945878.207353,0,0,1,0,-0.12529534848783852,-0.12529534848783852
1790945877.207353,1790945879.207353,0,0,1,0,-0.12529534848783852,-0.12529534848783852
1790945878.207353,1790945880.207353,0,0,1,0,-0.12529534848783852,-0.12529534848783852
1790945879.207353,1790945881.207353,0,0,1,0,-0.12529534848783852,-0.12529534848783852
1790945880.207353,1790945882.207353,0,0,1,0,-0.12529534848783852,-0.12529534848783852
1790945881.207353,1790945883.207353,0,0,1,0,-0.12529534848783852,-0.12529534848783852
1790945882.207353,1790945884.207353,0,0,1,0,-0.12529534848783852,-0.12529534848783852
1790945883.207353,1790945885.207353,0,0,1,0,-0.12529534848783852,-0.12529534848783852
1790945884.207353,1790945886.207353,0,0,1,0,-0.12529534848783852,-0.12529534848783852
1790945885.207353,1790945887.207353,0,0,1,0,-0.12529534848783852,-0.12529534848783852
1790945886.207353,1790945888.207353,0,0,1,0,-0.12529534848783852,-0.12529534848783852
1790945887.207353,1790945889.207353,0,0,1,0,-0.12529534848783852,-0.12529534848783852
1790945888.207353,1790945890.207353,0,0,1,0,-0.12529534848783852,-0.12529534848783852
1790945889.207353,1790945891.207353,0,0,1,0,-0.12529534848783852,-0.12529534848783852
1790945890.207353,1790945892.207353,0,0,1,0,-0.12529534848783852,-0.12529534848783852
1790945891.207353,1790945893.207353,0,0,1,0,-0.12529534848783852,-0.12529534848783852
1790945892.207353,1790945894.207353,0,0,1,0,-0.12529534848783852,-0.12529534848783852
1790945893.207353,1790945895.207353,0,0,1,0,-0.12529534848783852,-0.12529534848783852
1790945894.207353,1790945896.207353,0,0,1,0,-0.12529534848783852,-0.12529534848783852
1790945895.207353,1790945897.207353,0,0,1,0,-0.12529534848783852,-0.12529534848783852
1790945896.207353,1790945898.207353,0,0,1,0,-0.12529534848783852,-0.12529534848783852
1790945897.207353,1790945899.207353,0,0,1,0,-0.12529534848783852,-0.12529534848783852
1790945898.207353,1790945900.207353,0,0,1,0,-0.12529534848783852,-0.12529534848783852
1790945899.207353,1790945901.207353,0,0,1,0,-0.12529534848783852,-0.12529534848783852
1790945900.207353,1790945902.207353,0,0,1,0,-0.12529534848783852,-0.12529534848783852
1790945901.207353,1790945903.207353,0,0,1,0,-0.12529534848783852,-0.12529534848783852
1790945902.207353,1790945904.207353,0,0,1,0,-0.12529534848783852,-0.12529534848783852
1790945903.207353,1790945905.207353,0,0,1,0,-0.12529534848783852,-0.12529534848783852
1790945904.207353,1790945906.207353,0,0,1,0,-0.12529534848783852,-0.12529534848783852
1790945905.207353,1790945907.207353,0,0,1,0,-0.12529534848783852,-0.12529534848783852
1790945906.207353,1790945908.207353,0,0,1,0,-0.12529534848783852,-0.12529534848783852
1790945907.207353,1790945909.207353,0,0,1,0,-0.12529534848783852,-0.12529534848783852
1790945908.207353,1790945910.207353,0,0,1,0,-0.12529534848783852,-0.12529534848783852
1790945909.207353,1790945911.207353,0,0,1,0,-0.12529534848783852,-0.12529534848783852
1790945910.207353,1790945912.207353,0,0,1,0,-0.12529534848783852,-0.12529534848783852
1790945911.207353,1790945913.207353,0,0,1,0,-0.12529534848783852,-0.12529534848783852
1790945912.207353,1790945914.207353,0,0,1,0,-0.12529534848783852,-0.12529534848783852
1790945913.207353,1790945915.207353,0,0,1,0,-0.12529534848783852,-0.12529534848783852
1790945914.207353,1790945916.207353,0,0,1,0,-0.12529534848783852,-0.12529534848783852
1790945915.207353,1790945917.207353,0,0,1,0,-0.12529534848783852,-0.12529534848783852
1790945916.207353,1790945918.207353,0,0,1,0,-0.12529534848783852,-0.12529534848783852
1790945917.207353,1790945919.207353,0,0,1,0,-0.12529534848783852,-0.12529534848783852
1790945918.207353,1790945920.207353,0,0,1,0,-0.12529534848783852,-0.12529534848783852
1790945919.207353,1790945921.207353,0,0,1,0,-0.12529534848783852,-0.12529534848783852
1790945920.207353,1790945922.207353,0,0,1,0,-0.12529534848783852,-0.12529534848783852
1790945921.207353,1790945923.207353,0,0,1,0,-0.12529534848783852,-0.12529534848783852
1790945922.207353,1790945924.207353,0,0,1,0,-0.12529534848783852,-0.12529534848783852
1790945923.207353,1790945925.207353,0,0,1,0,-0.12529534848783852,-0.12529534848783852
1790945924.207353,1790945926.207353,0,0,1,0,-0.12529534848783852,-0.12529534848783852
1790945925.207353,1790945927.207353,0,0,1,0,-0.12529534848783852,-0.12529534848783852
1790945926.207353,1790945928.207353,0,0,1,0,-0.12529534848783852,-0.12529534848783852
1790945927.207353,1790945929.207353,0,0,1,0,-0.12529534848783852,-0.12529534848783852
1790945928.207353,1790945930.207353,0,0,1,0,-0.12529534848783852,-0.12529534848783852
1790945929.207353,1790945931.207353,0,0,1,0,-0.12529534848783852,-0.12529534848783852
1790945930.207353,1790945932.207353,0,0,1,0,-0.12529534848783852,-0.12529534848783852
1790945931.207353,1790945933.207353,0,0,1,0,-0.12529534848783852,-0.12529534848783852
1790945932.207353,1790945934.207353,0,0,1,0,-0.12529534848783852,-0.12529534848783852
1790945933.207353,1790945935.207353,0,0,1,0,-0.12529534848783852,-0.12529534848783852
1790945934.207353,1790945936.207353,0,0,1,0,-0.12529534848783852,-0.12529534848783852
1790945935.207353,1790945937.207353,0,0,1,0,-0.12529534848783852,-0.12529534848783852
1790945936.207353,1790945938.207353,0,0,1,0,-0.12529534848783852,-0.12529534848783852
1790945937.207353,1790945939.207353,0,0,1,0,-0.12529534848783852,-0.12529534848783852
1790945938.207353,1790945940.207353,0,0,1,0,-0.12529534848783852,-0.12529534848783852
1790945939.207353,1790945941.207353,0,0,1,0,-0.12529534848783852,-0.12529534848783852
1790945940.207353,1790945942.207353,0,0,1,0,-0.12529534848783852,-0.12529534848783852
1790945941.207353,1790945943.207353,0,0,1,0,-0.12529534848783852,-0.12529534848783852
1790945942.207353,1790945944.207353,0,0,1,0,-0.12529534848783852,-0.12529534848783852
1790945943.207353,1790945945.207353,0,0,1,0,-0.12529534848783852,-0.12529534848783852
1790945944.207353,1790945946.207353,0,0,1,0,-0.12529534848783852,-0.12529534848783852
1790945945.207353,1790945947.207353,0,0,1,0,-0.12529534848783852,-0.12529534848783852
1790945946.207353,1790945948.207353,0,0,1,0,-0.12529534848783852,-0.12529534848783852
1790945947.207353,1790945949.207353,0,0,1,0,-0.12529534848783852,-0.12529534848783852
1790945948.207353,1790945950.207353,0,0,1,0,-0.12529534848783852,-0.12529534848783852
1790945949.207353,1790945951.207353,0,0,1,0,-0.12529534848783852,-0.12529534848783852
1790945950.207353,1790945952.207353,0,0,1,0,-0.12529534848783852,-0.12529534848783852
1790945951.207353,1790945953.207353,0,0,1,0,-0.12529534848783852,-0.12529534848783852
1790945952.207353,1790945954.207353,0,0,1,0,-0.12529534848783852,-0.12529534848783852
1790945953.207353,1790945955.207353,0,0,1,0,-0.12529534848783852,-0.12529534848783852
1790945954.207353,1790945956.207353,0,0,1,0,-0.12529534848783852,-0.12529534848783852
1790945955.207353,1790945957.207353,0,0,1,0,-0.12529534848783852,-0.12529534848783852
1790945956.207353,1790945958.207353,0,0,1,0,-0.12529534848783852,-0.12529534848783852
1790945957.207353,1790945959.207353,0,0,1,0,-0.12529534848783852,-0.12529534848783852
1790945958.207353,1790945960.207353,0,0,1,0,-0.12529534848783852,-0.12529534848783852
1790945959.207353,1790945961.207353,0,0,1,0,-0.12529534848783852,-0.12529534848783852
1790945960.207353,1790945962.207353,0,0,1,0,-0.12529534848783852,-0.12529534848783852
1790945961.207353,1790945963.207353,0,0,1,0,-0.12529534848783852,-0.12529534848783852
1790945962.207353,1790945964.207353,0,0,1,0,-0.12529534848783852,-0.12529534848783852
1790945963.207353,1790945965.207353,0,0,1,0,-0.12529534848783852,-0.12529534848783852
1790945964.207353,1790945966.207353,0,0,1,0,-0.12529534848783852,-0.12529534848783852
1790945965.207353,1790945967.207353,0,0,1,0,-0.12529534848783852,-0.12529534848783852
1790945966.207353,1790945968.207353,0,0,1,0,-0.12529534848783852,-0.12529534848783852
1790945967.207353,1790945969.207353,0,0,1,0,-0.12529534848783852,-0.12529534848783852
1790945968.207353,1790945970.207353,0,0,1,0,-0.12529534848783852,-0.12529534848783852
1790945969.207353,1790945971.207353,0,0,1,0,-0.12529534848783852,-0.12529534848783852
1790945970.207353,1790945972.207353,0,0,1,0,-0.12529534848783852,-0.12529534848783852
1790945971.207353,1790945973.207353,0,0,1,0,-0.12529534848783852,-0.12529534848783852
1790945972.207353,1790945974.207353,0,0,1,0,-0.12529534848783852,-0.12529534848783852
1790945973.207353,1790945975.207353,0,0,1,0,-0.12529534848783852,-0.12529534848783852
1790945974.207353,1790945976.207353,0,0,1,0,-0.12529534848783852,-0.12529534848783852
1790945975.207353,1790945977.207353,0,0,1,0,-0.12529534848783852,-0.12529534848783852
1790945976.207353,1790945978.207353,0,0,1,0,-0.12529534848783852,-0.12529534848783852
1790945977.207353,1790945979.207353,0,0,1,0,-0.12529534848783852,-0.12529534848783852
1790945978.207353,1790945980.207353,0,0,1,0,-0.12529534848783852,-0.12529534848783852
1790945979.207353,1790945981.207353,0,0,1,0,-0.12529534848783852,-0.12529534848783852
1790945980.207353,1790945982.207353,0,0,1,0,-0.12529534848783852,-0.12529534848783852
1790945981.207353,1790945983.207353,0,0,1,0,-0.12529534848783852,-0.12529534848783852
1790945982.207353,1790945984.207353,0,0,1,0,-0.12529534848783852,-0.12529534848783852
1790945983.207353,1790945985.207353,0,0,1,0,-0.12529534848783852,-0.12529534848783852
1790945984.207353,1790945986.207353,0,0,1,0,-0.12529534848783852,-0.12529534848783852
1790945985.207353,1790945987.207353,0,0,1,0,-0.12529534848783852,-0.12529534848783852
1790945986.207353,1790945988.207353,0,0,1,0,-0.12529534848783852,-0.12529534848783852
1790945987.207353,1790945989.207353,0,0,1,0,-0.12529534848783852,-0.12529534848783852
1790945988.207353,1790945990.207353,0,0,1,0,-0.12529534848783852,-0.12529534848783852
1790945989.207353,1790945991.207353,0,0,1,0,-0.12529534848783852,-0.12529534848783852
1790945990.207353,1790945992.207353,0,0,1,0,-0.12529534848783852,-0.12529534848783852
1790945991.207353,1790945993.207353,0,0,1,0,-0.12529534848783852,-0.12529534848783852
1790945992.207353,1790945994.207353,0,0,1,0,-0.12529534848783852,-0.12529534848783852
1790945993.207353,1790945995.207353,0,0,1,0,-0.12529534848783852,-0.12529534848783852
1790945994.207353,1790945996.207353,0,0,1,0,-0.12529534848783852,-0.12529534848783852
1790945995.207353,1790945997.207353,0,0,1,0,-0.12529534848783852,-0.12529534848783852
1790945996.207353,1790945998.207353,0,0,1,0,-0.12529534848783852,-0.12529534848783852
1790945997.207353,1790945999.207353,0,0,1,0,-0.12529534848783852,-0.12529534848783852
1790945998.207353,1790946000.207353,0,0,1,0,-0.12529534848783852,-0.12529534848783852
1790945999.207353,1790946001.207353,0,0,1,0,-0.12529534848783852,-0.12529534848783852
1790946000.207353,1790946002.207353,0,0,1,0,-0.12529534848783852,-0.12529534848783852
1790946001.207353,1790946003.207353,0,0,1,0,-0.12529534848783852,-0.12529534848783852
1790946002.207353,1790946004.207353,0,0,1,0,-0.12529534848783852,-0.12529534848783852
1790946003.207353,1790946005.207353,0,0,1,0,-0.12529534848783852,-0.12529534848783852
1790946004.207353,1790946006.207353,0,0,1,0,-0.12529534848783852,-0.12529534848783852
1790946005.207353,1790946007.207353,0,0,1,0,-0.12529534848783852,-0.12529534848783852
1790946006.207353,1790946008.207353,0,0,1,0,-0.12529534848783852,-0.12529534848783852
1790946007.207353,1790946009.207353,0,0,1,0,-0.12529534848783852,-0.12529534848783852
1790946008.207353,1790946010.207353,0,0,1,0,-0.12529534848783852,-0.12529534848783852
1790946009.207353,1790946011.207353,0,0,1,0,-0.12529534848783852,-0.12529534848783852
1790946010.207353,1790946012.207353,0,0,1,0,-0.12529534848783852,-0.12529534848783852
1790946011.207353,1790946013.207353,0,0,1,0,-0.12529534848783852,-0.12529534848783852
1790946012.207353,1790946014.207353,0,0,1,0,-0.12529534848783852,-0.12529534848783852
1790946013.207353,1790946015.207353,0,0,1,0,-0.12529534848783852,-0.12529534848783852
1790946014.207353,1790946016.207353,0,0,1,0,-0.12529534848783852,-0.12529534848783852
1790946015.207353,1790946017.207353,0,0,1,0,-0.12529534848783852,-0.12529534848783852
1790946016.207353,1790946018.207353,0,0,1,0,-0.12529534848783852,-0.12529534848783852
1790946017.207353,1790946019.207353,0,0,1,0,-0.12529534848783852,-0.12529534848783852
1790946018.207353,1790946020.207353,0,0,1,0,-0.12529534848783852,-0.12529534848783852
1790946019.207353,1790946021.207353,0,0,1,0,-0.12529534848783852,-0.12529534848783852
1790946020.207353,1790946022.207353,0,0,1,0,-0.12529534848783852,-0.12529534848783852
1790946021.207353,1790946023.207353,0,0,1,0,-0.12529534848783852,-0.12529534848783852
1790946022.207353,1790946024.207353,0,0,1,0,-0.12529534848783852,-0.12529534848783852
1790946023.207353,1790946025.207353,0,0,1,0,-0.12529534848783852,-0.12529534848783852
1790946024.207353,1790946026.207353,0,0,1,0,-0.12529534848783852,-0.12529534848783852
1790946025.207353,1790946027.207353,0,0,1,0,-0.12529534848783852,-0.12529534848783852
1790946026.207353,1790946028.207353,0,0,1,0,-0.12529534848783852,-0.12529534848783852
1790946027.207353,1790946029.207353,0,0,1,0,-0.12529534848783852,-0.12529534848783852
1790946028.207353,1790946030.207353,0,0,1,0,-0.12529534848783852,-0.12529534848783852
1790946029.207353,1790946031.207353,0,0,1,0,-0.12529534848783852,-0.12529534848783852
1790946030.207353,1790946032.207353,0,0,1,0,-0.12529534848783852,-0.12529534848783852
1790946031.207353,1790946033.207353,0,0,1,0,-0.12529534848783852,-0.12529534848783852
1790946032.207353,1790946034.207353,0,0,1,0,-0.12529534848783852,-0.12529534848783852
1790946033.207353,1790946035.207353,0,0,1,0,-0.12529534848783852,-0.12529534848783852
1790946034.207353,1790946036.207353,0,0,1,0,-0.12529534848783852,-0.12529534848783852
1790946035.207353,1790946037.207353,0,0,1,0,-0.12529534848783852,-0.12529534848783852
1790946036.207353,1790946038.207353,0,0,1,0,-0.12529534848783852,-0.12529534848783852
1790946037.207353,1790946039.207353,0,0,1,0,-0.12529534848783852,-0.12529534848783852
1790946038.207353,1790946040.207353,0,0,1,0,-0.12529534848783852,-0.12529534848783852
1790946039.207353,1790946041.207353,0,0,1,0,-0.12529534848783852,-0.12529534848783852
1790946040.207353,1790946042.207353,0,0,1,0,-0.12529534848783852,-0.12529534848783852
1790946041.207353,1790946043.207353,0,0,1,0,-0.12529534848783852,-0.12529534848783852
1790946042.207353,1790946044.207353,0,0,1,0,-0.12529534848783852,-0.12529534848783852
1790946043.207353,1790946045.207353,0,0,1,0,-0.12529534848783852,-0.12529534848783852
1790946044.207353,1790946046.207353,0,0,1,0,-0.12529534848783852,-0.12529534848783852
1790946045.207353,1790946047.207353,0,0,1,0,-0.12529534848783852,-0.12529534848783852
1790946046.207353,1790946048.207353,0,0,1,0,-0.12529534848783852,-0.12529534848783852
1790946047.207353,1790946049.207353,0,0,1,0,-0.12529534848783852,-0.12529534848783852
1790946048.207353,1790946050.207353,0,0,1,0,-0.12529534848783852,-0.12529534848783852
1790946049.207353,1790946051.207353,0,0,1,0,-0.12529534848783852,-0.12529534848783852
1790946050.207353,1790946052.207353,0,0,1,0,-0.12529534848783852,-0.12529534848783852
1790946051.207353,1790946053.207353,0,0,1,0,-0.12529534848783852,-0.12529534848783852
1790946052.207353,1790946054.207353,0,0,1,0,-0.12529534848783852,-0.12529534848783852
1790946053.207353,1790946055.207353,0,0,1,0,-0.12529534848783852,-0.12529534848783852
1790946054.207353,1790946056.207353,0,0,1,0,-0.12529534848783852,-0.12529534848783852
1790946055.207353,1790946057.207353,0,0,1,0,-0.12529534848783852,-0.12529534848783852
1790946056.207353,1790946058.207353,0,0,1,0,-0.12529534848783852,-0.12529534848783852
1790946057.207353,1790946059.207353,0,0,1,0,-0.12529534848783852,-0.12529534848783852
1790946058.207353,1790946060.207353,0,0,1,0,-0.12529534848783852,-0.12529534848783852
1790946059.207353,1790946061.207353,0,0,1,0,-0.12529534848783852,-0.12529534848783852
1790946060.207353,1790946062.207353,0,0,1,0,-0.12529534848783852,-0.12529534848783852
1790946061.207353,1790946063.207353,0,0,1,0,-0.12529534848783852,-0.12529534848783852
1790946062.207353,1790946064.207353,0,0,1,0,-0.12529534848783852,-0.12529534848783852
1790946063.207353,1790946065.207353,0,0,1,0,-0.12529534848783852,-0.12529534848783852
1790946064.207353,1790946066.207353,0,0,1,0,-0.12529534848783852,-0.12529534848783852
1790946065.207353,1790946067.207353,0,0,1,0,-0.12529534848783852,-0.12529534848783852
1790946066.207353,1790946068.207353,0,0,1,0,-0.12529534848783852,-0.12529534848783852
1790946067.207353,1790946069.207353,0,0,1,0,-0.12529534848783852,-0.12529534848783852
1790946068.207353,1790946070.207353,0,0,1,0,-0.12529534848783852,-0.12529534848783852
1790946069.207353,1790946071.207353,0,0,1,0,-0.12529534848783852,-0.12529534848783852
1790946070.207353,1790946072.207353,0,0,1,0,-0.12529534848783852,-0.12529534848783852
1790946071.207353,1790946073.207353,0,0,1,0,-0.12529534848783852,-0.12529534848783852
1790946072.207353,1790946074.207353,0,0,1,0,-0.12529534848783852,-0.12529534848783852
1790946073.207353,1790946075.207353,0,0,1,0,-0.12529534848783852,-0.12529534848783852
1790946074.207353,1790946076.207353,0,0,1,0,-0.12529534848783852,-0.12529534848783852
1790946075.207353,1790946077.207353,0,0,1,0,-0.12529534848783852,-0.12529534848783852
1790946076.207353,1790946078.207353,0,0,1,0,-0.12529534848783852,-0.12529534848783852
1790946077.207353,1790946079.207353,0,0,1,0,-0.12529534848783852,-0.12529534848783852
1790946078.207353,1790946080.207353,0,0,1,0,-0.12529534848783852,-0.12529534848783852
1790946079.207353,1790946081.207353,0,0,1,0,-0.12529534848783852,-0.12529534848783852
1790946080.207353,1790946082.207353,0,0,1,0,-0.12529534848783852,-0.12529534848783852
1790946081.207353,1790946083.207353,0,0,1,0,-0.12529534848783852,-0.12529534848783852
1790946082.207353,1790946084.207353,0,0,1,0,-0.12529534848783852,-0.12529534848783852
1790946083.207353,1790946085.207353,0,0,1,0,-0.12529534848783852,-0.12529534848783852
1790946084.207353,1790946086.207353,0,0,1,0,-0.12529534848783852,-0.12529534848783852
1790946085.207353,1790946087.207353,0,0,1,0,-0.12529534848783852,-0.12529534848783852
1790946086.207353,1790946088.207353,0,0,1,0,-0.12529534848783852,-0.12529534848783852
1790946087.207353,1790946089.207353,0,0,1,0,-0.12529534848783852,-0.12529534848783852
1790946088.207353,1790946090.207353,0,0,1,0,-0.12529534848783852,-0.12529534848783852
1790946089.207353,1790946091.207353,0,0,1,0,-0.12529534848783852,-0.12529534848783852
1790946090.207353,1790946092.207353,0,0,1,0,-0.12529534848783852,-0.12529534848783852
1790946091.207353,1790946093.207353,0,0,1,0,-0.12529534848783852,-0.12529534848783852
1790946092.207353,1790946094.207353,0,0,1,0,-0.12529534848783852,-0.12529534848783852
1790946093.207353,1790946095.207353,0,0,1,0,-0.12529534848783852,-0.12529534848783852
1790946094.207353,1790946096.207353,0,0,1,0,-0.12529534848783852,-0.12529534848783852
1790946095.207353,1790946097.207353,0,0,1,0,-0.12529534848783852,-0.12529534848783852
1790946096.207353,1790946098.207353,0,0,1,0,-0.12529534848783852,-0.12529534848783852
1790946097.207353,1790946099.207353,0,0,1,0,-0.12529534848783852,-0.12529534848783852
1790946098.207353,1790946100.207353,0,0,1,0,-0.12529534848783852,-0.12529534848783852
1790946099.207353,1790946101.207353,0,0,1,0,-0.12529534848783852,-0.12529534848783852
1790946100.207353,1790946102.207353,0,0,1,0,-0.12529534848783852,-0.12529534848783852
1790946101.207353,1790946103.207353,0,0,1,0,-0.12529534848783852,-0.12529534848783852
1790946102.207353,1790946104.207353,0,0,1,0,-0.12529534848783852,-0.12529534848783852
1790946103.207353,1790946105.207353,0,0,1,0,-0.12529534848783852,-0.12529534848783852
1790946104.207353,1790946106.207353,0,0,1,0,-0.12529534848783852,-0.12529534848783852
1790946105.207353,1790946107.207353,0,0,1,0,-0.12529534848783852,-0.12529534848783852
1790946106.207353,1790946108.207353,0,0,1,0,-0.12529534848783852,-0.12529534848783852
1790946107.207353,1790946109.207353,0,0,1,0,-0.12529534848783852,-0.12529534848783852
1790946108.207353,1790946110.207353,0,0,1,0,-0.12529534848783852,-0.12529534848783852
1790946109.207353,1790946111.207353,0,0,1,0,-0.12529534848783852,-0.12529534848783852
1790946110.207353,1790946112.207353,0,0,1,0,-0.12529534848783852,-0.12529534848783852
1790946111.207353,1790946113.207353,0,0,1,0,-0.12529534848783852,-0.12529534848783852
1790946112.207353,1790946114.207353,0,0,1,0,-0.12529534848783852,-0.12529534848783852
1790946113.207353,1790946115.207353,0,0,1,0,-0.12529534848783852,-0.12529534848783852
1790946114.207353,1790946116.207353,0,0,1,0,-0.12529534848783852,-0.12529534848783852
1790946115.207353,1790946117.207353,0,0,1,0,-0.12529534848783852,-0.12529534848783852
1790946116.207353,1790946118.207353,0,0,1,0,-0.12529534848783852,-0.12529534848783852
1790946117.207353,1790946119.207353,0,0,1,0,-0.12529534848783852,-0.12529534848783852
1790946118.207353,1790946120.207353,0,0,1,0,-0.12529534848783852,-0.12529534848783852
1790946119.207353,1790946121.207353,0,0,1,0,-0.12529534848783852,-0.12529534848783852
1790946120.207353,1790946122.207353,0,0,1,0,-0.12529534848783852,-0.12529534848783852
1790946121.207353,1790946123.207353,0,0,1,0,-0.12529534848783852,-0.12529534848783852
1790946122.207353,1790946124.207353,0,0,1,0,-0.12529534848783852,-0.12529534848783852
1790946123.207353,1790946125.207353,0,0,1,0,-0.12529534848783852,-0.12529534848783852
1790946124.207353,1790946126.207353,0,0,1,0,-0.12529534848783852,-0.12529534848783852
1790946125.207353,1790946127.207353,0,0,1,0,-0.12529534848783852,-0.12529534848783852
1790946126.207353,1790946128.207353,0,0,1,0,-0.12529534848783852,-0.12529534848783852
1790946127.207353,1790946129.207353,0,0,1,0,-0.12529534848783852,-0.12529534848783852
1790946128.207353,1790946130.207353,0,0,1,0,-0.12529534848783852,-0.12529534848783852
1790946129.207353,1790946131.207353,0,0,1,0,-0.12529534848783852,-0.12529534848783852
1790946130.207353,1790946132.207353,0,0,1,0,-0.12529534848783852,-0.12529534848783852
1790946131.207353,1790946133.207353,0,0,1,0,-0.12529534848783852,-0.12529534848783852
1790946132.207353,1790946134.207353,0,0,1,0,-0.12529534848783852,-0.12529534848783852
1790946133.207353,1790946135.207353,0,0,1,0,-0.12529534848783852,-0.12529534848783852
1790946134.207353,1790946136.207353,0,0,1,0,-0.12529534848783852,-0.12529534848783852
1790946135.207353,1790946137.207353,0,0,1,0,-0.12529534848783852,-0.12529534848783852
1790946136.207353,1790946138.207353,0,0,1,0,-0.12529534848783852,-0.12529534848783852
1790946137.207353,1790946139.207353,0,0,1,0,-0.12529534848783852,-0.12529534848783852
1790946138.207353,1790946140.207353,0,0,1,0,-0.12529534848783852,-0.12529534848783852
1790946139.207353,1790946141.207353,0,0,1,0,-0.12529534848783852,-0.12529534848783852
1790946140.207353,1790946142.207353,0,0,1,0,-0.12529534848783852,-0.12529534848783852
1790946141.207353,1790946143.207353,0,0,1,0,-0.12529534848783852,-0.12529534848783852
1790946142.207353,1790946144.207353,0,0,1,0,-0.12529534848783852,-0.12529534848783852
1790946143.207353,1790946145.207353,0,0,1,0,-0.12529534848783852,-0.12529534848783852
1790946144.207353,1790946146.207353,0,0,1,0,-0.12529534848783852,-0.12529534848783852
1790946145.207353,1790946147.207353,0,0,1,0,-0.12529534848783852,-0.12529534848783852
1790946146.207353,1790946148.207353,0,0,1,0,-0.12529534848783852,-0.12529534848783852
1790946147.207353,1790946149.207353,0,0,1,0,-0.12529534848783852,-0.12529534848783852
1790946148.207353,1790946150.207353,0,0,1,0,-0.12529534848783852,-0.12529534848783852
1790946149.207353,1790946151.207353,0,0,1,0,-0.12529534848783852,-0.12529534848783852
1790946150.207353,1790946152.207353,0,0,1,0,-0.12529534848783852,-0.12529534848783852
1790946151.207353,1790946153.207353,0,0,1,0,-0.12529534848783852,-0.12529534848783852
1790946152.207353,1790946154.207353,0,0,1,0,-0.12529534848783852,-0.12529534848783852
1790946153.207353,1790946155.207353,0,0,1,0,-0.12529534848783852,-0.12529534848783852
1790946154.207353,1790946156.207353,0,0,1,0,-0.12529534848783852,-0.12529534848783852
1790946155.207353,1790946157.207353,0,0,1,0,-0.12529534848783852,-0.12529534848783852
1790946156.207353,1790946158.207353,0,0,1,0,-0.12529534848783852,-0.12529534848783852
1790946157.207353,1790946159.207353,0,0,1,0,-0.12529534848783852,-0.12529534848783852
1790946158.207353,1790946160.207353,0,0,1,0,-0.12529534848783852,-0.12529534848783852
1790946159.207353,1790946161.207353,0,0,1,0,-0.12529534848783852,-0.12529534848783852
1790946160.207353,1790946162.207353,0,0,1,0,-0.12529534848783852,-0.12529534848783852
1790946161.207353,1790946163.207353,0,0,1,0,-0.12529534848783852,-0.12529534848783852
1790946162.207353,1790946164.207353,0,0,1,0,-0.12529534848783852,-0.12529534848783852
1790946163.207353,1790946165.207353,0,0,1,0,-0.12529534848783852,-0.12529534848783852
1790946164.207353,1790946166.207353,0,0,1,0,-0.12529534848783852,-0.12529534848783852
1790946165.207353,1790946167.207353,0,0,1,0,-0.12529534848783852,-0.12529534848783852
1790946166.207353,1790946168.207353,0,0,1,0,-0.12529534848783852,-0.12529534848783852
1790946167.207353,1790946169.207353,0,0,1,0,-0.12529534848783852,-0.12529534848783852
1790946168.207353,1790946170.207353,0,0,1,0,-0.12529534848783852,-0.12529534848783852
1790946169.207353,1790946171.207353,0,0,1,0,-0.12529534848783852,-0.12529534848783852
1790946170.207353,1790946172.207353,0,0,1,0,-0.12529534848783852,-0.12529534848783852
1790946171.207353,1790946173.207353,0,0,1,0,-0.12529534848783852,-0.12529534848783852
1790946172.207353,1790946174.207353,0,0,1,0,-0.12529534848783852,-0.12529534848783852
1790946173.207353,1790946175.207353,0,0,1,0,-0.12529534848783852,-0.12529534848783852
1790946174.207353,1790946176.207353,0,0,1,0,-0.12529534848783852,-0.12529534848783852
1790946175.207353,1790946177.207353,0,0,1,0,-0.12529534848783852,-0.12529534848783852
1790946176.207353,1790946178.207353,0,0,1,0,-0.12529534848783852,-0.12529534848783852
1790946177.207353,1790946179.207353,0,0,1,0,-0.12529534848783852,-0.12529534848783852
1790946178.207353,1790946180.207353,0,0,1,0,-0.12529534848783852,-0.12529534848783852
1790946179.207353,1790946181.207353,0,0,1,0,-0.12529534848783852,-0.12529534848783852
1790946180.207353,1790946182.207353,0,0,1,0,-0.12529534848783852,-0.12529534848783852
1790946181.207353,1790946183.207353,0,0,1,0,-0.12529534848783852,-0.12529534848783852
1790946182.207353,1790946184.207353,0,0,1,0,-0.12529534848783852,-0.12529534848783852
1790946183.207353,1790946185.207353,0,0,1,0,-0.12529534848783852,-0.12529534848783852
1790946184.207353,1790946186.207353,0,0,1,0,-0.12529534848783852,-0.12529534848783852
1790946185.207353,1790946187.207353,0,0,1,0,-0.12529534848783852,-0.12529534848783852
1790946186.207353,1790946188.207353,0,0,1,0,-0.12529534848783852,-0.12529534848783852
1790946187.207353,1790946189.207353,0,0,1,0,-0.12529534848783852,-0.12529534848783852
1790946188.207353,1790946190.207353,0,0,1,0,-0.12529534848783852,-0.12529534848783852
1790946189.207353,1790946191.207353,0,0,1,0,-0.12529534848783852,-0.12529534848783852
1790946190.207353,1790946192.207353,0,0,1,0,-0.12529534848783852,-0.12529534848783852
1790946191.207353,1790946193.207353,0,0,1,0,-0.12529534848783852,-0.12529534848783852
1790946192.207353,1790946194.207353,0,0,1,0,-0.12529534848783852,-0.12529534848783852
1790946193.207353,1790946195.207353,0,0,1,0,-0.12529534848783852,-0.12529534848783852
1790946194.207353,1790946196.207353,0,0,1,0,-0.12529534848783852,-0.12529534848783852
1790946195.207353,1790946197.207353,0,0,1,0,-0.12529534848783852,-0.12529534848783852
1790946196.207353,1790946198.207353,0,0,1,0,-0.12529534848783852,-0.12529534848783852
1790946197.207353,1790946199.207353,0,0,1,0,-0.12529534848783852,-0.12529534848783852
1790946198.207353,1790946200.207353,0,0,1,0,-0.12529534848783852,-0.12529534848783852
1790946199.207353,1790946201.207353,0,0,1,0,-0.12529534848783852,-0.12529534848783852
1790946200.207353,1790946202.207353,0,0,1,0,-0.12529534848783852,-0.12529534848783852
1790946201.207353,1790946203.207353,0,0,1,0,-0.12529534848783852,-0.12529534848783852
1790946202.207353,1790946204.207353,0,0,1,0,-0.12529534848783852,-0.12529534848783852
1790946203.207353,1790946205.207353,0,0,1,0,-0.12529534848783852,-0.12529534848783852
1790946204.207353,1790946206.207353,0,0,1,0,-0.12529534848783852,-0.12529534848783852
1790946205.207353,1790946207.207353,0,0,1,0,-0.12529534848783852,-0.12529534848783852
1790946206.207353,1790946208.207353,0,0,1,0,-0.12529534848783852,-0.12529534848783852
1790946207.207353,1790946209.207353,0,0,1,0,-0.12529534848783852,-0.12529534848783852
1790946208.207353,1790946210.207353,0,0,1,0,-0.12529534848783852,-0.12529534848783852
1790946209.207353,1790946211.207353,0,0,1,0,-0.12529534848783852,-0.12529534848783852
1790946210.207353,1790946212.207353,0,0,1,0,-0.12529534848783852,-0.12529534848783852
1790946211.207353,1790946213.207353,0,0,1,0,-0.12529534848783852,-0.12529534848783852
1790946212.207353,1790946214.207353,0,0,1,0,-0.12529534848783852,-0.12529534848783852
1790946213.207353,1790946215.207353,0,0,1,0,-0.12529534848783852,-0.12529534848783852
1790946214.207353,1790946216.207353,0,0,1,0,-0.12529534848783852,-0.12529534848783852
1790946215.207353,1790946217.207353,0,0,1,0,-0.12529534848783852,-0.12529534848783852
1790946216.207353,1790946218.207353,0,0,1,0,-0.12529534848783852,-0.12529534848783852
1790946217.207353,1790946219.207353,0,0,1,0,-0.12529534848783852,-0.12529534848783852
1790946218.207353,1790946220.207353,0,0,1,0,-0.12529534848783852,-0.12529534848783852
1790946219.207353,1790946221.207353,0,0,1,0,-0.12529534848783852,-0.12529534848783852
1790946220.207353,1790946222.207353,0,0,1,0,-0.12529534848783852,-0.12529534848783852
1790946221.207353,1790946223.207353,0,0,1,0,-0.12529534848783852,-0.12529534848783852
1790946222.207353,1790946224.207353,0,0,1,0,-0.12529534848783852,-0.12529534848783852
1790946223.207353,1790946225.207353,0,0,1,0,-0.12529534848783852,-0.12529534848783852
1790946224.207353,1790946226.207353,0,0,1,0,-0.12529534848783852,-0.12529534848783852
1790946225.207353,1790946227.207353,0,0,1,0,-0.12529534848783852,-0.12529534848783852
1790946226.207353,1790946228.207353,0,0,1,0,-0.12529534848783852,-0.12529534848783852
1790946227.207353,1790946229.207353,0,0,1,0,-0.12529534848783852,-0.12529534848783852
1790946228.207353,1790946230.207353,0,0,1,0,-0.12529534848783852,-0.12529534848783852
1790946229.207353,1790946231.207353,0,0,1,0,-0.12529534848783852,-0.12529534848783852
1790946230.207353,1790946232.207353,0,0,1,0,-0.12529534848783852,-0.12529534848783852
1790946231.207353,1790946233.207353,0,0,1,0,-0.12529534848783852,-0.12529534848783852
1790946232.207353,1790946234.207353,0,0,1,0,-0.12529534848783852,-0.12529534848783852
1790946233.207353,1790946235.207353,0,0,1,0,-0.12529534848783852,-0.12529534848783852
1790946234.207353,1790946236.207353,0,0,1,0,-0.12529534848783852,-0.12529534848783852
1790946235.207353,1790946237.207353,0,0,1,0,-0.12529534848783852,-0.12529534848783852
1790946236.207353,1790946238.207353,0,0,1,0,-0.12529534848783852,-0.12529534848783852
1790946237.207353,1790946239.207353,0,0,1,0,-0.12529534848783852,-0.12529534848783852
1790946238.207353,1790946240.207353,0,0,1,0,-0.12529534848783852,-0.12529534848783852
1790946239.207353,1790946241.207353,0,0,1,0,-0.12529534848783852,-0.12529534848783852
1790946240.207353,1790946242.207353,0,0,1,0,-0.12529534848783852,-0.12529534848783852
1790946241.207353,1790946243.207353,0,0,1,0,-0.12529534848783852,-0.12529534848783852
1790946242.207353,1790946244.207353,0,0,1,0,-0.12529534848783852,-0.12529534848783852
1790946243.207353,1790946245.207353,0,0,1,0,-0.12529534848783852,-0.12529534848783852
1790946244.207353,1790946246.207353,0,0,1,0,-0.12529534848783852,-0.12529534848783852
1790946245.207353,1790946247.207353,0,0,1,0,-0.12529534848783852,-0.12529534848783852
1790946246.207353,1790946248.207353,0,0,1,0,-0.12529534848783852,-0.12529534848783852
1790946247.207353,1790946249.207353,0,0,1,0,-0.12529534848783852,-0.12529534848783852
1790946248.207353,1790946250.207353,0,0,1,0,-0.12529534848783852,-0.12529534848783852
1790946249.207353,1790946251.207353,0,0,1,0,-0.12529534848783852,-0.12529534848783852
1790946250.207353,1790946252.207353,0,0,1,0,-0.12529534848783852,-0.12529534848783852
1790946251.207353,1790946253.207353,0,0,1,0,-0.12529534848783852,-0.12529534848783852
1790946252.207353,1790946254.207353,0,0,1,0,-0.12529534848783852,-0.12529534848783852
1790946253.207353,1790946255.207353,0,0,1,0,-0.12529534848783852,-0.12529534848783852
1790946254.207353,1790946256.207353,0,0,1,0,-0.12529534848783852,-0.12529534848783852
1790946255.207353,1790946257.207353,0,0,1,0,-0.12529534848783852,-0.12529534848783852
1790946256.207353,1790946258.207353,0,0,1,0,-0.12529534848783852,-0.12529534848783852
1790946257.207353,1790946259.207353,0,0,1,0,-0.12529534848783852,-0.12529534848783852
1790946258.207353,1790946260.207353,0,0,1,0,-0.12529534848783852,-0.12529534848783852
1790946259.207353,1790946261.207353,0,0,1,0,-0.12529534848783852,-0.12529534848783852
1790946260.207353,1790946262.207353,0,0,1,0,-0.12529534848783852,-0.12529534848783852
1790946261.207353,1790946263.207353,0,0,1,0,-0.12529534848783852,-0.12529534848783852
1790946262.207353,1790946264.207353,0,0,1,0,-0.12529534848783852,-0.12529534848783852
1790946263.207353,1790946265.207353,0,0,1,0,-0.12529534848783852,-0.12529534848783852
1790946264.207353,1790946266.207353,0,0,1,0,-0.12529534848783852,-0.12529534848783852
1790946265.207353,1790946267.207353,0,0,1,0,-0.12529534848783852,-0.12529534848783852
1790946266.207353,1790946268.207353,0,0,1,0,-0.12529534848783852,-0.12529534848783852
1790946267.207353,1790946269.207353,0,0,1,0,-0.12529534848783852,-0.12529534848783852
1790946268.207353,1790946270.207353,0,0,1,0,-0.12529534848783852,-0.12529534848783852
1790946269.207353,1790946271.207353,0,0,1,0,-0.12529534848783852,-0.12529534848783852
1790946270.207353,1790946272.207353,0,0,1,0,-0.12529534848783852,-0.12529534848783852
1790946271.207353,1790946273.207353,0,0,1,0,-0.12529534848783852,-0.12529534848783852
1790946272.207353,1790946274.207353,0,0,1,0,-0.12529534848783852,-0.12529534848783852
1790946273.207353,1790946275.207353,0,0,1,0,-0.12529534848783852,-0.12529534848783852
1790946274.207353,1790946276.207353,0,0,1,0,-0.12529534848783852,-0.12529534848783852
1790946275.207353,1790946277.207353,0,0,1,0,-0.12529534848783852,-0.12529534848783852
1790946276.207353,1790946278.207353,0,0,1,0,-0.12529534848783852,-0.12529534848783852
1790946277.207353,1790946279.207353,0,0,1,0,-0.12529534848783852,-0.12529534848783852
1790946278.207353,1790946280.207353,0,0,1,0,-0.12529534848783852,-0.12529534848783852
1790946279.207353,1790946281.207353,0,0,1,0,-0.12529534848783852,-0.12529534848783852
1790946280.207353,1790946282.207353,0,0,1,0,-0.12529534848783852,-0.12529534848783852
1790946281.207353,1790946283.207353,0,0,1,0,-0.12529534848783852,-0.12529534848783852
1790946282.207353,1790946284.207353,0,0,1,0,-0.12529534848783852,-0.12529534848783852
1790946283.207353,1790946285.207353,0,0,1,0,-0.12529534848783852,-0.12529534848783852
1790946284.207353,1790946286.207353,0,0,1,0,-0.12529534848783852,-0.12529534848783852
1790946285.207353,1790946287.207353,0,0,1,0,-0.12529534848783852,-0.12529534848783852
1790946286.207353,1790946288.207353,0,0,1,0,-0.12529534848783852,-0.12529534848783852
1790946287.207353,1790946289.207353,0,0,1,0,-0.12529534848783852,-0.12529534848783852
1790946288.207353,1790946290.207353,0,0,1,0,-0.12529534848783852,-0.12529534848783852
1790946289.207353,1790946291.207353,0,0,1,0,-0.12529534848783852,-0.12529534848783852
1790946290.207353,1790946292.207353,0,0,1,0,-0.12529534848783852,-0.12529534848783852
1790946291.207353,1790946293.207353,0,0,1,0,-0.12529534848783852,-0.12529534848783852
1790946292.207353,1790946294.207353,0,0,1,0,-0.12529534848783852,-0.12529534848783852
1790946293.207353,1790946295.207353,0,0,1,0,-0.12529534848783852,-0.12529534848783852
1790946294.207353,1790946296.207353,0,0,1,0,-0.12529534848783852,-0.12529534848783852
1790946295.207353,1790946297.207353,0,0,1,0,-0.12529534848783852,-0.12529534848783852
1790946296.207353,1790946298.207353,0,0,1,0,-0.12529534848783852,-0.12529534848783852
1790946297.207353,1790946299.207353,0,0,1,0,-0.12529534848783852,-0.12529534848783852
1790946298.207353,1790946300.207353,0,0,1,0,-0.12529534848783852,-0.12529534848783852
1790946299.207353,1790946301.207353,0,0,1,0,-0.12529534848783852,-0.12529534848783852
1790946300.207353,1790946302.207353,0,0,1,0,-0.12529534848783852,-0.12529534848783852
1790946301.207353,1790946303.207353,0,0,1,0,-0.12529534848783852,-0.12529534848783852
1790946302.207353,1790946304.207353,0,0,1,0,-0.12529534848783852,-0.12529534848783852
1790946303.207353,1790946305.207353,0,0,1,0,-0.12529534848783852,-0.12529534848783852
1790946304.207353,1790946306.207353,0,0,1,0,-0.12529534848783852,-0.12529534848783852
1790946305.207353,1790946307.207353,0,0,1,0,-0.12529534848783852,-0.12529534848783852
1790946306.207353,1790946308.207353,0,0,1,0,-0.12529534848783852,-0.12529534848783852
1790946307.207353,1790946309.207353,0,0,1,0,-0.12529534848783852,-0.12529534848783852
1790946308.207353,1790946310.207353,0,0,1,0,-0.12529534848783852,-0.12529534848783852
1790946309.207353,1790946311.207353,0,0,1,0,-0.12529534848783852,-0.12529534848783852
1790946310.207353,1790946312.207353,0,0,1,0,-0.12529534848783852,-0.12529534848783852
1790946311.207353,1790946313.207353,0,0,1,0,-0.12529534848783852,-0.12529534848783852
1790946312.207353,1790946314.207353,0,0,1,0,-0.12529534848783852,-0.12529534848783852
1790946313.207353,1790946315.207353,0,0,1,0,-0.12529534848783852,-0.12529534848783852
1790946314.207353,1790946316.207353,0,0,1,0,-0.12529534848783852,-0.12529534848783852
1790946315.207353,1790946317.207353,0,0,1,0,-0.12529534848783852,-0.12529534848783852
1790946316.207353,1790946318.207353,0,0,1,0,-0.12529534848783852,-0.12529534848783852
1790946317.207353,1790946319.207353,0,0,1,0,-0.12529534848783852,-0.12529534848783852
1790946318.207353,1790946320.207353,0,0,1,0,-0.12529534848783852,-0.12529534848783852
1790946319.207353,1790946321.207353,0,0,1,0,-0.12529534848783852,-0.12529534848783852
1790946320.207353,1790946322.207353,0,0,1,0,-0.12529534848783852,-0.12529534848783852
1790946321.207353,1790946323.207353,0,0,1,0,-0.12529534848783852,-0.12529534848783852
1790946322.207353,1790946324.207353,0,0,1,0,-0.12529534848783852,-0.12529534848783852
1790946323.207353,1790946325.207353,0,0,1,0,-0.12529534848783852,-0.12529534848783852
1790946324.207353,1790946326.207353,0,0,1,0,-0.12529534848783852,-0.12529534848783852
1790946325.207353,1790946327.207353,0,0,1,0,-0.12529534848783852,-0.12529534848783852
1790946326.207353,1790946328.207353,0,0,1,0,-0.12529534848783852,-0.12529534848783852
1790946327.207353,1790946329.207353,0,0,1,0,-0.12529534848783852,-0.12529534848783852
1790946328.207353,1790946330.207353,0,0,1,0,-0.12529534848783852,-0.12529534848783852
1790946329.207353,1790946331.207353,0,0,1,0,-0.12529534848783852,-0.12529534848783852
1790946330.207353,1790946332.207353,0,0,1,0,-0.12529534848783852,-0.12529534848783852
1790946331.207353,1790946333.207353,0,0,1,0,-0.12529534848783852,-0.12529534848783852
1790946332.207353,1790946334.207353,0,0,1,0,-0.12529534848783852,-0.12529534848783852
1790946333.207353,1790946335.207353,0,0,1,0,-0.12529534848783852,-0.12529534848783852
1790946334.207353,1790946336.207353,0,0,1,0,-0.12529534848783852,-0.12529534848783852
1790946335.207353,1790946337.207353,0,0,1,0,-0.12529534848783852,-0.12529534848783852
1790946336.207353,1790946338.207353,0,0,1,0,-0.12529534848783852,-0.12529534848783852
1790946337.207353,1790946339.207353,0,0,1,0,-0.12529534848783852,-0.12529534848783852
1790946338.207353,1790946340.207353,0,0,1,0,-0.12529534848783852,-0.12529534848783852
1790946339.207353,1790946341.207353,0,0,1,0,-0.12529534848783852,-0.12529534848783852
1790946340.207353,1790946342.207353,0,0,1,0,-0.12529534848783852,-0.12529534848783852
1790946341.207353,1790946343.207353,0,0,1,0,-0.12529534848783852,-0.12529534848783852
1790946342.207353,1790946344.207353,0,0,1,0,-0.12529534848783852,-0.12529534848783852
1790946343.207353,1790946345.207353,0,0,1,0,-0.12529534848783852,-0.12529534848783852
1790946344.207353,1790946346.207353,0,0,1,0,-0.12529534848783852,-0.12529534848783852
1790946345.207353,1790946347.207353,0,0,1,0,-0.12529534848783852,-0.12529534848783852
1790946346.207353,1790946348.207353,0,0,1,0,-0.12529534848783852,-0.12529534848783852
1790946347.207353,1790946349.207353,0,0,1,0,-0.12529534848783852,-0.12529534848783852
1790946348.207353,1790946350.207353,0,0,1,0,-0.12529534848783852,-0.12529534848783852
1790946349.207353,1790946351.207353,0,0,1,0,-0.12529534848783852,-0.12529534848783852
1790946350.207353,1790946352.207353,0,0,1,0,-0.12529534848783852,-0.12529534848783852
1790946351.207353,1790946353.207353,0,0,1,0,-0.12529534848783852,-0.12529534848783852
1790946352.207353,1790946354.207353,0,0,1,0,-0.12529534848783852,-0.12529534848783852
1790946353.207353,1790946355.207353,0,0,1,0,-0.12529534848783852,-0.12529534848783852
1790946354.207353,1790946356.207353,0,0,1,0,-0.12529534848783852,-0.12529534848783852
1790946355.207353,1790946357.207353,0,0,1,0,-0.12529534848783852,-0.12529534848783852
1790946356.207353,1790946358.207353,0,0,1,0,-0.12529534848783852,-0.12529534848783852
1790946357.207353,1790946359.207353,0,0,1,0,-0.12529534848783852,-0.12529534848783852
1790946358.207353,1790946360.207353,0,0,1,0,-0.12529534848783852,-0.12529534848783852
1790946359.207353,1790946361.207353,0,0,1,0,-0.12529534848783852,-0.12529534848783852
1790946360.207353,1790946362.207353,0,0,1,0,-0.12529534848783852,-0.12529534848783852
1790946361.207353,1790946363.207353,0,0,1,0,-0.12529534848783852,-0.12529534848783852
1790946362.207353,1790946364.207353,0,0,1,0,-0.12529534848783852,-0.12529534848783852
1790946363.207353,1790946365.207353,0,0,1,0,-0.12529534848783852,-0.12529534848783852
1790946364.207353,1790946366.207353,0,0,1,0,-0.12529534848783852,-0.12529534848783852
1790946365.207353,1790946367.207353,0,0,1,0,-0.12529534848783852,-0.12529534848783852
1790946366.207353,1790946368.207353,0,0,1,0,-0.12529534848783852,-0.12529534848783852
1790946367.207353,1790946369.207353,0,0,1,0,-0.12529534848783852,-0.12529534848783852
1790946368.207353,1790946370.207353,0,0,1,0,-0.12529534848783852,-0.12529534848783852
1790946369.207353,1790946371.207353,0,0,1,0,-0.12529534848783852,-0.12529534848783852
1790946370.207353,1790946372.207353,0,0,1,0,-0.12529534848783852,-0.12529534848783852
1790946371.207353,1790946373.207353,0,0,1,0,-0.12529534848783852,-0.12529534848783852
1790946372.207353,1790946374.207353,0,0,1,0,-0.12529534848783852,-0.12529534848783852
1790946373.207353,1790946375.207353,0,0,1,0,-0.12529534848783852,-0.12529534848783852
1790946374.207353,1790946376.207353,0,0,1,0,-0.12529534848783852,-0.12529534848783852
1790946375.207353,1790946377.207353,0,0,1,0,-0.12529534848783852,-0.12529534848783852
1790946376.207353,1790946378.207353,0,0,1,0,-0.12529534848783852,-0.12529534848783852
1790946377.207353,1790946379.207353,0,0,1,0,-0.12529534848783852,-0.12529534848783852
1790946378.207353,1790946380.207353,0,0,1,0,-0.12529534848783852,-0.12529534848783852
1790946379.207353,1790946381.207353,0,0,1,0,-0.12529534848783852,-0.12529534848783852
1790946380.207353,1790946382.207353,0,0,1,0,-0.12529534848783852,-0.12529534848783852
1790946381.207353,1790946383.207353,0,0,1,0,-0.12529534848783852,-0.12529534848783852
1790946382.207353,1790946384.207353,0,0,1,0,-0.12529534848783852,-0.12529534848783852
1790946383.207353,1790946385.207353,0,0,1,0,-0.12529534848783852,-0.12529534848783852
1790946384.207353,1790946386.207353,0,0,1,0,-0.12529534848783852,-0.12529534848783852
1790946385.207353,1790946387.207353,0,0,1,0,-0.12529534848783852,-0.12529534848783852
1790946386.207353,1790946388.207353,0,0,1,0,-0.12529534848783852,-0.12529534848783852
1790946387.207353,1790946389.207353,0,0,1,0,-0.12529534848783852,-0.12529534848783852
1790946388.207353,1790946390.207353,0,0,1,0,-0.12529534848783852,-0.12529534848783852
1790946389.207353,1790946391.207353,0,0,1,0,-0.12529534848783852,-0.12529534848783852
1790946390.207353,1790946392.207353,0,0,1,0,-0.12529534848783852,-0.12529534848783852
1790946391.207353,1790946393.207353,0,0,1,0,-0.12529534848783852,-0.12529534848783852
1790946392.207353,1790946394.207353,0,0,1,0,-0.12529534848783852,-0.12529534848783852
1790946393.207353,1790946395.207353,0,0,1,0,-0.12529534848783852,-0.12529534848783852
1790946394.207353,1790946396.207353,0,0,1,0,-0.12529534848783852,-0.12529534848783852
1790946395.207353,1790946397.207353,0,0,1,0,-0.12529534848783852,-0.12529534848783852
1790946396.207353,1790946398.207353,0,0,1,0,-0.12529534848783852,-0.12529534848783852
1790946397.207353,1790946399.207353,0,0,1,0,-0.12529534848783852,-0.12529534848783852
1790946398.207353,1790946400.207353,0,0,1,0,-0.12529534848783852,-0.12529534848783852
1790946399.207353,1790946401.207353,0,0,1,0,-0.12529534848783852,-0.12529534848783852
1790946400.207353,1790946402.207353,0,0,1,0,-0.12529534848783852,-0.12529534848783852
1790946401.207353,1790946403.207353,0,0,1,0,-0.12529534848783852,-0.12529534848783852
1790946402.207353,1790946404.207353,0,0,1,0,-0.12529534848783852,-0.12529534848783852
1790946403.207353,1790946405.207353,0,0,1,0,-0.12529534848783852,-0.12529534848783852
1790946404.207353,1790946406.207353,0,0,1,0,-0.12529534848783852,-0.12529534848783852
1790946405.207353,1790946407.207353,0,0,1,0,-0.12529534848783852,-0.12529534848783852
1790946406.207353,1790946408.207353,0,0,1,0,-0.12529534848783852,-0.12529534848783852
1790946407.207353,1790946409.207353,0,0,1,0,-0.12529534848783852,-0.12529534848783852
1790946408.207353,1790946410.207353,0,0,1,0,-0.12529534848783852,-0.12529534848783852
1790946409.207353,1790946411.207353,0,0,1,0,-0.12529534848783852,-0.12529534848783852
1790946410.207353,1790946412.207353,0,0,1,0,-0.12529534848783852,-0.12529534848783852
1790946411.207353,1790946413.207353,0,0,1,0,-0.12529534848783852,-0.12529534848783852
1790946412.207353,1790946414.207353,0,0,1,0,-0.12529534848783852,-0.12529534848783852
1790946413.207353,1790946415.207353,0,0,1,0,-0.12529534848783852,-0.12529534848783852
1790946414.207353,1790946416.207353,0,0,1,0,-0.12529534848783852,-0.12529534848783852
1790946415.207353,1790946417.207353,0,0,1,0,-0.12529534848783852,-0.12529534848783852
1790946416.207353,1790946418.207353,0,0,1,0,-0.12529534848783852,-0.12529534848783852
1790946417.207353,1790946419.207353,0,0,1,0,-0.12529534848783852,-0.12529534848783852
1790946418.207353,1790946420.207353,0,0,1,0,-0.12529534848783852,-0.12529534848783852
1790946419.207353,1790946421.207353,0,0,1,0,-0.12529534848783852,-0.12529534848783852
1790946420.207353,1790946422.207353,0,0,1,0,-0.12529534848783852,-0.12529534848783852
1790946421.207353,1790946423.207353,0,0,1,0,-0.12529534848783852,-0.12529534848783852
1790946422.207353,1790946424.207353,0,0,1,0,-0.12529534848783852,-0.12529534848783852
1790946423.207353,1790946425.207353,0,0,1,0,-0.12529534848783852,-0.12529534848783852
1790946424.207353,1790946426.207353,0,0,1,0,-0.12529534848783852,-0.12529534848783852
1790946425.207353,1790946427.207353,0,0,1,0,-0.12529534848783852,-0.12529534848783852
1790946426.207353,1790946428.207353,0,0,1,0,-0.12529534848783852,-0.12529534848783852
1790946427.207353,1790946429.207353,0,0,1,0,-0.12529534848783852,-0.12529534848783852
1790946428.207353,1790946430.207353,0,0,1,0,-0.12529534848783852,-0.12529534848783852
1790946429.207353,1790946431.207353,0,0,1,0,-0.12529534848783852,-0.12529534848783852
1790946430.207353,1790946432.207353,0,0,1,0,-0.12529534848783852,-0.12529534848783852
1790946431.207353,1790946433.207353,0,0,1,0,-0.12529534848783852,-0.12529534848783852
1790946432.207353,1790946434.207353,0,0,1,0,-0.12529534848783852,-0.12529534848783852
1790946433.207353,1790946435.207353,0,0,1,0,-0.12529534848783852,-0.12529534848783852
1790946434.207353,1790946436.207353,0,0,1,0,-0.12529534848783852,-0.12529534848783852
1790946435.207353,1790946437.207353,0,0,1,0,-0.12529534848783852,-0.12529534848783852
1790946436.207353,1790946438.207353,0,0,1,0,-0.12529534848783852,-0.12529534848783852
1790946437.207353,1790946439.207353,0,0,1,0,-0.12529534848783852,-0.12529534848783852
1790946438.207353,1790946440.207353,0,0,1,0,-0.12529534848783852,-0.12529534848783852
1790946439.207353,1790946441.207353,0,0,1,0,-0.12529534848783852,-0.12529534848783852
1790946440.207353,1790946442.207353,0,0,1,0,-0.12529534848783852,-0.12529534848783852
1790946441.207353,1790946443.207353,0,0,1,0,-0.12529534848783852,-0.12529534848783852
1790946442.207353,1790946444.207353,0,0,1,0,-0.12529534848783852,-0.12529534848783852
1790946443.207353,1790946445.207353,0,0,1,0,-0.12529534848783852,-0.12529534848783852
1790946444.207353,1790946446.207353,0,0,1,0,-0.12529534848783852,-0.12529534848783852
1790946445.207353,1790946447.207353,0,0,1,0,-0.12529534848783852,-0.12529534848783852
1790946446.207353,1790946448.207353,0,0,1,0,-0.12529534848783852,-0.12529534848783852
1790946447.207353,1790946449.207353,0,0,1,0,-0.12529534848783852,-0.12529534848783852
1790946448.207353,1790946450.207353,0,0,1,0,-0.12529534848783852,-0.12529534848783852
1790946449.207353,1790946451.207353,0,0,1,0,-0.12529534848783852,-0.12529534848783852
1790946450.207353,1790946452.207353,0,0,1,0,-0.12529534848783852,-0.12529534848783852
1790946451.207353,1790946453.207353,0,0,1,0,-0.12529534848783852,-0.12529534848783852
1790946452.207353,1790946454.207353,0,0,1,0,-0.12529534848783852,-0.12529534848783852
1790946453.207353,1790946455.207353,0,0,1,0,-0.12529534848783852,-0.12529534848783852
1790946454.207353,1790946456.207353,0,0,1,0,-0.12529534848783852,-0.12529534848783852
1790946455.207353,1790946457.207353,0,0,1,0,-0.12529534848783852,-0.12529534848783852
1790946456.207353,1790946458.207353,0,0,1,0,-0.12529534848783852,-0.12529534848783852
1790946457.207353,1790946459.207353,0,0,1,0,-0.12529534848783852,-0.12529534848783852
1790946458.207353,1790946460.207353,0,0,1,0,-0.12529534848783852,-0.12529534848783852
1790946459.207353,1790946461.207353,0,0,1,0,-0.12529534848783852,-0.12529534848783852
1790946460.207353,1790946462.207353,0,0,1,0,-0.12529534848783852,-0.12529534848783852
1790946461.207353,1790946463.207353,0,0,1,0,-0.12529534848783852,-0.12529534848783852
1790946462.207353,1790946464.207353,0,0,1,0,-0.12529534848783852,-0.12529534848783852
1790946463.207353,1790946465.207353,0,0,1,0,-0.12529534848783852,-0.12529534848783852
1790946464.207353,1790946466.207353,0,0,1,0,-0.12529534848783852,-0.12529534848783852
1790946465.207353,1790946467.207353,0,0,1,0,-0.12529534848783852,-0.12529534848783852
1790946466.207353,1790946468.207353,0,0,1,0,-0.12529534848783852,-0.12529534848783852
1790946467.207353,1790946469.207353,0,0,1,0,-0.12529534848783852,-0.12529534848783852
1790946468.207353,1790946470.207353,0,0,1,0,-0.12529534848783852,-0.12529534848783852
1790946469.207353,1790946471.207353,0,0,1,0,-0.12529534848783852,-0.12529534848783852
1790946470.207353,1790946472.207353,0,0,1,0,-0.12529534848783852,-0.12529534848783852
1790946471.207353,1790946473.207353,0,0,1,0,-0.12529534848783852,-0.12529534848783852
1790946472.207353,1790946474.207353,0,0,1,0,-0.12529534848783852,-0.12529534848783852
1790946473.207353,1790946475.207353,0,0,1,0,-0.12529534848783852,-0.12529534848783852
1790946474.207353,1790946476.207353,0,0,1,0,-0.12529534848783852,-0.12529534848783852
1790946475.207353,1790946477.207353,0,0,1,0,-0.12529534848783852,-0.12529534848783852
1790946476.207353,1790946478.207353,0,0,1,0,-0.12529534848783852,-0.12529534848783852
1790946477.207353,1790946479.207353,0,0,1,0,-0.12529534848783852,-0.12529534848783852
1790946478.207353,1790946480.207353,0,0,1,0,-0.12529534848783852,-0.12529534848783852
1790946479.207353,1790946481.207353,0,0,1,0,-0.12529534848783852,-0.12529534848783852
1790946480.207353,1790946482.207353,0,0,1,0,-0.12529534848783852,-0.12529534848783852
1790946481.207353,1790946483.207353,0,0,1,0,-0.12529534848783852,-0.12529534848783852
1790946482.207353,1790946484.207353,0,0,1,0,-0.12529534848783852,-0.12529534848783852
1790946483.207353,1790946485.207353,0,0,1,0,-0.12529534848783852,-0.12529534848783852
1790946484.207353,1790946486.207353,0,0,1,0,-0.12529534848783852,-0.12529534848783852
1790946485.207353,1790946487.207353,0,0,1,0,-0.12529534848783852,-0.12529534848783852
1790946486.207353,1790946488.207353,0,0,1,0,-0.12529534848783852,-0.12529534848783852
1790946487.207353,1790946489.207353,0,0,1,0,-0.12529534848783852,-0.12529534848783852
1790946488.207353,1790946490.207353,0,0,1,0,-0.12529534848783852,-0.12529534848783852
1790946489.207353,1790946491.207353,0,0,1,0,-0.12529534848783852,-0.12529534848783852
1790946490.207353,1790946492.207353,0,0,1,0,-0.12529534848783852,-0.12529534848783852
1790946491.207353,1790946493.207353,0,0,1,0,-0.12529534848783852,-0.12529534848783852
1790946492.207353,1790946494.207353,0,0,1,0,-0.12529534848783852,-0.12529534848783852
1790946493.207353,1790946495.207353,0,0,1,0,-0.12529534848783852,-0.12529534848783852
1790946494.207353,1790946496.207353,0,0,1,0,-0.12529534848783852,-0.12529534848783852
1790946495.207353,1790946497.207353,0,0,1,0,-0.12529534848783852,-0.12529534848783852
1790946496.207353,1790946498.207353,0,0,1,0,-0.12529534848783852,-0.12529534848783852
1790946497.207353,1790946499.207353,0,0,1,0,-0.12529534848783852,-0.12529534848783852
1790946498.207353,1790946500.207353,0,0,1,0,-0.12529534848783852,-0.12529534848783852
1790946499.207353,1790946501.207353,0,0,1,0,-0.12529534848783852,-0.12529534848783852
1790946500.207353,1790946502.207353,0,0,1,0,-0.12529534848783852,-0.12529534848783852
1790946501.207353,1790946503.207353,0,0,1,0,-0.12529534848783852,-0.12529534848783852
1790946502.207353,1790946504.207353,0,0,1,0,-0.12529534848783852,-0.12529534848783852
1790946503.207353,1790946505.207353,0,0,1,0,-0.12529534848783852,-0.12529534848783852
1790946504.207353,1790946506.207353,0,0,1,0,-0.12529534848783852,-0.12529534848783852
1790946505.207353,1790946507.207353,0,0,1,0,-0.12529534848783852,-0.12529534848783852
1790946506.207353,1790946508.207353,0,0,1,0,-0.12529534848783852,-0.12529534848783852
1790946507.207353,1790946509.207353,0,0,1,0,-0.12529534848783852,-0.12529534848783852
1790946508.207353,1790946510.207353,0,0,1,0,-0.12529534848783852,-0.12529534848783852
1790946509.207353,1790946511.207353,0,0,1,0,-0.12529534848783852,-0.12529534848783852
1790946510.207353,1790946512.207353,0,0,1,0,-0.12529534848783852,-0.12529534848783852
1790946511.207353,1790946513.207353,0,0,1,0,-0.12529534848783852,-0.12529534848783852
1790946512.207353,1790946514.207353,0,0,1,0,-0.12529534848783852,-0.12529534848783852
1790946513.207353,1790946515.207353,0,0,1,0,-0.12529534848783852,-0.12529534848783852
1790946514.207353,1790946516.207353,0,0,1,0,-0.12529534848783852,-0.12529534848783852
1790946515.207353,1790946517.207353,0,0,1,0,-0.12529534848783852,-0.12529534848783852
1790946516.207353,1790946518.207353,0,0,1,0,-0.12529534848783852,-0.12529534848783852
1790946517.207353,1790946519.207353,0,0,1,0,-0.12529534848783852,-0.12529534848783852
1790946518.207353,1790946520.207353,0,0,1,0,-0.12529534848783852,-0.12529534848783852
1790946519.207353,1790946521.207353,0,0,1,0,-0.12529534848783852,-0.12529534848783852
1790946520.207353,1790946522.207353,0,0,1,0,-0.12529534848783852,-0.12529534848783852
1790946521.207353,1790946523.207353,0,0,1,0,-0.12529534848783852,-0.12529534848783852
1790946522.207353,1790946524.207353,0,0,1,0,-0.12529534848783852,-0.12529534848783852
1790946523.207353,1790946525.207353,0,0,1,0,-0.12529534848783852,-0.12529534848783852
1790946524.207353,1790946526.207353,0,0,1,0,-0.12529534848783852,-0.12529534848783852
1790946525.207353,1790946527.207353,0,0,1,0,-0.12529534848783852,-0.12529534848783852
1790946526.207353,1790946528.207353,0,0,1,0,-0.12529534848783852,-0.12529534848783852
1790946527.207353,1790946529.207353,0,0,1,0,-0.12529534848783852,-0.12529534848783852
1790946528.207353,1790946530.207353,0,0,1,0,-0.12529534848783852,-0.12529534848783852
1790946529.207353,1790946531.207353,0,0,1,0,-0.12529534848783852,-0.12529534848783852
1790946530.207353,1790946532.207353,0,0,1,0,-0.12529534848783852,-0.12529534848783852
1790946531.207353,1790946533.207353,0,0,1,0,-0.12529534848783852,-0.12529534848783852
1790946532.207353,1790946534.207353,0,0,1,0,-0.12529534848783852,-0.12529534848783852
1790946533.207353,1790946535.207353,0,0,1,0,-0.12529534848783852,-0.12529534848783852
1790946534.207353,1790946536.207353,0,0,1,0,-0.12529534848783852,-0.12529534848783852
1790946535.207353,1790946537.207353,0,0,1,0,-0.12529534848783852,-0.12529534848783852
1790946536.207353,1790946538.207353,0,0,1,0,-0.12529534848783852,-0.12529534848783852
1790946537.207353,1790946539.207353,0,0,1,0,-0.12529534848783852,-0.12529534848783852
1790946538.207353,1790946540.207353,0,0,1,0,-0.12529534848783852,-0.12529534848783852
1790946539.207353,1790946541.207353,0,0,1,0,-0.12529534848783852,-0.12529534848783852
1790946540.207353,1790946542.207353,0,0,1,0,-0.12529534848783852,-0.12529534848783852
1790946541.207353,1790946543.207353,0,0,1,0,-0.12529534848783852,-0.12529534848783852
1790946542.207353,1790946544.207353,0,0,1,0,-0.12529534848783852,-0.12529534848783852
1790946543.207353,1790946545.207353,0,0,1,0,-0.12529534848783852,-0.12529534848783852
1790946544.207353,1790946546.207353,0,0,1,0,-0.12529534848783852,-0.12529534848783852
1790946545.207353,1790946547.207353,0,0,1,0,-0.12529534848783852,-0.12529534848783852
1790946546.207353,1790946548.207353,0,0,1,0,-0.12529534848783852,-0.12529534848783852
1790946547.207353,1790946549.207353,0,0,1,0,-0.12529534848783852,-0.12529534848783852
1790946548.207353,1790946550.207353,0,0,1,0,-0.12529534848783852,-0.12529534848783852
1790946549.207353,1790946551.207353,0,0,1,0,-0.12529534848783852,-0.12529534848783852
1790946550.207353,1790946552.207353,0,0,1,0,-0.12529534848783852,-0.12529534848783852
1790946551.207353,1790946553.207353,0,0,1,0,-0.12529534848783852,-0.12529534848783852
1790946552.207353,1790946554.207353,0,0,1,0,-0.12529534848783852,-0.12529534848783852
1790946553.207353,1790946555.207353,0,0,1,0,-0.12529534848783852,-0.12529534848783852
1790946554.207353,1790946556.207353,0,0,1,0,-0.12529534848783852,-0.12529534848783852
1790946555.207353,1790946557.207353,0,0,1,0,-0.12529534848783852,-0.12529534848783852
1790946556.207353,1790946558.207353,0,0,1,0,-0.12529534848783852,-0.12529534848783852
1790946557.207353,1790946559.207353,0,0,1,0,-0.12529534848783852,-0.12529534848783852
1790946558.207353,1790946560.207353,0,0,1,0,-0.12529534848783852,-0.12529534848783852
1790946559.207353,1790946561.207353,0,0,1,0,-0.12529534848783852,-0.12529534848783852
1790946560.207353,1790946562.207353,0,0,1,0,-0.12529534848783852,-0.12529534848783852
1790946561.207353,1790946563.207353,0,0,1,0,-0.12529534848783852,-0.12529534848783852
1790946562.207353,1790946564.207353,0,0,1,0,-0.12529534848783852,-0.12529534848783852
1790946563.207353,1790946565.207353,0,0,1,0,-0.12529534848783852,-0.12529534848783852
1790946564.207353,1790946566.207353,0,0,1,0,-0.12529534848783852,-0.12529534848783852
1790946565.207353,1790946567.207353,0,0,1,0,-0.12529534848783852,-0.12529534848783852
1790946566.207353,1790946568.207353,0,0,1,0,-0.12529534848783852,-0.12529534848783852
1790946567.207353,1790946569.207353,0,0,1,0,-0.12529534848783852,-0.12529534848783852
1790946568.207353,1790946570.207353,0,0,1,0,-0.12529534848783852,-0.12529534848783852
1790946569.207353,1790946571.207353,0,0,1,0,-0.12529534848783852,-0.12529534848783852
1790946570.207353,1790946572.207353,0,0,1,0,-0.12529534848783852,-0.12529534848783852
1790946571.207353,1790946573.207353,0,0,1,0,-0.12529534848783852,-0.12529534848783852
1790946572.207353,1790946574.207353,0,0,1,0,-0.12529534848783852,-0.12529534848783852
1790946573.207353,1790946575.207353,0,0,1,0,-0.12529534848783852,-0.12529534848783852
1790946574.207353,1790946576.207353,0,0,1,0,-0.12529534848783852,-0.12529534848783852
1790946575.207353,1790946577.207353,0,0,1,0,-0.12529534848783852,-0.12529534848783852
1790946576.207353,1790946578.207353,0,0,1,0,-0.12529534848783852,-0.12529534848783852
1790946577.207353,1790946579.207353,0,0,1,0,-0.12529534848783852,-0.12529534848783852
1790946578.207353,1790946580.207353,0,0,1,0,-0.12529534848783852,-0.12529534848783852
1790946579.207353,1790946581.207353,0,0,1,0,-0.12529534848783852,-0.12529534848783852
1790946580.207353,1790946582.207353,0,0,1,0,-0.12529534848783852,-0.12529534848783852
1790946581.207353,1790946583.207353,0,0,1,0,-0.12529534848783852,-0.12529534848783852
1790946582.207353,1790946584.207353,0,0,1,0,-0.12529534848783852,-0.12529534848783852
1790946583.207353,1790946585.207353,0,0,1,0,-0.12529534848783852,-0.12529534848783852
1790946584.207353,1790946586.207353,0,0,1,0,-0.12529534848783852,-0.12529534848783852
1790946585.207353,1790946587.207353,0,0,1,0,-0.12529534848783852,-0.12529534848783852
1790946586.207353,1790946588.207353,0,0,1,0,-0.12529534848783852,-0.12529534848783852
1790946587.207353,1790946589.207353,0,0,1,0,-0.12529534848783852,-0.12529534848783852
1790946588.207353,1790946590.207353,0,0,1,0,-0.12529534848783852,-0.12529534848783852
1790946589.207353,1790946591.207353,0,0,1,0,-0.12529534848783852,-0.12529534848783852
1790946590.207353,1790946592.207353,0,0,1,0,-0.12529534848783852,-0.12529534848783852
1790946591.207353,1790946593.207353,0,0,1,0,-0.12529534848783852,-0.12529534848783852
1790946592.207353,1790946594.207353,0,0,1,0,-0.12529534848783852,-0.12529534848783852
1790946593.207353,1790946595.207353,0,0,1,0,-0.12529534848783852,-0.12529534848783852
1790946594.207353,1790946596.207353,0,0,1,0,-0.12529534848783852,-0.12529534848783852
1790946595.207353,1790946597.207353,0,0,1,0,-0.12529534848783852,-0.12529534848783852
1790946596.207353,1790946598.207353,0,0,1,0,-0.12529534848783852,-0.12529534848783852
1790946597.207353,1790946599.207353,0,0,1,0,-0.12529534848783852,-0.12529534848783852
1790946598.207353,1790946600.207353,0,0,1,0,-0.12529534848783852,-0.12529534848783852
1790946599.207353,1790946601.207353,0,0,1,0,-0.12529534848783852,-0.12529534848783852
1790946600.207353,1790946602.207353,0,0,1,0,-0.12529534848783852,-0.12529534848783852
1790946601.207353,1790946603.207353,0,0,1,0,-0.12529534848783852,-0.12529534848783852
1790946602.207353,1790946604.207353,0,0,1,0,-0.12529534848783852,-0.12529534848783852
1790946603.207353,1790946605.207353,0,0,1,0,-0.12529534848783852,-0.12529534848783852
1790946604.207353,1790946606.207353,0,0,1,0,-0.12529534848783852,-0.12529534848783852
1790946605.207353,1790946607.207353,0,0,1,0,-0.12529534848783852,-0.12529534848783852
1790946606.207353,1790946608.207353,0,0,1,0,-0.12529534848783852,-0.12529534848783852
1790946607.207353,1790946609.207353,0,0,1,0,-0.12529534848783852,-0.12529534848783852
1790946608.207353,1790946610.207353,0,0,1,0,-0.12529534848783852,-0.12529534848783852
1790946609.207353,1790946611.207353,0,0,1,0,-0.12529534848783852,-0.12529534848783852
1790946610.207353,1790946612.207353,0,0,1,0,-0.12529534848783852,-0.12529534848783852
1790946611.207353,1790946613.207353,0,0,1,0,-0.12529534848783852,-0.12529534848783852
1790946612.207353,1790946614.207353,0,0,1,0,-0.12529534848783852,-0.12529534848783852
1790946613.207353,1790946615.207353,0,0,1,0,-0.12529534848783852,-0.12529534848783852
1790946614.207353,1790946616.207353,0,0,1,0,-0.12529534848783852,-0.12529534848783852
1790946615.207353,1790946617.207353,0,0,1,0,-0.12529534848783852,-0.12529534848783852
1790946616.207353,1790946618.207353,0,0,1,0,-0.12529534848783852,-0.12529534848783852
1790946617.207353,1790946619.207353,0,0,1,0,-0.12529534848783852,-0.12529534848783852
1790946618.207353,1790946620.207353,0,0,1,0,-0.12529534848783852,-0.12529534848783852
1790946619.207353,1790946621.207353,0,0,1,0,-0.12529534848783852,-0.12529534848783852
1790946620.207353,1790946622.207353,0,0,1,0,-0.12529534848783852,-0.12529534848783852
1790946621.207353,1790946623.207353,0,0,1,0,-0.12529534848783852,-0.12529534848783852
1790946622.207353,1790946624.207353,0,0,1,0,-0.12529534848783852,-0.12529534848783852
1790946623.207353,1790946625.207353,0,0,1,0,-0.12529534848783852,-0.12529534848783852
1790946624.207353,1790946626.207353,0,0,1,0,-0.12529534848783852,-0.12529534848783852
1790946625.207353,1790946627.207353,0,0,1,0,-0.12529534848783852,-0.12529534848783852
1790946626.207353,1790946628.207353,0,0,1,0,-0.12529534848783852,-0.12529534848783852
1790946627.207353,1790946629.207353,0,0,1,0,-0.12529534848783852,-0.12529534848783852
1790946628.207353,1790946630.207353,0,0,1,0,-0.12529534848783852,-0.12529534848783852
1790946629.207353,1790946631.207353,0,0,1,0,-0.12529534848783852,-0.12529534848783852
1790946630.207353,1790946632.207353,0,0,1,0,-0.12529534848783852,-0.12529534848783852
1790946631.207353,1790946633.207353,0,0,1,0,-0.12529534848783852,-0.12529534848783852
1790946632.207353,1790946634.207353,0,0,1,0,-0.12529534848783852,-0.12529534848783852
1790946633.207353,1790946635.207353,0,0,1,0,-0.12529534848783852,-0.12529534848783852
1790946634.207353,1790946636.207353,0,0,1,0,-0.12529534848783852,-0.12529534848783852
1790946635.207353,1790946637.207353,0,0,1,0,-0.12529534848783852,-0.12529534848783852
1790946636.207353,1790946638.207353,0,0,1,0,-0.12529534848783852,-0.12529534848783852
1790946637.207353,1790946639.207353,0,0,1,0,-0.12529534848783852,-0.12529534848783852
1790946638.207353,1790946640.207353,0,0,1,0,-0.12529534848783852,-0.12529534848783852
1790946639.207353,1790946641.207353,0,0,1,0,-0.12529534848783852,-0.12529534848783852
1790946640.207353,1790946642.207353,0,0,1,0,-0.12529534848783852,-0.12529534848783852
1790946641.207353,1790946643.207353,0,0,1,0,-0.12529534848783852,-0.12529534848783852
1790946642.207353,1790946644.207353,0,0,1,0,-0.12529534848783852,-0.12529534848783852
1790946643.207353,1790946645.207353,0,0,1,0,-0.12529534848783852,-0.12529534848783852
1790946644.207353,1790946646.207353,0,0,1,0,-0.12529534848783852,-0.12529534848783852
1790946645.207353,1790946647.207353,0,0,1,0,-0.12529534848783852,-0.12529534848783852
1790946646.207353,1790946648.207353,0,0,1,0,-0.12529534848783852,-0.12529534848783852
1790946647.207353,1790946649.207353,0,0,1,0,-0.12529534848783852,-0.12529534848783852
1790946648.207353,1790946650.207353,0,0,1,0,-0.12529534848783852,-0.12529534848783852
1790946649.207353,1790946651.207353,0,0,1,0,-0.12529534848783852,-0.12529534848783852
1790946650.207353,1790946652.207353,0,0,1,0,-0.12529534848783852,-0.12529534848783852
1790946651.207353,1790946653.207353,0,0,1,0,-0.12529534848783852,-0.12529534848783852
1790946652.207353,1790946654.207353,0,0,1,0,-0.12529534848783852,-0.12529534848783852
1790946653.207353,1790946655.207353,0,0,1,0,-0.12529534848783852,-0.12529534848783852
1790946654.207353,1790946656.207353,0,0,1,0,-0.12529534848783852,-0.12529534848783852
1790946655.207353,1790946657.207353,0,0,1,0,-0.12529534848783852,-0.12529534848783852
1790946656.207353,1790946658.207353,0,0,1,0,-0.12529534848783852,-0.12529534848783852
1790946657.207353,1790946659.207353,0,0,1,0,-0.12529534848783852,-0.12529534848783852
1790946658.207353,1790946660.207353,0,0,1,0,-0.12529534848783852,-0.12529534848783852
1790946659.207353,1790946661.207353,0,0,1,0,-0.12529534848783852,-0.12529534848783852
1790946660.207353,1790946662.207353,0,0,1,0,-0.12529534848783852,-0.12529534848783852
1790946661.207353,1790946663.207353,0,0,1,0,-0.12529534848783852,-0.12529534848783852
1790946662.207353,1790946664.207353,0,0,1,0,-0.12529534848783852,-0.12529534848783852
1790946663.207353,1790946665.207353,0,0,1,0,-0.12529534848783852,-0.12529534848783852
1790946664.207353,1790946666.207353,0,0,1,0,-0.12529534848783852,-0.12529534848783852
1790946665.207353,1790946667.207353,0,0,1,0,-0.12529534848783852,-0.12529534848783852
1790946666.207353,1790946668.207353,0,0,1,0,-0.12529534848783852,-0.12529534848783852
1790946667.207353,1790946669.207353,0,0,1,0,-0.12529534848783852,-0.12529534848783852
1790946668.207353,1790946670.207353,0,0,1,0,-0.12529534848783852,-0.12529534848783852
1790946669.207353,1790946671.207353,0,0,1,0,-0.12529534848783852,-0.12529534848783852
1790946670.207353,1790946672.207353,0,0,1,0,-0.12529534848783852,-0.12529534848783852
1790946671.207353,1790946673.207353,0,0,1,0,-0.12529534848783852,-0.12529534848783852
1790946672.207353,1790946674.207353,0,0,1,0,-0.12529534848783852,-0.12529534848783852
1790946673.207353,1790946675.207353,0,0,1,0,-0.12529534848783852,-0.12529534848783852
1790946674.207353,1790946676.207353,0,0,1,0,-0.12529534848783852,-0.12529534848783852
1790946675.207353,1790946677.207353,0,0,1,0,-0.12529534848783852,-0.12529534848783852
1790946676.207353,1790946678.207353,0,0,1,0,-0.12529534848783852,-0.12529534848783852
1790946677.207353,1790946679.207353,0,0,1,0,-0.12529534848783852,-0.12529534848783852
1790946678.207353,1790946680.207353,0,0,1,0,-0.12529534848783852,-0.12529534848783852
1790946679.207353,1790946681.207353,0,0,1,0,-0.12529534848783852,-0.12529534848783852
1790946680.207353,1790946682.207353,0,0,1,0,-0.12529534848783852,-0.12529534848783852
1790946681.207353,1790946683.207353,0,0,1,0,-0.12529534848783852,-0.12529534848783852
1790946682.207353,1790946684.207353,0,0,1,0,-0.12529534848783852,-0.12529534848783852
1790946683.207353,1790946685.207353,0,0,1,0,-0.12529534848783852,-0.12529534848783852
1790946684.207353,1790946686.207353,0,0,1,0,-0.12529534848783852,-0.12529534848783852
1790946685.207353,1790946687.207353,0,0,1,0,-0.12529534848783852,-0.12529534848783852
1790946686.207353,1790946688.207353,0,0,1,0,-0.12529534848783852,-0.12529534848783852
1790946687.207353,1790946689.207353,0,0,1,0,-0.12529534848783852,-0.12529534848783852
1790946688.207353,1790946690.207353,0,0,1,0,-0.12529534848783852,-0.12529534848783852
1790946689.207353,1790946691.207353,0,0,1,0,-0.12529534848783852,-0.12529534848783852
1790946690.207353,1790946692.207353,0,0,1,0,-0.12529534848783852,-0.12529534848783852
1790946691.207353,1790946693.207353,0,0,1,0,-0.12529534848783852,-0.12529534848783852
1790946692.207353,1790946694.207353,0,0,1,0,-0.12529534848783852,-0.12529534848783852
1790946693.207353,1790946695.207353,0,0,1,0,-0.12529534848783852,-0.12529534848783852
1790946694.207353,1790946696.207353,0,0,1,0,-0.12529534848783852,-0.12529534848783852
1790946695.207353,1790946697.207353,0,0,1,0,-0.12529534848783852,-0.12529534848783852
1790946696.207353,1790946698.207353,0,0,1,0,-0.12529534848783852,-0.12529534848783852
1790946697.207353,1790946699.207353,0,0,1,0,-0.12529534848783852,-0.12529534848783852
1790946698.207353,1790946700.207353,0,0,1,0,-0.12529534848783852,-0.12529534848783852
1790946699.207353,1790946701.207353,0,0,1,0,-0.12529534848783852,-0.12529534848783852
1790946700.207353,1790946702.207353,0,0,1,0,-0.12529534848783852,-0.12529534848783852
1790946701.207353,1790946703.207353,0,0,1,0,-0.12529534848783852,-0.12529534848783852
1790946702.207353,1790946704.207353,0,0,1,0,-0.12529534848783852,-0.12529534848783852
1790946703.207353,1790946705.207353,0,0,1,0,-0.12529534848783852,-0.12529534848783852
1790946704.207353,1790946706.207353,0,0,1,0,-0.12529534848783852,-0.12529534848783852
1790946705.207353,1790946707.207353,0,0,1,0,-0.12529534848783852,-0.12529534848783852
1790946706.207353,1790946708.207353,0,0,1,0,-0.12529534848783852,-0.12529534848783852
1790946707.207353,1790946709.207353,0,0,1,0,-0.12529534848783852,-0.12529534848783852
1790946708.207353,1790946710.207353,0,0,1,0,-0.12529534848783852,-0.12529534848783852
1790946709.207353,1790946711.207353,0,0,1,0,-0.12529534848783852,-0.12529534848783852
1790946710.207353,1790946712.207353,0,0,1,0,-0.12529534848783852,-0.12529534848783852
1790946711.207353,1790946713.207353,0,0,1,0,-0.12529534848783852,-0.12529534848783852
1790946712.207353,1790946714.207353,0,0,1,0,-0.12529534848783852,-0.12529534848783852
1790946713.207353,1790946715.207353,0,0,1,0,-0.12529534848783852,-0.12529534848783852
1790946714.207353,1790946716.207353,0,0,1,0,-0.12529534848783852,-0.12529534848783852
1790946715.207353,1790946717.207353,0,0,1,0,-0.12529534848783852,-0.12529534848783852
1790946716.207353,1790946718.207353,0,0,1,0,-0.12529534848783852,-0.12529534848783852
1790946717.207353,1790946719.207353,0,0,1,0,-0.12529534848783852,-0.12529534848783852
1790946718.207353,1790946720.207353,0,0,1,0,-0.12529534848783852,-0.12529534848783852
1790946719.207353,1790946721.207353,0,0,1,0,-0.12529534848783852,-0.12529534848783852
1790946720.207353,1790946722.207353,0,0,1,0,-0.12529534848783852,-0.12529534848783852
1790946721.207353,1790946723.207353,0,0,1,0,-0.12529534848783852,-0.12529534848783852
1790946722.207353,1790946724.207353,0,0,1,0,-0.12529534848783852,-0.12529534848783852
1790946723.207353,1790946725.207353,0,0,1,0,-0.12529534848783852,-0.12529534848783852
1790946724.207353,1790946726.207353,0,0,1,0,-0.12529534848783852,-0.12529534848783852
1790946725.207353,1790946727.207353,0,0,1,0,-0.12529534848783852,-0.12529534848783852
1790946726.207353,1790946728.207353,0,0,1,0,-0.12529534848783852,-0.12529534848783852
1790946727.207353,1790946729.207353,0,0,1,0,-0.12529534848783852,-0.12529534848783852
1790946728.207353,1790946730.207353,0,0,1,0,-0.12529534848783852,-0.12529534848783852
1790946729.207353,1790946731.207353,0,0,1,0,-0.12529534848783852,-0.12529534848783852
1790946730.207353,1790946732.207353,0,0,1,0,-0.12529534848783852,-0.12529534848783852
1790946731.207353,1790946733.207353,0,0,1,0,-0.12529534848783852,-0.12529534848783852
1790946732.207353,1790946734.207353,0,0,1,0,-0.12529534848783852,-0.12529534848783852
1790946733.207353,1790946735.207353,0,0,1,0,-0.12529534848783852,-0.12529534848783852
1790946734.207353,1790946736.207353,0,0,1,0,-0.12529534848783852,-0.12529534848783852
1790946735.207353,1790946737.207353,0,0,1,0,-0.12529534848783852,-0.12529534848783852
1790946736.207353,1790946738.207353,0,0,1,0,-0.12529534848783852,-0.12529534848783852
1790946737.207353,1790946739.207353,0,0,1,0,-0.12529534848783852,-0.12529534848783852
1790946738.207353,1790946740.207353,0,0,1,0,-0.12529534848783852,-0.12529534848783852
1790946739.207353,1790946741.207353,0,0,1,0,-0.12529534848783852,-0.12529534848783852
1790946740.207353,1790946742.207353,0,0,1,0,-0.12529534848783852,-0.12529534848783852
1790946741.207353,1790946743.207353,0,0,1,0,-0.12529534848783852,-0.12529534848783852
1790946742.207353,1790946744.207353,0,0,1,0,-0.12529534848783852,-0.12529534848783852
1790946743.207353,1790946745.207353,0,0,1,0,-0.12529534848783852,-0.12529534848783852
1790946744.207353,1790946746.207353,0,0,1,0,-0.12529534848783852,-0.12529534848783852
1790946745.207353,1790946747.207353,0,0,1,0,-0.12529534848783852,-0.12529534848783852
1790946746.207353,1790946748.207353,0,0,1,0,-0.12529534848783852,-0.12529534848783852
1790946747.207353,1790946749.207353,0,0,1,0,-0.12529534848783852,-0.12529534848783852
1790946748.207353,1790946750.207353,0,0,1,0,-0.12529534848783852,-0.12529534848783852
1790946749.207353,1790946751.207353,0,0,1,0,-0.12529534848783852,-0.12529534848783852
1790946750.207353,1790946752.207353,0,0,1,0,-0.12529534848783852,-0.12529534848783852
1790946751.207353,1790946753.207353,0,0,1,0,-0.12529534848783852,-0.12529534848783852
1790946752.207353,1790946754.207353,0,0,1,0,-0.12529534848783852,-0.12529534848783852
1790946753.207353,1790946755.207353,0,0,1,0,-0.12529534848783852,-0.12529534848783852
1790946754.207353,1790946756.207353,0,0,1,0,-0.12529534848783852,-0.12529534848783852
1790946755.207353,1790946757.207353,0,0,1,0,-0.12529534848783852,-0.12529534848783852
1790946756.207353,1790946758.207353,0,0,1,0,-0.12529534848783852,-0.12529534848783852
1790946757.207353,1790946759.207353,0,0,1,0,-0.12529534848783852,-0.12529534848783852
1790946758.207353,1790946760.207353,0,0,1,0,-0.12529534848783852,-0.12529534848783852
1790946759.207353,1790946761.207353,0,0,1,0,-0.12529534848783852,-0.12529534848783852
1790946760.207353,1790946762.207353,0,0,1,0,-0.12529534848783852,-0.12529534848783852
1790946761.207353,1790946763.207353,0,0,1,0,-0.12529534848783852,-0.12529534848783852
1790946762.207353,1790946764.207353,0,0,1,0,-0.12529534848783852,-0.12529534848783852
1790946763.207353,1790946765.207353,0,0,1,0,-0.12529534848783852,-0.12529534848783852
1790946764.207353,1790946766.207353,0,0,1,0,-0.12529534848783852,-0.12529534848783852
1790946765.207353,1790946767.207353,0,0,1,0,-0.12529534848783852,-0.12529534848783852
1790946766.207353,1790946768.207353,0,0,1,0,-0.12529534848783852,-0.12529534848783852
1790946767.207353,1790946769.207353,0,0,1,0,-0.12529534848783852,-0.12529534848783852
1790946768.207353,1790946770.207353,0,0,1,0,-0.12529534848783852,-0.12529534848783852
1790946769.207353,1790946771.207353,0,0,1,0,-0.12529534848783852,-0.12529534848783852
1790946770.207353,1790946772.207353,0,0,1,0,-0.12529534848783852,-0.12529534848783852
1790946771.207353,1790946773.207353,0,0,1,0,-0.12529534848783852,-0.12529534848783852
1790946772.207353,1790946774.207353,0,0,1,0,-0.12529534848783852,-0.12529534848783852
1790946773.207353,1790946775.207353,0,0,1,0,-0.12529534848783852,-0.12529534848783852
1790946774.207353,1790946776.207353,0,0,1,0,-0.12529534848783852,-0.12529534848783852
1790946775.207353,1790946777.207353,0,0,1,0,-0.12529534848783852,-0.12529534848783852
1790946776.207353,1790946778.207353,0,0,1,0,-0.12529534848783852,-0.12529534848783852
1790946777.207353,1790946779.207353,0,0,1,0,-0.12529534848783852,-0.12529534848783852
1790946778.207353,1790946780.207353,0,0,1,0,-0.12529534848783852,-0.12529534848783852
1790946779.207353,1790946781.207353,0,0,1,0,-0.12529534848783852,-0.12529534848783852
1790946780.207353,1790946782.207353,0,0,1,0,-0.12529534848783852,-0.12529534848783852
1790946781.207353,1790946783.207353,0,0,1,0,-0.12529534848783852,-0.12529534848783852
1790946782.207353,1790946784.207353,0,0,1,0,-0.12529534848783852,-0.12529534848783852
1790946783.207353,1790946785.207353,0,0,1,0,-0.12529534848783852,-0.12529534848783852
1790946784.207353,1790946786.207353,0,0,1,0,-0.12529534848783852,-0.12529534848783852
1790946785.207353,1790946787.207353,0,0,1,0,-0.12529534848783852,-0.12529534848783852
1790946786.207353,1790946788.207353,0,0,1,0,-0.12529534848783852,-0.12529534848783852
1790946787.207353,1790946789.207353,0,0,1,0,-0.12529534848783852,-0.12529534848783852
1790946788.207353,1790946790.207353,0,0,1,0,-0.12529534848783852,-0.12529534848783852
1790946789.207353,1790946791.207353,0,0,1,0,-0.12529534848783852,-0.12529534848783852
1790946790.207353,1790946792.207353,0,0,1,0,-0.12529534848783852,-0.12529534848783852
1790946791.207353,1790946793.207353,0,0,1,0,-0.12529534848783852,-0.12529534848783852
1790946792.207353,1790946794.207353,0,0,1,0,-0.12529534848783852,-0.12529534848783852
1790946793.207353,1790946795.207353,0,0,1,0,-0.12529534848783852,-0.12529534848783852
1790946794.207353,1790946796.207353,0,0,1,0,-0.12529534848783852,-0.12529534848783852
1790946795.207353,1790946797.207353,0,0,1,0,-0.12529534848783852,-0.12529534848783852
1790946796.207353,1790946798.207353,0,0,1,0,-0.12529534848783852,-0.12529534848783852
1790946797.207353,1790946799.207353,0,0,1,0,-0.12529534848783852,-0.12529534848783852
1790946798.207353,1790946800.207353,0,0,1,0,-0.12529534848783852,-0.12529534848783852
1790946799.207353,1790946801.207353,0,0,1,0,-0.12529534848783852,-0.12529534848783852
1790946800.207353,1790946802.207353,0,0,1,0,-0.12529534848783852,-0.12529534848783852
1790946801.207353,1790946803.207353,0,0,1,0,-0.12529534848783852,-0.12529534848783852
1790946802.207353,1790946804.207353,0,0,1,0,-0.12529534848783852,-0.12529534848783852
1790946803.207353,1790946805.207353,0,0,1,0,-0.12529534848783852,-0.12529534848783852
1790946804.207353,1790946806.207353,0,0,1,0,-0.12529534848783852,-0.12529534848783852
1790946805.207353,1790946807.207353,0,0,1,0,-0.12529534848783852,-0.12529534848783852
1790946806.207353,1790946808.207353,0,0,1,0,-0.12529534848783852,-0.12529534848783852
1790946807.207353,1790946809.207353,0,0,1,0,-0.12529534848783852,-0.12529534848783852
1790946808.207353,1790946810.207353,0,0,1,0,-0.12529534848783852,-0.12529534848783852
1790946809.207353,1790946811.207353,0,0,1,0,-0.12529534848783852,-0.12529534848783852
1790946810.207353,1790946812.207353,0,0,1,0,-0.12529534848783852,-0.12529534848783852
1790946811.207353,1790946813.207353,0,0,1,0,-0.12529534848783852,-0.12529534848783852
1790946812.207353,1790946814.207353,0,0,1,0,-0.12529534848783852,-0.12529534848783852
1790946813.207353,1790946815.207353,0,0,1,0,-0.12529534848783852,-0.12529534848783852
1790946814.207353,1790946816.207353,0,0,1,0,-0.12529534848783852,-0.12529534848783852
1790946815.207353,1790946817.207353,0,0,1,0,-0.12529534848783852,-0.12529534848783852
1790946816.207353,1790946818.207353,0,0,1,0,-0.12529534848783852,-0.12529534848783852
1790946817.207353,1790946819.207353,0,0,1,0,-0.12529534848783852,-0.12529534848783852
1790946818.207353,1790946820.207353,0,0,1,0,-0.12529534848783852,-0.12529534848783852
1790946819.207353,1790946821.207353,0,0,1,0,-0.12529534848783852,-0.12529534848783852
1790946820.207353,1790946822.207353,0,0,1,0,-0.12529534848783852,-0.12529534848783852
1790946821.207353,1790946823.207353,0,0,1,0,-0.12529534848783852,-0.12529534848783852
1790946822.207353,1790946824.207353,0,0,1,0,-0.12529534848783852,-0.12529534848783852
1790946823.207353,1790946825.207353,0,0,1,0,-0.12529534848783852,-0.12529534848783852
1790946824.207353,1790946826.207353,0,0,1,0,-0.12529534848783852,-0.12529534848783852
1790946825.207353,1790946827.207353,0,0,1,0,-0.12529534848783852,-0.12529534848783852
1790946826.207353,1790946828.207353,0,0,1,0,-0.12529534848783852,-0.12529534848783852
1790946827.207353,1790946829.207353,0,0,1,0,-0.12529534848783852,-0.12529534848783852
1790946828.207353,1790946830.207353,0,0,1,0,-0.12529534848783852,-0.12529534848783852
1790946829.207353,1790946831.207353,0,0,1,0,-0.12529534848783852,-0.12529534848783852
1790946830.207353,1790946832.207353,0,0,1,0,-0.12529534848783852,-0.12529534848783852
1790946831.207353,1790946833.207353,0,0,1,0,-0.12529534848783852,-0.12529534848783852
1790946832.207353,1790946834.207353,0,0,1,0,-0.12529534848783852,-0.12529534848783852
1790946833.207353,1790946835.207353,0,0,1,0,-0.12529534848783852,-0.12529534848783852
1790946834.207353,1790946836.207353,0,0,1,0,-0.12529534848783852,-0.12529534848783852
1790946835.207353,1790946837.207353,0,0,1,0,-0.12529534848783852,-0.12529534848783852
1790946836.207353,1790946838.207353,0,0,1,0,-0.12529534848783852,-0.12529534848783852
1790946837.207353,1790946839.207353,0,0,1,0,-0.12529534848783852,-0.12529534848783852
1790946838.207353,1790946840.207353,0,0,1,0,-0.12529534848783852,-0.12529534848783852
1790946839.207353,1790946841.207353,0,0,1,0,-0.12529534848783852,-0.12529534848783852
1790946840.207353,1790946842.207353,0,0,1,0,-0.12529534848783852,-0.12529534848783852
1790946841.207353,1790946843.207353,0,0,1,0,-0.12529534848783852,-0.12529534848783852
1790946842.207353,1790946844.207353,0,0,1,0,-0.12529534848783852,-0.12529534848783852
1790946843.207353,1790946845.207353,0,0,1,0,-0.12529534848783852,-0.12529534848783852
1790946844.207353,1790946846.207353,0,0,1,0,-0.12529534848783852,-0.12529534848783852
1790946845.207353,1790946847.207353,0,0,1,0,-0.12529534848783852,-0.12529534848783852
1790946846.207353,1790946848.207353,0,0,1,0,-0.12529534848783852,-0.12529534848783852
1790946847.207353,1790946849.207353,0,0,1,0,-0.12529534848783852,-0.12529534848783852
1790946848.207353,1790946850.207353,0,0,1,0,-0.12529534848783852,-0.12529534848783852
1790946849.207353,1790946851.207353,0,0,1,0,-0.12529534848783852,-0.12529534848783852
1790946850.207353,1790946852.207353,0,0,1,0,-0.12529534848783852,-0.12529534848783852
1790946851.207353,1790946853.207353,0,0,1,0,-0.12529534848783852,-0.12529534848783852
1790946852.207353,1790946854.207353,0,0,1,0,-0.12529534848783852,-0.12529534848783852
1790946853.207353,1790946855.207353,0,0,1,0,-0.12529534848783852,-0.12529534848783852
1790946854.207353,1790946856.207353,0,0,1,0,-0.12529534848783852,-0.12529534848783852
1790946855.207353,1790946857.207353,0,0,1,0,-0.12529534848783852,-0.12529534848783852
1790946856.207353,1790946858.207353,0,0,1,0,-0.12529534848783852,-0.12529534848783852
1790946857.207353,1790946859.207353,0,0,1,0,-0.12529534848783852,-0.12529534848783852
1790946858.207353,1790946860.207353,0,0,1,0,-0.12529534848783852,-0.12529534848783852
1790946859.207353,1790946861.207353,0,0,1,0,-0.12529534848783852,-0.12529534848783852
1790946860.207353,1790946862.207353,0,0,1,0,-0.12529534848783852,-0.12529534848783852
1790946861.207353,1790946863.207353,0,0,1,0,-0.12529534848783852,-0.12529534848783852
1790946862.207353,1790946864.207353,0,0,1,0,-0.12529534848783852,-0.12529534848783852
1790946863.207353,1790946865.207353,0,0,1,0,-0.12529534848783852,-0.12529534848783852
1790946864.207353,1790946866.207353,0,0,1,0,-0.12529534848783852,-0.12529534848783852
1790946865.207353,1790946867.207353,0,0,1,0,-0.12529534848783852,-0.12529534848783852
1790946866.207353,1790946868.207353,0,0,1,0,-0.12529534848783852,-0.12529534848783852
1790946867.207353,1790946869.207353,0,0,1,0,-0.12529534848783852,-0.12529534848783852
1790946868.207353,1790946870.207353,0,0,1,0,-0.12529534848783852,-0.12529534848783852
1790946869.207353,1790946871.207353,0,0,1,0,-0.12529534848783852,-0.12529534848783852
1790946870.207353,1790946872.207353,0,0,1,0,-0.12529534848783852,-0.12529534848783852
1790946871.207353,1790946873.207353,0,0,1,0,-0.12529534848783852,-0.12529534848783852
1790946872.207353,1790946874.207353,0,0,1,0,-0.12529534848783852,-0.12529534848783852
1790946873.207353,1790946875.207353,0,0,1,0,-0.12529534848783852,-0.12529534848783852
1790946874.207353,1790946876.207353,0,0,1,0,-0.12529534848783852,-0.12529534848783852
1790946875.207353,1790946877.207353,0,0,1,0,-0.12529534848783852,-0.12529534848783852
1790946876.207353,1790946878.207353,0,0,1,0,-0.12529534848783852,-0.12529534848783852
1790946877.207353,1790946879.207353,0,0,1,0,-0.12529534848783852,-0.12529534848783852
1790946878.207353,1790946880.207353,0,0,1,0,-0.12529534848783852,-0.12529534848783852
1790946879.207353,1790946881.207353,0,0,1,0,-0.12529534848783852,-0.12529534848783852
1790946880.207353,1790946882.207353,0,0,1,0,-0.12529534848783852,-0.12529534848783852
1790946881.207353,1790946883.207353,0,0,1,0,-0.12529534848783852,-0.12529534848783852
1790946882.207353,1790946884.207353,0,0,1,0,-0.12529534848783852,-0.12529534848783852
1790946883.207353,1790946885.207353,0,0,1,0,-0.12529534848783852,-0.12529534848783852
1790946884.207353,1790946886.207353,0,0,1,0,-0.12529534848783852,-0.12529534848783852
1790946885.207353,1790946887.207353,0,0,1,0,-0.12529534848783852,-0.12529534848783852
1790946886.207353,1790946888.207353,0,0,1,0,-0.12529534848783852,-0.12529534848783852
1790946887.207353,1790946889.207353,0,0,1,0,-0.12529534848783852,-0.12529534848783852
1790946888.207353,1790946890.207353,0,0,1,0,-0.12529534848783852,-0.12529534848783852
1790946889.207353,1790946891.207353,0,0,1,0,-0.12529534848783852,-0.12529534848783852
1790946890.207353,1790946892.207353,0,0,1,0,-0.12529534848783852,-0.12529534848783852
1790946891.207353,1790946893.207353,0,0,1,0,-0.12529534848783852,-0.12529534848783852
1790946892.207353,1790946894.207353,0,0,1,0,-0.12529534848783852,-0.12529534848783852
1790946893.207353,1790946895.207353,0,0,1,0,-0.12529534848783852,-0.12529534848783852
1790946894.207353,1790946896.207353,0,0,1,0,-0.12529534848783852,-0.12529534848783852
1790946895.207353,1790946897.207353,0,0,1,0,-0.12529534848783852,-0.12529534848783852
1790946896.207353,1790946898.207353,0,0,1,0,-0.12529534848783852,-0.12529534848783852
1790946897.207353,1790946899.207353,0,0,1,0,-0.12529534848783852,-0.12529534848783852
1790946898.207353,1790946900.207353,0,0,1,0,-0.12529534848783852,-0.12529534848783852
1790946899.207353,1790946901.207353,0,0,1,0,-0.12529534848783852,-0.12529534848783852
1790946900.207353,1790946902.207353,0,0,1,0,-0.12529534848783852,-0.12529534848783852
1790946901.207353,1790946903.207353,0,0,1,0,-0.12529534848783852,-0.12529534848783852
1790946902.207353,1790946904.207353,0,0,1,0,-0.12529534848783852,-0.12529534848783852
1790946903.207353,1790946905.207353,0,0,1,0,-0.12529534848783852,-0.12529534848783852
1790946904.207353,1790946906.207353,0,0,1,0,-0.12529534848783852,-0.12529534848783852
1790946905.207353,1790946907.207353,0,0,1,0,-0.12529534848783852,-0.12529534848783852
1790946906.207353,1790946908.207353,0,0,1,0,-0.12529534848783852,-0.12529534848783852
1790946907.207353,1790946909.207353,0,0,1,0,-0.12529534848783852,-0.12529534848783852
1790946908.207353,1790946910.207353,0,0,1,0,-0.12529534848783852,-0.12529534848783852
1790946909.207353,1790946911.207353,0,0,1,0,-0.12529534848783852,-0.12529534848783852
1790946910.207353,1790946912.207353,0,0,1,0,-0.12529534848783852,-0.12529534848783852
1790946911.207353,1790946913.207353,0,0,1,0,-0.12529534848783852,-0.12529534848783852
1790946912.207353,1790946914.207353,0,0,1,0,-0.12529534848783852,-0.12529534848783852
1790946913.207353,1790946915.207353,0,0,1,0,-0.12529534848783852,-0.12529534848783852
1790946914.207353,1790946916.207353,0,0,1,0,-0.12529534848783852,-0.12529534848783852
1790946915.207353,1790946917.207353,0,0,1,0,-0.12529534848783852,-0.12529534848783852
1790946916.207353,1790946918.207353,0,0,1,0,-0.12529534848783852,-0.12529534848783852
1790946917.207353,1790946919.207353,0,0,1,0,-0.12529534848783852,-0.12529534848783852
1790946918.207353,1790946920.207353,0,0,1,0,-0.12529534848783852,-0.12529534848783852
1790946919.207353,1790946921.207353,0,0,1,0,-0.12529534848783852,-0.12529534848783852
1790946920.207353,1790946922.207353,0,0,1,0,-0.12529534848783852,-0.12529534848783852
1790946921.207353,1790946923.207353,0,0,1,0,-0.12529534848783852,-0.12529534848783852
1790946922.207353,1790946924.207353,0,0,1,0,-0.12529534848783852,-0.12529534848783852
1790946923.207353,1790946925.207353,0,0,1,0,-0.12529534848783852,-0.12529534848783852
1790946924.207353,1790946926.207353,0,0,1,0,-0.12529534848783852,-0.12529534848783852
1790946925.207353,1790946927.207353,0,0,1,0,-0.12529534848783852,-0.12529534848783852
1790946926.207353,1790946928.207353,0,0,1,0,-0.12529534848783852,-0.12529534848783852
1790946927.207353,1790946929.207353,0,0,1,0,-0.12529534848783852,-0.12529534848783852
1790946928.207353,1790946930.207353,0,0,1,0,-0.12529534848783852,-0.12529534848783852
1790946929.207353,1790946931.207353,0,0,1,0,-0.12529534848783852,-0.12529534848783852
1790946930.207353,1790946932.207353,0,0,1,0,-0.12529534848783852,-0.12529534848783852
1790946931.207353,1790946933.207353,0,0,1,0,-0.12529534848783852,-0.12529534848783852
1790946932.207353,1790946934.207353,0,0,1,0,-0.12529534848783852,-0.12529534848783852
1790946933.207353,1790946935.207353,0,0,1,0,-0.12529534848783852,-0.12529534848783852
1790946934.207353,1790946936.207353,0,0,1,0,-0.12529534848783852,-0.12529534848783852
1790946935.207353,1790946937.207353,0,0,1,0,-0.12529534848783852,-0.12529534848783852
1790946936.207353,1790946938.207353,0,0,1,0,-0.12529534848783852,-0.12529534848783852
1790946937.207353,1790946939.207353,0,0,1,0,-0.12529534848783852,-0.12529534848783852
1790946938.207353,1790946940.207353,0,0,1,0,-0.12529534848783852,-0.12529534848783852
1790946939.207353,1790946941.207353,0,0,1,0,-0.12529534848783852,-0.12529534848783852
1790946940.207353,1790946942.207353,0,0,1,0,-0.12529534848783852,-0.12529534848783852
1790946941.207353,1790946943.207353,0,0,1,0,-0.12529534848783852,-0.12529534848783852
1790946942.207353,1790946944.207353,0,0,1,0,-0.12529534848783852,-0.12529534848783852
1790946943.207353,1790946945.207353,0,0,1,0,-0.12529534848783852,-0.12529534848783852
1790946944.207353,1790946946.207353,0,0,1,0,-0.12529534848783852,-0.12529534848783852
1790946945.207353,1790946947.207353,0,0,1,0,-0.12529534848783852,-0.12529534848783852
1790946946.207353,1790946948.207353,0,0,1,0,-0.12529534848783852,-0.12529534848783852
1790946947.207353,1790946949.207353,0,0,1,0,-0.12529534848783852,-0.12529534848783852
1790946948.207353,1790946950.207353,0,0,1,0,-0.12529534848783852,-0.12529534848783852
1790946949.207353,1790946951.207353,0,0,1,0,-0.12529534848783852,-0.12529534848783852
1790946950.207353,1790946952.207353,0,0,1,0,-0.12529534848783852,-0.12529534848783852
1790946951.207353,1790946953.207353,0,0,1,0,-0.12529534848783852,-0.12529534848783852
1790946952.207353,1790946954.207353,0,0,1,0,-0.12529534848783852,-0.12529534848783852
1790946953.207353,1790946955.207353,0,0,1,0,-0.12529534848783852,-0.12529534848783852
1790946954.207353,1790946956.207353,0,0,1,0,-0.12529534848783852,-0.12529534848783852
1790946955.207353,1790946957.207353,0,0,1,0,-0.12529534848783852,-0.12529534848783852
1790946956.207353,1790946958.207353,0,0,1,0,-0.12529534848783852,-0.12529534848783852
1790946957.207353,1790946959.207353,0,0,1,0,-0.12529534848783852,-0.12529534848783852
1790946958.207353,1790946960.207353,0,0,1,0,-0.12529534848783852,-0.12529534848783852
1790946959.207353,1790946961.207353,0,0,1,0,-0.12529534848783852,-0.12529534848783852
1790946960.207353,1790946962.207353,0,0,1,0,-0.12529534848783852,-0.12529534848783852
1790946961.207353,1790946963.207353,0,0,1,0,-0.12529534848783852,-0.12529534848783852
1790946962.207353,1790946964.207353,0,0,1,0,-0.12529534848783852,-0.12529534848783852
1790946963.207353,1790946965.207353,0,0,1,0,-0.12529534848783852,-0.12529534848783852
1790946964.207353,1790946966.207353,0,0,1,0,-0.12529534848783852,-0.12529534848783852
1790946965.207353,1790946967.207353,0,0,1,0,-0.12529534848783852,-0.12529534848783852
1790946966.207353,1790946968.207353,0,0,1,0,-0.12529534848783852,-0.12529534848783852
1790946967.207353,1790946969.207353,0,0,1,0,-0.12529534848783852,-0.12529534848783852
1790946968.207353,1790946970.207353,0,0,1,0,-0.12529534848783852,-0.12529534848783852
1790946969.207353,1790946971.207353,0,0,1,0,-0.12529534848783852,-0.12529534848783852
1790946970.207353,1790946972.207353,0,0,1,0,-0.12529534848783852,-0.12529534848783852
1790946971.207353,1790946973.207353,0,0,1,0,-0.12529534848783852,-0.12529534848783852
1790946972.207353,1790946974.207353,0,0,1,0,-0.12529534848783852,-0.12529534848783852
1790946973.207353,1790946975.207353,0,0,1,0,-0.12529534848783852,-0.12529534848783852
1790946974.207353,1790946976.207353,0,0,1,0,-0.12529534848783852,-0.12529534848783852
1790946975.207353,1790946977.207353,0,0,1,0,-0.12529534848783852,-0.12529534848783852
1790946976.207353,1790946978.207353,0,0,1,0,-0.12529534848783852,-0.12529534848783852
1790946977.207353,1790946979.207353,0,0,1,0,-0.12529534848783852,-0.12529534848783852
1790946978.207353,1790946980.207353,0,0,1,0,-0.12529534848783852,-0.12529534848783852
1790946979.207353,1790946981.207353,0,0,1,0,-0.12529534848783852,-0.12529534848783852
1790946980.207353,1790946982.207353,0,0,1,0,-0.12529534848783852,-0.12529534848783852
1790946981.207353,1790946983.207353,0,0,1,0,-0.12529534848783852,-0.12529534848783852
1790946982.207353,1790946984.207353,0,0,1,0,-0.12529534848783852,-0.12529534848783852
1790946983.207353,1790946985.207353,0,0,1,0,-0.12529534848783852,-0.12529534848783852
1790946984.207353,1790946986.207353,0,0,1,0,-0.12529534848783852,-0.12529534848783852
1790946985.207353,1790946987.207353,0,0,1,0,-0.12529534848783852,-0.12529534848783852
1790946986.207353,1790946988.207353,0,0,1,0,-0.12529534848783852,-0.12529534848783852
1790946987.207353,1790946989.207353,0,0,1,0,-0.12529534848783852,-0.12529534848783852
1790946988.207353,1790946990.207353,0,0,1,0,-0.12529534848783852,-0.12529534848783852
1790946989.207353,1790946991.207353,0,0,1,0,-0.12529534848783852,-0.12529534848783852
1790946990.207353,1790946992.207353,0,0,1,0,-0.12529534848783852,-0.12529534848783852
1790946991.207353,1790946993.207353,0,0,1,0,-0.12529534848783852,-0.12529534848783852
1790946992.207353,1790946994.207353,0,0,1,0,-0.12529534848783852,-0.12529534848783852
1790946993.207353,1790946995.207353,0,0,1,0,-0.12529534848783852,-0.12529534848783852
1790946994.207353,1790946996.207353,0,0,1,0,-0.12529534848783852,-0.12529534848783852
1790946995.207353,1790946997.207353,0,0,1,0,-0.12529534848783852,-0.12529534848783852
1790946996.207353,1790946998.207353,0,0,1,0,-0.12529534848783852,-0.12529534848783852
1790946997.207353,1790946999.207353,0,0,1,0,-0.12529534848783852,-0.12529534848783852
1790946998.207353,1790947000.207353,0,0,1,0,-0.12529534848783852,-0.12529534848783852
1790946999.207353,1790947001.207353,0,0,1,0,-0.12529534848783852,-0.12529534848783852
1790947000.207353,1790947002.207353,0,0,1,0,-0.12529534848783852,-0.12529534848783852
1790947001.207353,1790947003.207353,0,0,1,0,-0.12529534848783852,-0.12529534848783852
1790947002.207353,1790947004.207353,0,0,1,0,-0.12529534848783852,-0.12529534848783852
1790947003.207353,1790947005.207353,0,0,1,0,-0.12529534848783852,-0.12529534848783852
1790947004.207353,1790947006.207353,0,0,1,0,-0.12529534848783852,-0.12529534848783852
1790947005.207353,1790947007.207353,0,0,1,0,-0.12529534848783852,-0.12529534848783852
1790947006.207353,1790947008.207353,0,0,1,0,-0.12529534848783852,-0.12529534848783852
1790947007.207353,1790947009.207353,0,0,1,0,-0.12529534848783852,-0.12529534848783852
1790947008.207353,1790947010.207353,0,0,1,0,-0.12529534848783852,-0.12529534848783852
1790947009.207353,1790947011.207353,0,0,1,0,-0.12529534848783852,-0.12529534848783852
1790947010.207353,1790947012.207353,0,0,1,0,-0.12529534848783852,-0.12529534848783852
1790947011.207353,1790947013.207353,0,0,1,0,-0.12529534848783852,-0.12529534848783852
1790947012.207353,1790947014.207353,0,0,1,0,-0.12529534848783852,-0.12529534848783852
1790947013.207353,1790947015.207353,0,0,1,0,-0.12529534848783852,-0.12529534848783852
1790947014.207353,1790947016.207353,0,0,1,0,-0.12529534848783852,-0.12529534848783852
1790947015.207353,1790947017.207353,0,0,1,0,-0.12529534848783852,-0.12529534848783852
1790947016.207353,1790947018.207353,0,0,1,0,-0.12529534848783852,-0.12529534848783852
1790947017.207353,1790947019.207353,0,0,1,0,-0.12529534848783852,-0.12529534848783852
1790947018.207353,1790947020.207353,0,0,1,0,-0.12529534848783852,-0.12529534848783852
1790947019.207353,1790947021.207353,0,0,1,0,-0.12529534848783852,-0.12529534848783852
1790947020.207353,1790947022.207353,0,0,1,0,-0.12529534848783852,-0.12529534848783852
1790947021.207353,1790947023.207353,0,0,1,0,-0.12529534848783852,-0.12529534848783852
1790947022.207353,1790947024.207353,0,0,1,0,-0.12529534848783852,-0.12529534848783852
1790947023.207353,1790947025.207353,0,0,1,0,-0.12529534848783852,-0.12529534848783852
1790947024.207353,1790947026.207353,0,0,1,0,-0.12529534848783852,-0.12529534848783852
1790947025.207353,1790947027.207353,0,0,1,0,-0.12529534848783852,-0.12529534848783852
1790947026.207353,1790947028.207353,0,0,1,0,-0.12529534848783852,-0.12529534848783852
1790947027.207353,1790947029.207353,0,0,1,0,-0.12529534848783852,-0.12529534848783852
1790947028.207353,1790947030.207353,0,0,1,0,-0.12529534848783852,-0.12529534848783852
1790947029.207353,1790947031.207353,0,0,1,0,-0.12529534848783852,-0.12529534848783852
1790947030.207353,1790947032.207353,0,0,1,0,-0.12529534848783852,-0.12529534848783852
1790947031.207353,1790947033.207353,0,0,1,0,-0.12529534848783852,-0.12529534848783852
1790947032.207353,1790947034.207353,0,0,1,0,-0.12529534848783852,-0.12529534848783852
1790947033.207353,1790947035.207353,0,0,1,0,-0.12529534848783852,-0.12529534848783852
1790947034.207353,1790947036.207353,0,0,1,0,-0.12529534848783852,-0.12529534848783852
1790947035.207353,1790947037.207353,0,0,1,0,-0.12529534848783852,-0.12529534848783852
1790947036.207353,1790947038.207353,0,0,1,0,-0.12529534848783852,-0.12529534848783852
1790947037.207353,1790947039.207353,0,0,1,0,-0.12529534848783852,-0.12529534848783852
1790947038.207353,1790947040.207353,0,0,1,0,-0.12529534848783852,-0.12529534848783852
1790947039.207353,1790947041.207353,0,0,1,0,-0.12529534848783852,-0.12529534848783852
1790947040.207353,1790947042.207353,0,0,1,0,-0.12529534848783852,-0.12529534848783852
1790947041.207353,1790947043.207353,0,0,1,0,-0.12529534848783852,-0.12529534848783852
1790947042.207353,1790947044.207353,0,0,1,0,-0.12529534848783852,-0.12529534848783852
1790947043.207353,1790947045.207353,0,0,1,0,-0.12529534848783852,-0.12529534848783852
1790947044.207353,1790947046.207353,0,0,1,0,-0.12529534848783852,-0.12529534848783852
1790947045.207353,1790947047.207353,0,0,1,0,-0.12529534848783852,-0.12529534848783852
1790947046.207353,1790947048.207353,0,0,1,0,-0.12529534848783852,-0.12529534848783852
1790947047.207353,1790947049.207353,0,0,1,0,-0.12529534848783852,-0.12529534848783852
1790947048.207353,1790947050.207353,0,0,1,0,-0.12529534848783852,-0.12529534848783852
1790947049.207353,1790947051.207353,0,0,1,0,-0.12529534848783852,-0.12529534848783852
1790947050.207353,1790947052.207353,0,0,1,0,-0.12529534848783852,-0.12529534848783852
1790947051.207353,1790947053.207353,0,0,1,0,-0.12529534848783852,-0.12529534848783852
1790947052.207353,1790947054.207353,0,0,1,0,-0.12529534848783852,-0.12529534848783852
1790947053.207353,1790947055.207353,0,0,1,0,-0.12529534848783852,-0.12529534848783852
1790947054.207353,1790947056.207353,0,0,1,0,-0.12529534848783852,-0.12529534848783852
1790947055.207353,1790947057.207353,0,0,1,0,-0.12529534848783852,-0.12529534848783852
1790947056.207353,1790947058.207353,0,0,1,0,-0.12529534848783852,-0.12529534848783852
1790947057.207353,1790947059.207353,0,0,1,0,-0.12529534848783852,-0.12529534848783852
1790947058.207353,1790947060.207353,0,0,1,0,-0.12529534848783852,-0.12529534848783852
1790947059.207353,1790947061.207353,0,0,1,0,-0.12529534848783852,-0.12529534848783852
1790947060.207353,1790947062.207353,0,0,1,0,-0.12529534848783852,-0.12529534848783852
1790947061.207353,1790947063.207353,0,0,1,0,-0.12529534848783852,-0.12529534848783852
1790947062.207353,1790947064.207353,0,0,1,0,-0.12529534848783852,-0.12529534848783852
1790947063.207353,1790947065.207353,0,0,1,0,-0.12529534848783852,-0.12529534848783852
1790947064.207353,1790947066.207353,0,0,1,0,-0.12529534848783852,-0.12529534848783852
1790947065.207353,1790947067.207353,0,0,1,0,-0.12529534848783852,-0.12529534848783852
1790947066.207353,1790947068.207353,0,0,1,0,-0.12529534848783852,-0.12529534848783852
1790947067.207353,1790947069.207353,0,0,1,0,-0.12529534848783852,-0.12529534848783852
1790947068.207353,1790947070.207353,0,0,1,0,-0.12529534848783852,-0.12529534848783852
1790947069.207353,1790947071.207353,0,0,1,0,-0.12529534848783852,-0.12529534848783852
1790947070.207353,1790947072.207353,0,0,1,0,-0.12529534848783852,-0.12529534848783852
1790947071.207353,1790947073.207353,0,0,1,0,-0.12529534848783852,-0.12529534848783852
1790947072.207353,1790947074.207353,0,0,1,0,-0.12529534848783852,-0.12529534848783852
1790947073.207353,1790947075.207353,0,0,1,0,-0.12529534848783852,-0.12529534848783852
1790947074.207353,1790947076.207353,0,0,1,0,-0.12529534848783852,-0.12529534848783852
1790947075.207353,1790947077.207353,0,0,1,0,-0.12529534848783852,-0.12529534848783852
1790947076.207353,1790947078.207353,0,0,1,0,-0.12529534848783852,-0.12529534848783852
1790947077.207353,1790947079.207353,0,0,1,0,-0.12529534848783852,-0.12529534848783852
1790947078.207353,1790947080.207353,0,0,1,0,-0.12529534848783852,-0.12529534848783852
1790947079.207353,1790947081.207353,0,0,1,0,-0.12529534848783852,-0.12529534848783852
1790947080.207353,1790947082.207353,0,0,1,0,-0.12529534848783852,-0.12529534848783852
1790947081.207353,1790947083.207353,0,0,1,0,-0.12529534848783852,-0.12529534848783852
1790947082.207353,1790947084.207353,0,0,1,0,-0.12529534848783852,-0.12529534848783852
1790947083.207353,1790947085.207353,0,0,1,0,-0.12529534848783852,-0.12529534848783852
1790947084.207353,1790947086.207353,0,0,1,0,-0.12529534848783852,-0.12529534848783852
1790947085.207353,1790947087.207353,0,0,1,0,-0.12529534848783852,-0.12529534848783852
1790947086.207353,1790947088.207353,0,0,1,0,-0.12529534848783852,-0.12529534848783852
1790947087.207353,1790947089.207353,0,0,1,0,-0.12529534848783852,-0.12529534848783852
1790947088.207353,1790947090.207353,0,0,1,0,-0.12529534848783852,-0.12529534848783852
1790947089.207353,1790947091.207353,0,0,1,0,-0.12529534848783852,-0.12529534848783852
1790947090.207353,1790947092.207353,0,0,1,0,-0.12529534848783852,-0.12529534848783852
1790947091.207353,1790947093.207353,0,0,1,0,-0.12529534848783852,-0.12529534848783852
1790947092.207353,1790947094.207353,0,0,1,0,-0.12529534848783852,-0.12529534848783852
1790947093.207353,1790947095.207353,0,0,1,0,-0.12529534848783852,-0.12529534848783852
1790947094.207353,1790947096.207353,0,0,1,0,-0.12529534848783852,-0.12529534848783852
1790947095.207353,1790947097.207353,0,0,1,0,-0.12529534848783852,-0.12529534848783852
1790947096.207353,1790947098.207353,0,0,1,0,-0.12529534848783852,-0.12529534848783852
1790947097.207353,1790947099.207353,0,0,1,0,-0.12529534848783852,-0.12529534848783852
1790947098.207353,1790947100.207353,0,0,1,0,-0.12529534848783852,-0.12529534848783852
1790947099.207353,1790947101.207353,0,0,1,0,-0.12529534848783852,-0.12529534848783852
1790947100.207353,1790947102.207353,0,0,1,0,-0.12529534848783852,-0.12529534848783852
1790947101.207353,1790947103.207353,0,0,1,0,-0.12529534848783852,-0.12529534848783852
1790947102.207353,1790947104.207353,0,0,1,0,-0.12529534848783852,-0.12529534848783852
1790947103.207353,1790947105.207353,0,0,1,0,-0.12529534848783852,-0.12529534848783852
1790947104.207353,1790947106.207353,0,0,1,0,-0.12529534848783852,-0.12529534848783852
1790947105.207353,1790947107.207353,0,0,1,0,-0.12529534848783852,-0.12529534848783852
1790947106.207353,1790947108.207353,0,0,1,0,-0.12529534848783852,-0.12529534848783852
1790947107.207353,1790947109.207353,0,0,1,0,-0.12529534848783852,-0.12529534848783852
1790947108.207353,1790947110.207353,0,0,1,0,-0.12529534848783852,-0.12529534848783852
1790947109.207353,1790947111.207353,0,0,1,0,-0.12529534848783852,-0.12529534848783852
1790947110.207353,1790947112.207353,0,0,1,0,-0.12529534848783852,-0.12529534848783852
1790947111.207353,1790947113.207353,0,0,1,0,-0.12529534848783852,-0.12529534848783852
1790947112.207353,1790947114.207353,0,0,1,0,-0.12529534848783852,-0.12529534848783852
1790947113.207353,1790947115.207353,0,0,1,0,-0.12529534848783852,-0.12529534848783852
1790947114.207353,1790947116.207353,0,0,1,0,-0.12529534848783852,-0.12529534848783852
1790947115.207353,1790947117.207353,0,0,1,0,-0.12529534848783852,-0.12529534848783852
1790947116.207353,1790947118.207353,0,0,1,0,-0.12529534848783852,-0.12529534848783852
1790947117.207353,1790947119.207353,0,0,1,0,-0.12529534848783852,-0.12529534848783852
1790947118.207353,1790947120.207353,0,0,1,0,-0.12529534848783852,-0.12529534848783852
1790947119.207353,1790947121.207353,0,0,1,0,-0.12529534848783852,-0.12529534848783852
1790947120.207353,1790947122.207353,0,0,1,0,-0.12529534848783852,-0.12529534848783852
1790947121.207353,1790947123.207353,0,0,1,0,-0.12529534848783852,-0.12529534848783852
1790947122.207353,1790947124.207353,0,0,1,0,-0.12529534848783852,-0.12529534848783852
1790947123.207353,1790947125.207353,0,0,1,0,-0.12529534848783852,-0.12529534848783852
1790947124.207353,1790947126.207353,0,0,1,0,-0.12529534848783852,-0.12529534848783852
1790947125.207353,1790947127.207353,0,0,1,0,-0.12529534848783852,-0.12529534848783852
1790947126.207353,1790947128.207353,0,0,1,0,-0.12529534848783852,-0.12529534848783852
1790947127.207353,1790947129.207353,0,0,1,0,-0.12529534848783852,-0.12529534848783852
1790947128.207353,1790947130.207353,0,0,1,0,-0.12529534848783852,-0.12529534848783852
1790947129.207353,1790947131.207353,0,0,1,0,-0.12529534848783852,-0.12529534848783852
1790947130.207353,1790947132.207353,0,0,1,0,-0.12529534848783852,-0.12529534848783852
1790947131.207353,1790947133.207353,0,0,1,0,-0.12529534848783852,-0.12529534848783852
1790947132.207353,1790947134.207353,0,0,1,0,-0.12529534848783852,-0.12529534848783852
1790947133.207353,1790947135.207353,0,0,1,0,-0.12529534848783852,-0.12529534848783852
1790947134.207353,1790947136.207353,0,0,1,0,-0.12529534848783852,-0.12529534848783852
1790947135.207353,1790947137.207353,0,0,1,0,-0.12529534848783852,-0.12529534848783852
1790947136.207353,1790947138.207353,0,0,1,0,-0.12529534848783852,-0.12529534848783852
1790947137.207353,1790947139.207353,0,0,1,0,-0.12529534848783852,-0.12529534848783852
1790947138.207353,1790947140.207353,0,0,1,0,-0.12529534848783852,-0.12529534848783852
1790947139.207353,1790947141.207353,0,0,1,0,-0.12529534848783852,-0.12529534848783852
1790947140.207353,1790947142.207353,0,0,1,0,-0.12529534848783852,-0.12529534848783852
1790947141.207353,1790947143.207353,0,0,1,0,-0.12529534848783852,-0.12529534848783852
1790947142.207353,1790947144.207353,0,0,1,0,-0.12529534848783852,-0.12529534848783852
1790947143.207353,1790947145.207353,0,0,1,0,-0.12529534848783852,-0.12529534848783852
1790947144.207353,1790947146.207353,0,0,1,0,-0.12529534848783852,-0.12529534848783852
1790947145.207353,1790947147.207353,0,0,1,0,-0.12529534848783852,-0.12529534848783852
1790947146.207353,1790947148.207353,0,0,1,0,-0.12529534848783852,-0.12529534848783852
1790947147.207353,1790947149.207353,0,0,1,0,-0.12529534848783852,-0.12529534848783852
1790947148.207353,1790947150.207353,0,0,1,0,-0.12529534848783852,-0.12529534848783852
1790947149.207353,1790947151.207353,0,0,1,0,-0.12529534848783852,-0.12529534848783852
1790947150.207353,1790947152.207353,0,0,1,0,-0.12529534848783852,-0.12529534848783852
1790947151.207353,1790947153.207353,0,0,1,0,-0.12529534848783852,-0.12529534848783852
1790947152.207353,1790947154.207353,0,0,1,0,-0.12529534848783852,-0.12529534848783852
1790947153.207353,1790947155.207353,0,0,1,0,-0.12529534848783852,-0.12529534848783852
1790947154.207353,1790947156.207353,0,0,1,0,-0.12529534848783852,-0.12529534848783852
1790947155.207353,1790947157.207353,0,0,1,0,-0.12529534848783852,-0.12529534848783852
1790947156.207353,1790947158.207353,0,0,1,0,-0.12529534848783852,-0.12529534848783852
1790947157.207353,1790947159.207353,0,0,1,0,-0.12529534848783852,-0.12529534848783852
1790947158.207353,1790947160.207353,0,0,1,0,-0.12529534848783852,-0.12529534848783852
1790947159.207353,1790947161.207353,0,0,1,0,-0.12529534848783852,-0.12529534848783852
1790947160.207353,1790947162.207353,0,0,1,0,-0.12529534848783852,-0.12529534848783852
1790947161.207353,1790947163.207353,0,0,1,0,-0.12529534848783852,-0.12529534848783852
1790947162.207353,1790947164.207353,0,0,1,0,-0.12529534848783852,-0.12529534848783852
1790947163.207353,1790947165.207353,0,0,1,0,-0.12529534848783852,-0.12529534848783852
1790947164.207353,1790947166.207353,0,0,1,0,-0.12529534848783852,-0.12529534848783852
1790947165.207353,1790947167.207353,0,0,1,0,-0.12529534848783852,-0.12529534848783852
1790947166.207353,1790947168.207353,0,0,1,0,-0.12529534848783852,-0.12529534848783852
1790947167.207353,1790947169.207353,0,0,1,0,-0.12529534848783852,-0.12529534848783852
1790947168.207353,1790947170.207353,0,0,1,0,-0.12529534848783852,-0.12529534848783852
1790947169.207353,1790947171.207353,0,0,1,0,-0.12529534848783852,-0.12529534848783852
1790947170.207353,1790947172.207353,0,0,1,0,-0.12529534848783852,-0.12529534848783852
1790947171.207353,1790947173.207353,0,0,1,0,-0.12529534848783852,-0.12529534848783852
1790947172.207353,1790947174.207353,0,0,1,0,-0.12529534848783852,-0.12529534848783852
1790947173.207353,1790947175.207353,0,0,1,0,-0.12529534848783852,-0.12529534848783852
1790947174.207353,1790947176.207353,0,0,1,0,-0.12529534848783852,-0.12529534848783852
1790947175.207353,1790947177.207353,0,0,1,0,-0.12529534848783852,-0.12529534848783852
1790947176.207353,1790947178.207353,0,0,1,0,-0.12529534848783852,-0.12529534848783852
1790947177.207353,1790947179.207353,0,0,1,0,-0.12529534848783852,-0.12529534848783852
1790947178.207353,1790947180.207353,0,0,1,0,-0.12529534848783852,-0.12529534848783852
1790947179.207353,1790947181.207353,0,0,1,0,-0.12529534848783852,-0.12529534848783852
1790947180.207353,1790947182.207353,0,0,1,0,-0.12529534848783852,-0.12529534848783852
1790947181.207353,1790947183.207353,0,0,1,0,-0.12529534848783852,-0.12529534848783852
1790947182.207353,1790947184.207353,0,0,1,0,-0.12529534848783852,-0.12529534848783852
1790947183.207353,1790947185.207353,0,0,1,0,-0.12529534848783852,-0.12529534848783852
1790947184.207353,1790947186.207353,0,0,1,0,-0.12529534848783852,-0.12529534848783852
1790947185.207353,1790947187.207353,0,0,1,0,-0.12529534848783852,-0.12529534848783852
1790947186.207353,1790947188.207353,0,0,1,0,-0.12529534848783852,-0.12529534848783852
1790947187.207353,1790947189.207353,0,0,1,0,-0.12529534848783852,-0.12529534848783852
1790947188.207353,1790947190.207353,0,0,1,0,-0.12529534848783852,-0.12529534848783852
1790947189.207353,1790947191.207353,0,0,1,0,-0.12529534848783852,-0.12529534848783852
1790947190.207353,1790947192.207353,0,0,1,0,-0.12529534848783852,-0.12529534848783852
1790947191.207353,1790947193.207353,0,0,1,0,-0.12529534848783852,-0.12529534848783852
1790947192.207353,1790947194.207353,0,0,1,0,-0.12529534848783852,-0.12529534848783852
1790947193.207353,1790947195.207353,0,0,1,0,-0.12529534848783852,-0.12529534848783852
1790947194.207353,1790947196.207353,0,0,1,0,-0.12529534848783852,-0.12529534848783852
1790947195.207353,1790947197.207353,0,0,1,0,-0.12529534848783852,-0.12529534848783852
1790947196.207353,1790947198.207353,0,0,1,0,-0.12529534848783852,-0.12529534848783852
1790947197.207353,1790947199.207353,0,0,1,0,-0.12529534848783852,-0.12529534848783852
1790947198.207353,1790947200.207353,0,0,1,0,-0.12529534848783852,-0.12529534848783852
1790947199.207353,1790947201.207353,0,0,1,0,-0.12529534848783852,-0.12529534848783852
1790947200.207353,1790947202.207353,0,0,1,0,-0.12529534848783852,-0.12529534848783852
1790947201.207353,1790947203.207353,0,0,1,0,-0.12529534848783852,-0.12529534848783852
1790947202.207353,1790947204.207353,0,0,1,0,-0.12529534848783852,-0.12529534848783852
1790947203.207353,1790947205.207353,0,0,1,0,-0.12529534848783852,-0.12529534848783852
1790947204.207353,1790947206.207353,0,0,1,0,-0.12529534848783852,-0.12529534848783852
1790947205.207353,1790947207.207353,0,0,1,0,-0.12529534848783852,-0.12529534848783852
1790947206.207353,1790947208.207353,0,0,1,0,-0.12529534848783852,-0.12529534848783852
1790947207.207353,1790947209.207353,0,0,1,0,-0.12529534848783852,-0.12529534848783852
1790947208.207353,1790947210.207353,0,0,1,0,-0.12529534848783852,-0.12529534848783852
1790947209.207353,1790947211.207353,0,0,1,0,-0.12529534848783852,-0.12529534848783852
1790947210.207353,1790947212.207353,0,0,1,0,-0.12529534848783852,-0.12529534848783852
1790947211.207353,1790947213.207353,0,0,1,0,-0.12529534848783852,-0.12529534848783852
1790947212.207353,1790947214.207353,0,0,1,0,-0.12529534848783852,-0.12529534848783852
1790947213.207353,1790947215.207353,0,0,1,0,-0.12529534848783852,-0.12529534848783852
1790947214.207353,1790947216.207353,0,0,1,0,-0.12529534848783852,-0.12529534848783852
1790947215.207353,1790947217.207353,0,0,1,0,-0.12529534848783852,-0.12529534848783852
1790947216.207353,1790947218.207353,0,0,1,0,-0.12529534848783852,-0.12529534848783852
1790947217.207353,1790947219.207353,0,0,1,0,-0.12529534848783852,-0.12529534848783852
1790947218.207353,1790947220.207353,0,0,1,0,-0.12529534848783852,-0.12529534848783852
1790947219.207353,1790947221.207353,0,0,1,0,-0.12529534848783852,-0.12529534848783852
1790947220.207353,1790947222.207353,0,0,1,0,-0.12529534848783852,-0.12529534848783852
1790947221.207353,1790947223.207353,0,0,1,0,-0.12529534848783852,-0.12529534848783852
1790947222.207353,1790947224.207353,0,0,1,0,-0.12529534848783852,-0.12529534848783852
1790947223.207353,1790947225.207353,0,0,1,0,-0.12529534848783852,-0.12529534848783852
1790947224.207353,1790947226.207353,0,0,1,0,-0.12529534848783852,-0.12529534848783852
1790947225.207353,1790947227.207353,0,0,1,0,-0.12529534848783852,-0.12529534848783852
1790947226.207353,1790947228.207353,0,0,1,0,-0.12529534848783852,-0.12529534848783852
1790947227.207353,1790947229.207353,0,0,1,0,-0.12529534848783852,-0.12529534848783852
1790947228.207353,1790947230.207353,0,0,1,0,-0.12529534848783852,-0.12529534848783852
1790947229.207353,1790947231.207353,0,0,1,0,-0.12529534848783852,-0.12529534848783852
1790947230.207353,1790947232.207353,0,0,1,0,-0.12529534848783852,-0.12529534848783852
1790947231.207353,1790947233.207353,0,0,1,0,-0.12529534848783852,-0.12529534848783852
1790947232.207353,1790947234.207353,0,0,1,0,-0.12529534848783852,-0.12529534848783852
1790947233.207353,1790947235.207353,0,0,1,0,-0.12529534848783852,-0.12529534848783852
1790947234.207353,1790947236.207353,0,0,1,0,-0.12529534848783852,-0.12529534848783852
1790947235.207353,1790947237.207353,0,0,1,0,-0.12529534848783852,-0.12529534848783852
1790947236.207353,1790947238.207353,0,0,1,0,-0.12529534848783852,-0.12529534848783852
1790947237.207353,1790947239.207353,0,0,1,0,-0.12529534848783852,-0.12529534848783852
1790947238.207353,1790947240.207353,0,0,1,0,-0.12529534848783852,-0.12529534848783852
1790947239.207353,1790947241.207353,0,0,1,0,-0.12529534848783852,-0.12529534848783852
1790947240.207353,1790947242.207353,0,0,1,0,-0.12529534848783852,-0.12529534848783852
1790947241.207353,1790947243.207353,0,0,1,0,-0.12529534848783852,-0.12529534848783852
1790947242.207353,1790947244.207353,0,0,1,0,-0.12529534848783852,-0.12529534848783852
1790947243.207353,1790947245.207353,0,0,1,0,-0.12529534848783852,-0.12529534848783852
1790947244.207353,1790947246.207353,0,0,1,0,-0.12529534848783852,-0.12529534848783852
1790947245.207353,1790947247.207353,0,0,1,0,-0.12529534848783852,-0.12529534848783852
1790947246.207353,1790947248.207353,0,0,1,0,-0.12529534848783852,-0.12529534848783852
1790947247.207353,1790947249.207353,0,0,1,0,-0.12529534848783852,-0.12529534848783852
1790947248.207353,1790947250.207353,0,0,1,0,-0.12529534848783852,-0.12529534848783852
1790947249.207353,1790947251.207353,0,0,1,0,-0.12529534848783852,-0.12529534848783852
1790947250.207353,1790947252.207353,0,0,1,0,-0.12529534848783852,-0.12529534848783852
1790947251.207353,1790947253.207353,0,0,1,0,-0.12529534848783852,-0.12529534848783852
1790947252.207353,1790947254.207353,0,0,1,0,-0.12529534848783852,-0.12529534848783852
1790947253.207353,1790947255.207353,0,0,1,0,-0.12529534848783852,-0.12529534848783852
1790947254.207353,1790947256.207353,0,0,1,0,-0.12529534848783852,-0.12529534848783852
1790947255.207353,1790947257.207353,0,0,1,0,-0.12529534848783852,-0.12529534848783852
1790947256.207353,1790947258.207353,0,0,1,0,-0.12529534848783852,-0.12529534848783852
1790947257.207353,1790947259.207353,0,0,1,0,-0.12529534848783852,-0.12529534848783852
1790947258.207353,1790947260.207353,0,0,1,0,-0.12529534848783852,-0.12529534848783852
1790947259.207353,1790947261.207353,0,0,1,0,-0.12529534848783852,-0.12529534848783852
1790947260.207353,1790947262.207353,0,0,1,0,-0.12529534848783852,-0.12529534848783852
1790947261.207353,1790947263.207353,0,0,1,0,-0.12529534848783852,-0.12529534848783852
1790947262.207353,1790947264.207353,0,0,1,0,-0.12529534848783852,-0.12529534848783852
1790947263.207353,1790947265.207353,0,0,1,0,-0.12529534848783852,-0.12529534848783852
1790947264.207353,1790947266.207353,0,0,1,0,-0.12529534848783852,-0.12529534848783852
1790947265.207353,1790947267.207353,0,0,1,0,-0.12529534848783852,-0.12529534848783852
1790947266.207353,1790947268.207353,0,0,1,0,-0.12529534848783852,-0.12529534848783852
1790947267.207353,1790947269.207353,0,0,1,0,-0.12529534848783852,-0.12529534848783852
1790947268.207353,1790947270.207353,0,0,1,0,-0.12529534848783852,-0.12529534848783852
1790947269.207353,1790947271.207353,0,0,1,0,-0.12529534848783852,-0.12529534848783852
1790947270.207353,1790947272.207353,0,0,1,0,-0.12529534848783852,-0.12529534848783852
1790947271.207353,1790947273.207353,0,0,1,0,-0.12529534848783852,-0.12529534848783852
1790947272.207353,1790947274.207353,0,0,1,0,-0.12529534848783852,-0.12529534848783852
1790947273.207353,1790947275.207353,0,0,1,0,-0.12529534848783852,-0.12529534848783852
1790947274.207353,1790947276.207353,0,0,1,0,-0.12529534848783852,-0.12529534848783852
1790947275.207353,1790947277.207353,0,0,1,0,-0.12529534848783852,-0.12529534848783852
1790947276.207353,1790947278.207353,0,0,1,0,-0.12529534848783852,-0.12529534848783852
1790947277.207353,1790947279.207353,0,0,1,0,-0.12529534848783852,-0.12529534848783852
1790947278.207353,1790947280.207353,0,0,1,0,-0.12529534848783852,-0.12529534848783852
1790947279.207353,1790947281.207353,0,0,1,0,-0.12529534848783852,-0.12529534848783852
1790947280.207353,1790947282.207353,0,0,1,0,-0.12529534848783852,-0.12529534848783852
1790947281.207353,1790947283.207353,0,0,1,0,-0.12529534848783852,-0.12529534848783852
1790947282.207353,1790947284.207353,0,0,1,0,-0.12529534848783852,-0.12529534848783852
1790947283.207353,1790947285.207353,0,0,1,0,-0.12529534848783852,-0.12529534848783852
1790947284.207353,1790947286.207353,0,0,1,0,-0.12529534848783852,-0.12529534848783852
1790947285.207353,1790947287.207353,0,0,1,0,-0.12529534848783852,-0.12529534848783852
1790947286.207353,1790947288.207353,0,0,1,0,-0.12529534848783852,-0.12529534848783852
1790947287.207353,1790947289.207353,0,0,1,0,-0.12529534848783852,-0.12529534848783852
1790947288.207353,1790947290.207353,0,0,1,0,-0.12529534848783852,-0.12529534848783852
1790947289.207353,1790947291.207353,0,0,1,0,-0.12529534848783852,-0.12529534848783852
1790947290.207353,1790947292.207353,0,0,1,0,-0.12529534848783852,-0.12529534848783852
1790947291.207353,1790947293.207353,0,0,1,0,-0.12529534848783852,-0.12529534848783852
1790947292.207353,1790947294.207353,0,0,1,0,-0.12529534848783852,-0.12529534848783852
1790947293.207353,1790947295.207353,0,0,1,0,-0.12529534848783852,-0.12529534848783852
1790947294.207353,1790947296.207353,0,0,1,0,-0.12529534848783852,-0.12529534848783852
1790947295.207353,1790947297.207353,0,0,1,0,-0.12529534848783852,-0.12529534848783852
1790947296.207353,1790947298.207353,0,0,1,0,-0.12529534848783852,-0.12529534848783852
1790947297.207353,1790947299.207353,0,0,1,0,-0.12529534848783852,-0.12529534848783852
1790947298.207353,1790947300.207353,0,0,1,0,-0.12529534848783852,-0.12529534848783852
1790947299.207353,1790947301.207353,0,0,1,0,-0.12529534848783852,-0.12529534848783852
1790947300.207353,1790947302.207353,0,0,1,0,-0.12529534848783852,-0.12529534848783852
1790947301.207353,1790947303.207353,0,0,1,0,-0.12529534848783852,-0.12529534848783852
1790947302.207353,1790947304.207353,0,0,1,0,-0.12529534848783852,-0.12529534848783852
1790947303.207353,1790947305.207353,0,0,1,0,-0.12529534848783852,-0.12529534848783852
1790947304.207353,1790947306.207353,0,0,1,0,-0.12529534848783852,-0.12529534848783852
1790947305.207353,1790947307.207353,0,0,1,0,-0.12529534848783852,-0.12529534848783852
1790947306.207353,1790947308.207353,0,0,1,0,-0.12529534848783852,-0.12529534848783852
1790947307.207353,1790947309.207353,0,0,1,0,-0.12529534848783852,-0.12529534848783852
1790947308.207353,1790947310.207353,0,0,1,0,-0.12529534848783852,-0.12529534848783852
1790947309.207353,1790947311.207353,0,0,1,0,-0.12529534848783852,-0.12529534848783852
1790947310.207353,1790947312.207353,0,0,1,0,-0.12529534848783852,-0.12529534848783852
1790947311.207353,1790947313.207353,0,0,1,0,-0.12529534848783852,-0.12529534848783852
1790947312.207353,1790947314.207353,0,0,1,0,-0.12529534848783852,-0.12529534848783852
1790947313.207353,1790947315.207353,0,0,1,0,-0.12529534848783852,-0.12529534848783852
1790947314.207353,1790947316.207353,0,0,1,0,-0.12529534848783852,-0.12529534848783852
1790947315.207353,1790947317.207353,0,0,1,0,-0.12529534848783852,-0.12529534848783852
1790947316.207353,1790947318.207353,0,0,1,0,-0.12529534848783852,-0.12529534848783852
1790947317.207353,1790947319.207353,0,0,1,0,-0.12529534848783852,-0.12529534848783852
1790947318.207353,1790947320.207353,0,0,1,0,-0.12529534848783852,-0.12529534848783852
1790947319.207353,1790947321.207353,0,0,1,0,-0.12529534848783852,-0.12529534848783852
1790947320.207353,1790947322.207353,0,0,1,0,-0.12529534848783852,-0.12529534848783852
1790947321.207353,1790947323.207353,0,0,1,0,-0.12529534848783852,-0.12529534848783852
1790947322.207353,1790947324.207353,0,0,1,0,-0.12529534848783852,-0.12529534848783852
1790947323.207353,1790947325.207353,0,0,1,0,-0.12529534848783852,-0.12529534848783852
1790947324.207353,1790947326.207353,0,0,1,0,-0.12529534848783852,-0.12529534848783852
1790947325.207353,1790947327.207353,0,0,1,0,-0.12529534848783852,-0.12529534848783852
1790947326.207353,1790947328.207353,0,0,1,0,-0.12529534848783852,-0.12529534848783852
1790947327.207353,1790947329.207353,0,0,1,0,-0.12529534848783852,-0.12529534848783852
1790947328.207353,1790947330.207353,0,0,1,0,-0.12529534848783852,-0.12529534848783852
1790947329.207353,1790947331.207353,0,0,1,0,-0.12529534848783852,-0.12529534848783852
1790947330.207353,1790947332.207353,0,0,1,0,-0.12529534848783852,-0.12529534848783852
1790947331.207353,1790947333.207353,0,0,1,0,-0.12529534848783852,-0.12529534848783852
1790947332.207353,1790947334.207353,0,0,1,0,-0.12529534848783852,-0.12529534848783852
1790947333.207353,1790947335.207353,0,0,1,0,-0.12529534848783852,-0.12529534848783852
1790947334.207353,1790947336.207353,0,0,1,0,-0.12529534848783852,-0.12529534848783852
1790947335.207353,1790947337.207353,0,0,1,0,-0.12529534848783852,-0.12529534848783852
1790947336.207353,1790947338.207353,0,0,1,0,-0.12529534848783852,-0.12529534848783852
1790947337.207353,1790947339.207353,0,0,1,0,-0.12529534848783852,-0.12529534848783852
1790947338.207353,1790947340.207353,0,0,1,0,-0.12529534848783852,-0.12529534848783852
1790947339.207353,1790947341.207353,0,0,1,0,-0.12529534848783852,-0.12529534848783852
1790947340.207353,1790947342.207353,0,0,1,0,-0.12529534848783852,-0.12529534848783852
1790947341.207353,1790947343.207353,0,0,1,0,-0.12529534848783852,-0.12529534848783852
1790947342.207353,1790947344.207353,0,0,1,0,-0.12529534848783852,-0.12529534848783852
1790947343.207353,1790947345.207353,0,0,1,0,-0.12529534848783852,-0.12529534848783852
1790947344.207353,1790947346.207353,0,0,1,0,-0.12529534848783852,-0.12529534848783852
1790947345.207353,1790947347.207353,0,0,1,0,-0.12529534848783852,-0.12529534848783852
1790947346.207353,1790947348.207353,0,0,1,0,-0.12529534848783852,-0.12529534848783852
1790947347.207353,1790947349.207353,0,0,1,0,-0.12529534848783852,-0.12529534848783852
1790947348.207353,1790947350.207353,0,0,1,0,-0.12529534848783852,-0.12529534848783852
1790947349.207353,1790947351.207353,0,0,1,0,-0.12529534848783852,-0.12529534848783852
1790947350.207353,1790947352.207353,0,0,1,0,-0.12529534848783852,-0.12529534848783852
1790947351.207353,1790947353.207353,0,0,1,0,-0.12529534848783852,-0.12529534848783852
1790947352.207353,1790947354.207353,0,0,1,0,-0.12529534848783852,-0.12529534848783852
1790947353.207353,1790947355.207353,0,0,1,0,-0.12529534848783852,-0.12529534848783852
1790947354.207353,1790947356.207353,0,0,1,0,-0.12529534848783852,-0.12529534848783852
1790947355.207353,1790947357.207353,0,0,1,0,-0.12529534848783852,-0.12529534848783852
1790947356.207353,1790947358.207353,0,0,1,0,-0.12529534848783852,-0.12529534848783852
1790947357.207353,1790947359.207353,0,0,1,0,-0.12529534848783852,-0.12529534848783852
1790947358.207353,1790947360.207353,0,0,1,0,-0.12529534848783852,-0.12529534848783852
1790947359.207353,1790947361.207353,0,0,1,0,-0.12529534848783852,-0.12529534848783852
1790947360.207353,1790947362.207353,0,0,1,0,-0.12529534848783852,-0.12529534848783852
1790947361.207353,1790947363.207353,0,0,1,0,-0.12529534848783852,-0.12529534848783852
1790947362.207353,1790947364.207353,0,0,1,0,-0.12529534848783852,-0.12529534848783852
1790947363.207353,1790947365.207353,0,0,1,0,-0.12529534848783852,-0.12529534848783852
1790947364.207353,1790947366.207353,0,0,1,0,-0.12529534848783852,-0.12529534848783852
1790947365.207353,1790947367.207353,0,0,1,0,-0.12529534848783852,-0.12529534848783852
1790947366.207353,1790947368.207353,0,0,1,0,-0.12529534848783852,-0.12529534848783852
1790947367.207353,1790947369.207353,0,0,1,0,-0.12529534848783852,-0.12529534848783852
1790947368.207353,1790947370.207353,0,0,1,0,-0.12529534848783852,-0.12529534848783852
1790947369.207353,1790947371.207353,0,0,1,0,-0.12529534848783852,-0.12529534848783852
1790947370.207353,1790947372.207353,0,0,1,0,-0.12529534848783852,-0.12529534848783852
1790947371.207353,1790947373.207353,0,0,1,0,-0.12529534848783852,-0.12529534848783852
1790947372.207353,1790947374.207353,0,0,1,0,-0.12529534848783852,-0.12529534848783852
1790947373.207353,1790947375.207353,0,0,1,0,-0.12529534848783852,-0.12529534848783852
1790947374.207353,1790947376.207353,0,0,1,0,-0.12529534848783852,-0.12529534848783852
1790947375.207353,1790947377.207353,0,0,1,0,-0.12529534848783852,-0.12529534848783852
1790947376.207353,1790947378.207353,0,0,1,0,-0.12529534848783852,-0.12529534848783852
1790947377.207353,1790947379.207353,0,0,1,0,-0.12529534848783852,-0.12529534848783852
1790947378.207353,1790947380.207353,0,0,1,0,-0.12529534848783852,-0.12529534848783852
1790947379.207353,1790947381.207353,0,0,1,0,-0.12529534848783852,-0.12529534848783852
1790947380.207353,1790947382.207353,0,0,1,0,-0.12529534848783852,-0.12529534848783852
1790947381.207353,1790947383.207353,0,0,1,0,-0.12529534848783852,-0.12529534848783852
1790947382.207353,1790947384.207353,0,0,1,0,-0.12529534848783852,-0.12529534848783852
1790947383.207353,1790947385.207353,0,0,1,0,-0.12529534848783852,-0.12529534848783852
1790947384.207353,1790947386.207353,0,0,1,0,-0.12529534848783852,-0.12529534848783852
1790947385.207353,1790947387.207353,0,0,1,0,-0.12529534848783852,-0.12529534848783852
1790947386.207353,1790947388.207353,0,0,1,0,-0.12529534848783852,-0.12529534848783852
1790947387.207353,1790947389.207353,0,0,1,0,-0.12529534848783852,-0.12529534848783852
1790947388.207353,1790947390.207353,0,0,1,0,-0.12529534848783852,-0.12529534848783852
1790947389.207353,1790947391.207353,0,0,1,0,-0.12529534848783852,-0.12529534848783852
1790947390.207353,1790947392.207353,0,0,1,0,-0.12529534848783852,-0.12529534848783852
1790947391.207353,1790947393.207353,0,0,1,0,-0.12529534848783852,-0.12529534848783852
1790947392.207353,1790947394.207353,0,0,1,0,-0.12529534848783852,-0.12529534848783852
1790947393.207353,1790947395.207353,0,0,1,0,-0.12529534848783852,-0.12529534848783852
1790947394.207353,1790947396.207353,0,0,1,0,-0.12529534848783852,-0.12529534848783852
1790947395.207353,1790947397.207353,0,0,1,0,-0.12529534848783852,-0.12529534848783852
1790947396.207353,1790947398.207353,0,0,1,0,-0.12529534848783852,-0.12529534848783852
1790947397.207353,1790947399.207353,0,0,1,0,-0.12529534848783852,-0.12529534848783852
1790947398.207353,1790947400.207353,0,0,1,0,-0.12529534848783852,-0.12529534848783852
1790947399.207353,1790947401.207353,0,0,1,0,-0.12529534848783852,-0.12529534848783852
1790947400.207353,1790947402.207353,0,0,1,0,-0.12529534848783852,-0.12529534848783852
1790947401.207353,1790947403.207353,0,0,1,0,-0.12529534848783852,-0.12529534848783852
1790947402.207353,1790947404.207353,0,0,1,0,-0.12529534848783852,-0.12529534848783852
1790947403.207353,1790947405.207353,0,0,1,0,-0.12529534848783852,-0.12529534848783852
1790947404.207353,1790947406.207353,0,0,1,0,-0.12529534848783852,-0.12529534848783852
1790947405.207353,1790947407.207353,0,0,1,0,-0.12529534848783852,-0.12529534848783852
1790947406.207353,1790947408.207353,0,0,1,0,-0.12529534848783852,-0.12529534848783852
1790947407.207353,1790947409.207353,0,0,1,0,-0.12529534848783852,-0.12529534848783852
1790947408.207353,1790947410.207353,0,0,1,0,-0.12529534848783852,-0.12529534848783852
1790947409.207353,1790947411.207353,0,0,1,0,-0.12529534848783852,-0.12529534848783852
1790947410.207353,1790947412.207353,0,0,1,0,-0.12529534848783852,-0.12529534848783852
1790947411.207353,1790947413.207353,0,0,1,0,-0.12529534848783852,-0.12529534848783852
1790947412.207353,1790947414.207353,0,0,1,0,-0.12529534848783852,-0.12529534848783852
1790947413.207353,1790947415.207353,0,0,1,0,-0.12529534848783852,-0.12529534848783852
1790947414.207353,1790947416.207353,0,0,1,0,-0.12529534848783852,-0.12529534848783852
1790947415.207353,1790947417.207353,0,0,1,0,-0.12529534848783852,-0.12529534848783852
1790947416.207353,1790947418.207353,0,0,1,0,-0.12529534848783852,-0.12529534848783852
1790947417.207353,1790947419.207353,0,0,1,0,-0.12529534848783852,-0.12529534848783852
1790947418.207353,1790947420.207353,0,0,1,0,-0.12529534848783852,-0.12529534848783852
1790947419.207353,1790947421.207353,0,0,1,0,-0.12529534848783852,-0.12529534848783852
1790947420.207353,1790947422.207353,0,0,1,0,-0.12529534848783852,-0.12529534848783852
1790947421.207353,1790947423.207353,0,0,1,0,-0.12529534848783852,-0.12529534848783852
1790947422.207353,1790947424.207353,0,0,1,0,-0.12529534848783852,-0.12529534848783852
1790947423.207353,1790947425.207353,0,0,1,0,-0.12529534848783852,-0.12529534848783852
1790947424.207353,1790947426.207353,0,0,1,0,-0.12529534848783852,-0.12529534848783852
1790947425.207353,1790947427.207353,0,0,1,0,-0.12529534848783852,-0.12529534848783852
1790947426.207353,1790947428.207353,0,0,1,0,-0.12529534848783852,-0.12529534848783852
1790947427.207353,1790947429.207353,0,0,1,0,-0.12529534848783852,-0.12529534848783852
1790947428.207353,1790947430.207353,0,0,1,0,-0.12529534848783852,-0.12529534848783852
1790947429.207353,1790947431.207353,0,0,1,0,-0.12529534848783852,-0.12529534848783852
1790947430.207353,1790947432.207353,0,0,1,0,-0.12529534848783852,-0.12529534848783852
1790947431.207353,1790947433.207353,0,0,1,0,-0.12529534848783852,-0.12529534848783852
1790947432.207353,1790947434.207353,0,0,1,0,-0.12529534848783852,-0.12529534848783852
1790947433.207353,1790947435.207353,0,0,1,0,-0.12529534848783852,-0.12529534848783852
1790947434.207353,1790947436.207353,0,0,1,0,-0.12529534848783852,-0.12529534848783852
1790947435.207353,1790947437.207353,0,0,1,0,-0.12529534848783852,-0.12529534848783852
1790947436.207353,1790947438.207353,0,0,1,0,-0.12529534848783852,-0.12529534848783852
1790947437.207353,1790947439.207353,0,0,1,0,-0.12529534848783852,-0.12529534848783852
1790947438.207353,1790947440.207353,0,0,1,0,-0.12529534848783852,-0.12529534848783852
1790947439.207353,1790947441.207353,0,0,1,0,-0.12529534848783852,-0.12529534848783852
1790947440.207353,1790947442.207353,0,0,1,0,-0.12529534848783852,-0.12529534848783852
1790947441.207353,1790947443.207353,0,0,1,0,-0.12529534848783852,-0.12529534848783852
1790947442.207353,1790947444.207353,0,0,1,0,-0.12529534848783852,-0.12529534848783852
1790947443.207353,1790947445.207353,0,0,1,0,-0.12529534848783852,-0.12529534848783852
1790947444.207353,1790947446.207353,0,0,1,0,-0.12529534848783852,-0.12529534848783852
1790947445.207353,1790947447.207353,0,0,1,0,-0.12529534848783852,-0.12529534848783852
1790947446.207353,1790947448.207353,0,0,1,0,-0.12529534848783852,-0.12529534848783852
1790947447.207353,1790947449.207353,0,0,1,0,-0.12529534848783852,-0.12529534848783852
1790947448.207353,1790947450.207353,0,0,1,0,-0.12529534848783852,-0.12529534848783852
1790947449.207353,1790947451.207353,0,0,1,0,-0.12529534848783852,-0.12529534848783852
1790947450.207353,1790947452.207353,0,0,1,0,-0.12529534848783852,-0.12529534848783852
1790947451.207353,1790947453.207353,0,0,1,0,-0.12529534848783852,-0.12529534848783852
1790947452.207353,1790947454.207353,0,0,1,0,-0.12529534848783852,-0.12529534848783852
1790947453.207353,1790947455.207353,0,0,1,0,-0.12529534848783852,-0.12529534848783852
1790947454.207353,1790947456.207353,0,0,1,0,-0.12529534848783852,-0.12529534848783852
1790947455.207353,1790947457.207353,0,0,1,0,-0.12529534848783852,-0.12529534848783852
1790947456.207353,1790947458.207353,0,0,1,0,-0.12529534848783852,-0.12529534848783852
1790947457.207353,1790947459.207353,0,0,1,0,-0.12529534848783852,-0.12529534848783852
1790947458.207353,1790947460.207353,0,0,1,0,-0.12529534848783852,-0.12529534848783852
1790947459.207353,1790947461.207353,0,0,1,0,-0.12529534848783852,-0.12529534848783852
1790947460.207353,1790947462.207353,0,0,1,0,-0.12529534848783852,-0.12529534848783852
1790947461.207353,1790947463.207353,0,0,1,0,-0.12529534848783852,-0.12529534848783852
1790947462.207353,1790947464.207353,0,0,1,0,-0.12529534848783852,-0.12529534848783852
1790947463.207353,1790947465.207353,0,0,1,0,-0.12529534848783852,-0.12529534848783852
1790947464.207353,1790947466.207353,0,0,1,0,-0.12529534848783852,-0.12529534848783852
1790947465.207353,1790947467.207353,0,0,1,0,-0.12529534848783852,-0.12529534848783852
1790947466.207353,1790947468.207353,0,0,1,0,-0.12529534848783852,-0.12529534848783852
1790947467.207353,1790947469.207353,0,0,1,0,-0.12529534848783852,-0.12529534848783852
1790947468.207353,1790947470.207353,0,0,1,0,-0.12529534848783852,-0.12529534848783852
1790947469.207353,1790947471.207353,0,0,1,0,-0.12529534848783852,-0.12529534848783852
1790947470.207353,1790947472.207353,0,0,1,0,-0.12529534848783852,-0.12529534848783852
1790947471.207353,1790947473.207353,0,0,1,0,-0.12529534848783852,-0.12529534848783852
1790947472.207353,1790947474.207353,0,0,1,0,-0.12529534848783852,-0.12529534848783852
1790947473.207353,1790947475.207353,0,0,1,0,-0.12529534848783852,-0.12529534848783852
1790947474.207353,1790947476.207353,0,0,1,0,-0.12529534848783852,-0.12529534848783852
1790947475.207353,1790947477.207353,0,0,1,0,-0.12529534848783852,-0.12529534848783852
1790947476.207353,1790947478.207353,0,0,1,0,-0.12529534848783852,-0.12529534848783852
1790947477.207353,1790947479.207353,0,0,1,0,-0.12529534848783852,-0.12529534848783852
1790947478.207353,1790947480.207353,0,0,1,0,-0.12529534848783852,-0.12529534848783852
1790947479.207353,1790947481.207353,0,0,1,0,-0.12529534848783852,-0.12529534848783852
1790947480.207353,1790947482.207353,0,0,1,0,-0.12529534848783852,-0.12529534848783852
1790947481.207353,1790947483.207353,0,0,1,0,-0.12529534848783852,-0.12529534848783852
1790947482.207353,1790947484.207353,0,0,1,0,-0.12529534848783852,-0.12529534848783852
1790947483.207353,1790947485.207353,0,0,1,0,-0.12529534848783852,-0.12529534848783852
1790947484.207353,1790947486.207353,0,0,1,0,-0.12529534848783852,-0.12529534848783852
1790947485.207353,1790947487.207353,0,0,1,0,-0.12529534848783852,-0.12529534848783852
1790947486.207353,1790947488.207353,0,0,1,0,-0.12529534848783852,-0.12529534848783852
1790947487.207353,1790947489.207353,0,0,1,0,-0.12529534848783852,-0.12529534848783852
1790947488.207353,1790947490.207353,0,0,1,0,-0.12529534848783852,-0.12529534848783852
1790947489.207353,1790947491.207353,0,0,1,0,-0.12529534848783852,-0.12529534848783852
1790947490.207353,1790947492.207353,0,0,1,0,-0.12529534848783852,-0.12529534848783852
1790947491.207353,1790947493.207353,0,0,1,0,-0.12529534848783852,-0.12529534848783852
1790947492.207353,1790947494.207353,0,0,1,0,-0.12529534848783852,-0.12529534848783852
1790947493.207353,1790947495.207353,0,0,1,0,-0.12529534848783852,-0.12529534848783852
1790947494.207353,1790947496.207353,0,0,1,0,-0.12529534848783852,-0.12529534848783852
1790947495.207353,1790947497.207353,0,0,1,0,-0.12529534848783852,-0.12529534848783852
1790947496.207353,1790947498.207353,0,0,1,0,-0.12529534848783852,-0.12529534848783852
1790947497.207353,1790947499.207353,0,0,1,0,-0.12529534848783852,-0.12529534848783852
1790947498.207353,1790947500.207353,0,0,1,0,-0.12529534848783852,-0.12529534848783852
1790947499.207353,1790947501.207353,0,0,1,0,-0.12529534848783852,-0.12529534848783852
1790947500.207353,1790947502.207353,0,0,1,0,-0.12529534848783852,-0.12529534848783852
1790947501.207353,1790947503.207353,0,0,1,0,-0.12529534848783852,-0.12529534848783852
1790947502.207353,1790947504.207353,0,0,1,0,-0.12529534848783852,-0.12529534848783852
1790947503.207353,1790947505.207353,0,0,1,0,-0.12529534848783852,-0.12529534848783852
1790947504.207353,1790947506.207353,0,0,1,0,-0.12529534848783852,-0.12529534848783852
1790947505.207353,1790947507.207353,0,0,1,0,-0.12529534848783852,-0.12529534848783852
1790947506.207353,1790947508.207353,0,0,1,0,-0.12529534848783852,-0.12529534848783852
1790947507.207353,1790947509.207353,0,0,1,0,-0.12529534848783852,-0.12529534848783852
1790947508.207353,1790947510.207353,0,0,1,0,-0.12529534848783852,-0.12529534848783852
1790947509.207353,1790947511.207353,0,0,1,0,-0.12529534848783852,-0.12529534848783852
1790947510.207353,1790947512.207353,0,0,1,0,-0.12529534848783852,-0.12529534848783852
1790947511.207353,1790947513.207353,0,0,1,0,-0.12529534848783852,-0.12529534848783852
1790947512.207353,1790947514.207353,0,0,1,0,-0.12529534848783852,-0.12529534848783852
1790947513.207353,1790947515.207353,0,0,1,0,-0.12529534848783852,-0.12529534848783852
1790947514.207353,1790947516.207353,0,0,1,0,-0.12529534848783852,-0.12529534848783852
1790947515.207353,1790947517.207353,0,0,1,0,-0.12529534848783852,-0.12529534848783852
1790947516.207353,1790947518.207353,0,0,1,0,-0.12529534848783852,-0.12529534848783852
1790947517.207353,1790947519.207353,0,0,1,0,-0.12529534848783852,-0.12529534848783852
1790947518.207353,1790947520.207353,0,0,1,0,-0.12529534848783852,-0.12529534848783852
1790947519.207353,1790947521.207353,0,0,1,0,-0.12529534848783852,-0.12529534848783852
1790947520.207353,1790947522.207353,0,0,1,0,-0.12529534848783852,-0.12529534848783852
1790947521.207353,1790947523.207353,0,0,1,0,-0.12529534848783852,-0.12529534848783852
1790947522.207353,1790947524.207353,0,0,1,0,-0.12529534848783852,-0.12529534848783852
1790947523.207353,1790947525.207353,0,0,1,0,-0.12529534848783852,-0.12529534848783852
1790947524.207353,1790947526.207353,0,0,1,0,-0.12529534848783852,-0.12529534848783852
1790947525.207353,1790947527.207353,0,0,1,0,-0.12529534848783852,-0.12529534848783852
1790947526.207353,1790947528.207353,0,0,1,0,-0.12529534848783852,-0.12529534848783852
1790947527.207353,1790947529.207353,0,0,1,0,-0.12529534848783852,-0.12529534848783852
1790947528.207353,1790947530.207353,0,0,1,0,-0.12529534848783852,-0.12529534848783852
1790947529.207353,1790947531.207353,0,0,1,0,-0.12529534848783852,-0.12529534848783852
1790947530.207353,1790947532.207353,0,0,1,0,-0.12529534848783852,-0.12529534848783852
1790947531.207353,1790947533.207353,0,0,1,0,-0.12529534848783852,-0.12529534848783852
1790947532.207353,1790947534.207353,0,0,1,0,-0.12529534848783852,-0.12529534848783852
1790947533.207353,1790947535.207353,0,0,1,0,-0.12529534848783852,-0.12529534848783852
1790947534.207353,1790947536.207353,0,0,1,0,-0.12529534848783852,-0.12529534848783852
1790947535.207353,1790947537.207353,0,0,1,0,-0.12529534848783852,-0.12529534848783852
1790947536.207353,1790947538.207353,0,0,1,0,-0.12529534848783852,-0.12529534848783852
1790947537.207353,1790947539.207353,0,0,1,0,-0.12529534848783852,-0.12529534848783852
1790947538.207353,1790947540.207353,0,0,1,0,-0.12529534848783852,-0.12529534848783852
1790947539.207353,1790947541.207353,0,0,1,0,-0.12529534848783852,-0.12529534848783852
1790947540.207353,1790947542.207353,0,0,1,0,-0.12529534848783852,-0.12529534848783852
1790947541.207353,1790947543.207353,0,0,1,0,-0.12529534848783852,-0.12529534848783852
1790947542.207353,1790947544.207353,0,0,1,0,-0.12529534848783852,-0.12529534848783852
1790947543.207353,1790947545.207353,0,0,1,0,-0.12529534848783852,-0.12529534848783852
1790947544.207353,1790947546.207353,0,0,1,0,-0.12529534848783852,-0.12529534848783852
1790947545.207353,1790947547.207353,0,0,1,0,-0.12529534848783852,-0.12529534848783852
1790947546.207353,1790947548.207353,0,0,1,0,-0.12529534848783852,-0.12529534848783852
1790947547.207353,1790947549.207353,0,0,1,0,-0.12529534848783852,-0.12529534848783852
1790947548.207353,1790947550.207353,0,0,1,0,-0.12529534848783852,-0.12529534848783852
1790947549.207353,1790947551.207353,0,0,1,0,-0.12529534848783852,-0.12529534848783852
1790947550.207353,1790947552.207353,0,0,1,0,-0.12529534848783852,-0.12529534848783852
1790947551.207353,1790947553.207353,0,0,1,0,-0.12529534848783852,-0.12529534848783852
1790947552.207353,1790947554.207353,0,0,1,0,-0.12529534848783852,-0.12529534848783852
1790947553.207353,1790947555.207353,0,0,1,0,-0.12529534848783852,-0.12529534848783852
1790947554.207353,1790947556.207353,0,0,1,0,-0.12529534848783852,-0.12529534848783852
1790947555.207353,1790947557.207353,0,0,1,0,-0.12529534848783852,-0.12529534848783852
1790947556.207353,1790947558.207353,0,0,1,0,-0.12529534848783852,-0.12529534848783852
1790947557.207353,1790947559.207353,0,0,1,0,-0.12529534848783852,-0.12529534848783852
1790947558.207353,1790947560.207353,0,0,1,0,-0.12529534848783852,-0.12529534848783852
1790947559.207353,1790947561.207353,0,0,1,0,-0.12529534848783852,-0.12529534848783852
1790947560.207353,1790947562.207353,0,0,1,0,-0.12529534848783852,-0.12529534848783852
1790947561.207353,1790947563.207353,0,0,1,0,-0.12529534848783852,-0.12529534848783852
1790947562.207353,1790947564.207353,0,0,1,0,-0.12529534848783852,-0.12529534848783852
1790947563.207353,1790947565.207353,0,0,1,0,-0.12529534848783852,-0.12529534848783852
1790947564.207353,1790947566.207353,0,0,1,0,-0.12529534848783852,-0.12529534848783852
1790947565.207353,1790947567.207353,0,0,1,0,-0.12529534848783852,-0.12529534848783852
1790947566.207353,1790947568.207353,0,0,1,0,-0.12529534848783852,-0.12529534848783852
1790947567.207353,1790947569.207353,0,0,1,0,-0.12529534848783852,-0.12529534848783852
1790947568.207353,1790947570.207353,0,0,1,0,-0.12529534848783852,-0.12529534848783852
1790947569.207353,1790947571.207353,0,0,1,0,-0.12529534848783852,-0.12529534848783852
1790947570.207353,1790947572.207353,0,0,1,0,-0.12529534848783852,-0.12529534848783852
1790947571.207353,1790947573.207353,0,0,1,0,-0.12529534848783852,-0.12529534848783852
1790947572.207353,1790947574.207353,0,0,1,0,-0.12529534848783852,-0.12529534848783852
1790947573.207353,1790947575.207353,0,0,1,0,-0.12529534848783852,-0.12529534848783852
1790947574.207353,1790947576.207353,0,0,1,0,-0.12529534848783852,-0.12529534848783852
1790947575.207353,1790947577.207353,0,0,1,0,-0.12529534848783852,-0.12529534848783852
1790947576.207353,1790947578.207353,0,0,1,0,-0.12529534848783852,-0.12529534848783852
1790947577.207353,1790947579.207353,0,0,1,0,-0.12529534848783852,-0.12529534848783852
1790947578.207353,1790947580.207353,0,0,1,0,-0.12529534848783852,-0.12529534848783852
1790947579.207353,1790947581.207353,0,0,1,0,-0.12529534848783852,-0.12529534848783852
1790947580.207353,1790947582.207353,0,0,1,0,-0.12529534848783852,-0.12529534848783852
1790947581.207353,1790947583.207353,0,0,1,0,-0.12529534848783852,-0.12529534848783852
1790947582.207353,1790947584.207353,0,0,1,0,-0.12529534848783852,-0.12529534848783852
1790947583.207353,1790947585.207353,0,0,1,0,-0.12529534848783852,-0.12529534848783852
1790947584.207353,1790947586.207353,0,0,1,0,-0.12529534848783852,-0.12529534848783852
1790947585.207353,1790947587.207353,0,0,1,0,-0.12529534848783852,-0.12529534848783852
1790947586.207353,1790947588.207353,0,0,1,0,-0.12529534848783852,-0.12529534848783852
1790947587.207353,1790947589.207353,0,0,1,0,-0.12529534848783852,-0.12529534848783852
1790947588.207353,1790947590.207353,0,0,1,0,-0.12529534848783852,-0.12529534848783852
1790947589.207353,1790947591.207353,0,0,1,0,-0.12529534848783852,-0.12529534848783852
1790947590.207353,1790947592.207353,0,0,1,0,-0.12529534848783852,-0.12529534848783852
1790947591.207353,1790947593.207353,0,0,1,0,-0.12529534848783852,-0.12529534848783852
1790947592.207353,1790947594.207353,0,0,1,0,-0.12529534848783852,-0.12529534848783852
1790947593.207353,1790947595.207353,0,0,1,0,-0.12529534848783852,-0.12529534848783852
1790947594.207353,1790947596.207353,0,0,1,0,-0.12529534848783852,-0.12529534848783852
1790947595.207353,1790947597.207353,0,0,1,0,-0.12529534848783852,-0.12529534848783852
1790947596.207353,1790947598.207353,0,0,1,0,-0.12529534848783852,-0.12529534848783852
1790947597.207353,1790947599.207353,0,0,1,0,-0.12529534848783852,-0.12529534848783852
1790947598.207353,1790947600.207353,0,0,1,0,-0.12529534848783852,-0.12529534848783852
1790947599.207353,1790947601.207353,0,0,1,0,-0.12529534848783852,-0.12529534848783852
1790947600.207353,1790947602.207353,0,0,1,0,-0.12529534848783852,-0.12529534848783852
1790947601.207353,1790947603.207353,0,0,1,0,-0.12529534848783852,-0.12529534848783852
1790947602.207353,1790947604.207353,0,0,1,0,-0.12529534848783852,-0.12529534848783852
1790947603.207353,1790947605.207353,0,0,1,0,-0.12529534848783852,-0.12529534848783852
1790947604.207353,1790947606.207353,0,0,1,0,-0.12529534848783852,-0.12529534848783852
1790947605.207353,1790947607.207353,0,0,1,0,-0.12529534848783852,-0.12529534848783852
1790947606.207353,1790947608.207353,0,0,1,0,-0.12529534848783852,-0.12529534848783852
1790947607.207353,1790947609.207353,0,0,1,0,-0.12529534848783852,-0.12529534848783852
1790947608.207353,1790947610.207353,0,0,1,0,-0.12529534848783852,-0.12529534848783852
1790947609.207353,1790947611.207353,0,0,1,0,-0.12529534848783852,-0.12529534848783852
1790947610.207353,1790947612.207353,0,0,1,0,-0.12529534848783852,-0.12529534848783852
1790947611.207353,1790947613.207353,0,0,1,0,-0.12529534848783852,-0.12529534848783852
1790947612.207353,1790947614.207353,0,0,1,0,-0.12529534848783852,-0.12529534848783852
1790947613.207353,1790947615.207353,0,0,1,0,-0.12529534848783852,-0.12529534848783852
1790947614.207353,1790947616.207353,0,0,1,0,-0.12529534848783852,-0.12529534848783852
1790947615.207353,1790947617.207353,0,0,1,0,-0.12529534848783852,-0.12529534848783852
1790947616.207353,1790947618.207353,0,0,1,0,-0.12529534848783852,-0.12529534848783852
1790947617.207353,1790947619.207353,0,0,1,0,-0.12529534848783852,-0.12529534848783852
1790947618.207353,1790947620.207353,0,0,1,0,-0.12529534848783852,-0.12529534848783852
1790947619.207353,1790947621.207353,0,0,1,0,-0.12529534848783852,-0.12529534848783852
1790947620.207353,1790947622.207353,0,0,1,0,-0.12529534848783852,-0.12529534848783852
1790947621.207353,1790947623.207353,0,0,1,0,-0.12529534848783852,-0.12529534848783852
1790947622.207353,1790947624.207353,0,0,1,0,-0.12529534848783852,-0.12529534848783852
1790947623.207353,1790947625.207353,0,0,1,0,-0.12529534848783852,-0.12529534848783852
1790947624.207353,1790947626.207353,0,0,1,0,-0.12529534848783852,-0.12529534848783852
1790947625.207353,1790947627.207353,0,0,1,0,-0.12529534848783852,-0.12529534848783852
1790947626.207353,1790947628.207353,0,0,1,0,-0.12529534848783852,-0.12529534848783852
1790947627.207353,1790947629.207353,0,0,1,0,-0.12529534848783852,-0.12529534848783852
1790947628.207353,1790947630.207353,0,0,1,0,-0.12529534848783852,-0.12529534848783852
1790947629.207353,1790947631.207353,0,0,1,0,-0.12529534848783852,-0.12529534848783852
1790947630.207353,1790947632.207353,0,0,1,0,-0.12529534848783852,-0.12529534848783852
1790947631.207353,1790947633.207353,0,0,1,0,-0.12529534848783852,-0.12529534848783852
1790947632.207353,1790947634.207353,0,0,1,0,-0.12529534848783852,-0.12529534848783852
1790947633.207353,1790947635.207353,0,0,1,0,-0.12529534848783852,-0.12529534848783852
1790947634.207353,1790947636.207353,0,0,1,0,-0.12529534848783852,-0.12529534848783852
1790947635.207353,1790947637.207353,0,0,1,0,-0.12529534848783852,-0.12529534848783852
1790947636.207353,1790947638.207353,0,0,1,0,-0.12529534848783852,-0.12529534848783852
1790947637.207353,1790947639.207353,0,0,1,0,-0.12529534848783852,-0.12529534848783852
1790947638.207353,1790947640.207353,0,0,1,0,-0.12529534848783852,-0.12529534848783852
1790947639.207353,1790947641.207353,0,0,1,0,-0.12529534848783852,-0.12529534848783852
1790947640.207353,1790947642.207353,0,0,1,0,-0.12529534848783852,-0.12529534848783852
1790947641.207353,1790947643.207353,0,0,1,0,-0.12529534848783852,-0.12529534848783852
1790947642.207353,1790947644.207353,0,0,1,0,-0.12529534848783852,-0.12529534848783852
1790947643.207353,1790947645.207353,0,0,1,0,-0.12529534848783852,-0.12529534848783852
1790947644.207353,1790947646.207353,0,0,1,0,-0.12529534848783852,-0.12529534848783852
1790947645.207353,1790947647.207353,0,0,1,0,-0.12529534848783852,-0.12529534848783852
1790947646.207353,1790947648.207353,0,0,1,0,-0.12529534848783852,-0.12529534848783852
1790947647.207353,1790947649.207353,0,0,1,0,-0.12529534848783852,-0.12529534848783852
1790947648.207353,1790947650.207353,0,0,1,0,-0.12529534848783852,-0.12529534848783852
1790947649.207353,1790947651.207353,0,0,1,0,-0.12529534848783852,-0.12529534848783852
1790947650.207353,1790947652.207353,0,0,1,0,-0.12529534848783852,-0.12529534848783852
1790947651.207353,1790947653.207353,0,0,1,0,-0.12529534848783852,-0.12529534848783852
1790947652.207353,1790947654.207353,0,0,1,0,-0.12529534848783852,-0.12529534848783852
1790947653.207353,1790947655.207353,0,0,1,0,-0.12529534848783852,-0.12529534848783852
1790947654.207353,1790947656.207353,0,0,1,0,-0.12529534848783852,-0.12529534848783852
1790947655.207353,1790947657.207353,0,0,1,0,-0.12529534848783852,-0.12529534848783852
1790947656.207353,1790947658.207353,0,0,1,0,-0.12529534848783852,-0.12529534848783852
1790947657.207353,1790947659.207353,0,0,1,0,-0.12529534848783852,-0.12529534848783852
1790947658.207353,1790947660.207353,0,0,1,0,-0.12529534848783852,-0.12529534848783852
1790947659.207353,1790947661.207353,0,0,1,0,-0.12529534848783852,-0.12529534848783852
1790947660.207353,1790947662.207353,0,0,1,0,-0.12529534848783852,-0.12529534848783852
1790947661.207353,1790947663.207353,0,0,1,0,-0.12529534848783852,-0.12529534848783852
1790947662.207353,1790947664.207353,0,0,1,0,-0.12529534848783852,-0.12529534848783852
1790947663.207353,1790947665.207353,0,0,1,0,-0.12529534848783852,-0.12529534848783852
1790947664.207353,1790947666.207353,0,0,1,0,-0.12529534848783852,-0.12529534848783852
1790947665.207353,1790947667.207353,0,0,1,0,-0.12529534848783852,-0.12529534848783852
1790947666.207353,1790947668.207353,0,0,1,0,-0.12529534848783852,-0.12529534848783852
1790947667.207353,1790947669.207353,0,0,1,0,-0.12529534848783852,-0.12529534848783852
1790947668.207353,1790947670.207353,0,0,1,0,-0.12529534848783852,-0.12529534848783852
1790947669.207353,1790947671.207353,0,0,1,0,-0.12529534848783852,-0.12529534848783852
1790947670.207353,1790947672.207353,0,0,1,0,-0.12529534848783852,-0.12529534848783852
1790947671.207353,1790947673.207353,0,0,1,0,-0.12529534848783852,-0.12529534848783852
1790947672.207353,1790947674.207353,0,0,1,0,-0.12529534848783852,-0.12529534848783852
1790947673.207353,1790947675.207353,0,0,1,0,-0.12529534848783852,-0.12529534848783852
1790947674.207353,1790947676.207353,0,0,1,0,-0.12529534848783852,-0.12529534848783852
1790947675.207353,1790947677.207353,0,0,1,0,-0.12529534848783852,-0.12529534848783852
1790947676.207353,1790947678.207353,0,0,1,0,-0.12529534848783852,-0.12529534848783852
1790947677.207353,1790947679.207353,0,0,1,0,-0.12529534848783852,-0.12529534848783852
1790947678.207353,1790947680.207353,0,0,1,0,-0.12529534848783852,-0.12529534848783852
1790947679.207353,1790947681.207353,0,0,1,0,-0.12529534848783852,-0.12529534848783852
1790947680.207353,1790947682.207353,0,0,1,0,-0.12529534848783852,-0.12529534848783852
1790947681.207353,1790947683.207353,0,0,1,0,-0.12529534848783852,-0.12529534848783852
1790947682.207353,1790947684.207353,0,0,1,0,-0.12529534848783852,-0.12529534848783852
1790947683.207353,1790947685.207353,0,0,1,0,-0.12529534848783852,-0.12529534848783852
1790947684.207353,1790947686.207353,0,0,1,0,-0.12529534848783852,-0.12529534848783852
1790947685.207353,1790947687.207353,0,0,1,0,-0.12529534848783852,-0.12529534848783852
1790947686.207353,1790947688.207353,0,0,1,0,-0.12529534848783852,-0.12529534848783852
1790947687.207353,1790947689.207353,0,0,1,0,-0.12529534848783852,-0.12529534848783852
1790947688.207353,1790947690.207353,0,0,1,0,-0.12529534848783852,-0.12529534848783852
1790947689.207353,1790947691.207353,0,0,1,0,-0.12529534848783852,-0.12529534848783852
1790947690.207353,1790947692.207353,0,0,1,0,-0.12529534848783852,-0.12529534848783852
1790947691.207353,1790947693.207353,0,0,1,0,-0.12529534848783852,-0.12529534848783852
1790947692.207353,1790947694.207353,0,0,1,0,-0.12529534848783852,-0.12529534848783852
1790947693.207353,1790947695.207353,0,0,1,0,-0.12529534848783852,-0.12529534848783852
1790947694.207353,1790947696.207353,0,0,1,0,-0.12529534848783852,-0.12529534848783852
1790947695.207353,1790947697.207353,0,0,1,0,-0.12529534848783852,-0.12529534848783852
1790947696.207353,1790947698.207353,0,0,1,0,-0.12529534848783852,-0.12529534848783852
1790947697.207353,1790947699.207353,0,0,1,0,-0.12529534848783852,-0.12529534848783852
1790947698.207353,1790947700.207353,0,0,1,0,-0.12529534848783852,-0.12529534848783852
1790947699.207353,1790947701.207353,0,0,1,0,-0.12529534848783852,-0.12529534848783852
1790947700.207353,1790947702.207353,0,0,1,0,-0.12529534848783852,-0.12529534848783852
1790947701.207353,1790947703.207353,0,0,1,0,-0.12529534848783852,-0.12529534848783852
1790947702.207353,1790947704.207353,0,0,1,0,-0.12529534848783852,-0.12529534848783852
1790947703.207353,1790947705.207353,0,0,1,0,-0.12529534848783852,-0.12529534848783852
1790947704.207353,1790947706.207353,0,0,1,0,-0.12529534848783852,-0.12529534848783852
1790947705.207353,1790947707.207353,0,0,1,0,-0.12529534848783852,-0.12529534848783852
1790947706.207353,1790947708.207353,0,0,1,0,-0.12529534848783852,-0.12529534848783852
1790947707.207353,1790947709.207353,0,0,1,0,-0.12529534848783852,-0.12529534848783852
1790947708.207353,1790947710.207353,0,0,1,0,-0.12529534848783852,-0.12529534848783852
1790947709.207353,1790947711.207353,0,0,1,0,-0.12529534848783852,-0.12529534848783852
1790947710.207353,1790947712.207353,0,0,1,0,-0.12529534848783852,-0.12529534848783852
1790947711.207353,1790947713.207353,0,0,1,0,-0.12529534848783852,-0.12529534848783852
1790947712.207353,1790947714.207353,0,0,1,0,-0.12529534848783852,-0.12529534848783852
1790947713.207353,1790947715.207353,0,0,1,0,-0.12529534848783852,-0.12529534848783852
1790947714.207353,1790947716.207353,0,0,1,0,-0.12529534848783852,-0.12529534848783852
1790947715.207353,1790947717.207353,0,0,1,0,-0.12529534848783852,-0.12529534848783852
1790947716.207353,1790947718.207353,0,0,1,0,-0.12529534848783852,-0.12529534848783852
1790947717.207353,1790947719.207353,0,0,1,0,-0.12529534848783852,-0.12529534848783852
1790947718.207353,1790947720.207353,0,0,1,0,-0.12529534848783852,-0.12529534848783852
1790947719.207353,1790947721.207353,0,0,1,0,-0.12529534848783852,-0.12529534848783852
1790947720.207353,1790947722.207353,0,0,1,0,-0.12529534848783852,-0.12529534848783852
1790947721.207353,1790947723.207353,0,0,1,0,-0.12529534848783852,-0.12529534848783852
1790947722.207353,1790947724.207353,0,0,1,0,-0.12529534848783852,-0.12529534848783852
1790947723.207353,1790947725.207353,0,0,1,0,-0.12529534848783852,-0.12529534848783852
1790947724.207353,1790947726.207353,0,0,1,0,-0.12529534848783852,-0.12529534848783852
1790947725.207353,1790947727.207353,0,0,1,0,-0.12529534848783852,-0.12529534848783852
1790947726.207353,1790947728.207353,0,0,1,0,-0.12529534848783852,-0.12529534848783852
1790947727.207353,1790947729.207353,0,0,1,0,-0.12529534848783852,-0.12529534848783852
1790947728.207353,1790947730.207353,0,0,1,0,-0.12529534848783852,-0.12529534848783852
1790947729.207353,1790947731.207353,0,0,1,0,-0.12529534848783852,-0.12529534848783852
1790947730.207353,1790947732.207353,0,0,1,0,-0.12529534848783852,-0.12529534848783852
1790947731.207353,1790947733.207353,0,0,1,0,-0.12529534848783852,-0.12529534848783852
1790947732.207353,1790947734.207353,0,0,1,0,-0.12529534848783852,-0.12529534848783852
1790947733.207353,1790947735.207353,0,0,1,0,-0.12529534848783852,-0.12529534848783852
1790947734.207353,1790947736.207353,0,0,1,0,-0.12529534848783852,-0.12529534848783852
1790947735.207353,1790947737.207353,0,0,1,0,-0.12529534848783852,-0.12529534848783852
1790947736.207353,1790947738.207353,0,0,1,0,-0.12529534848783852,-0.12529534848783852
1790947737.207353,1790947739.207353,0,0,1,0,-0.12529534848783852,-0.12529534848783852
1790947738.207353,1790947740.207353,0,0,1,0,-0.12529534848783852,-0.12529534848783852
1790947739.207353,1790947741.207353,0,0,1,0,-0.12529534848783852,-0.12529534848783852
1790947740.207353,1790947742.207353,0,0,1,0,-0.12529534848783852,-0.12529534848783852
1790947741.207353,1790947743.207353,0,0,1,0,-0.12529534848783852,-0.12529534848783852
1790947742.207353,1790947744.207353,0,0,1,0,-0.12529534848783852,-0.12529534848783852
1790947743.207353,1790947745.207353,0,0,1,0,-0.12529534848783852,-0.12529534848783852
1790947744.207353,1790947746.207353,0,0,1,0,-0.12529534848783852,-0.12529534848783852
1790947745.207353,1790947747.207353,0,0,1,0,-0.12529534848783852,-0.12529534848783852
1790947746.207353,1790947748.207353,0,0,1,0,-0.12529534848783852,-0.12529534848783852
1790947747.207353,1790947749.207353,0,0,1,0,-0.12529534848783852,-0.12529534848783852
1790947748.207353,1790947750.207353,0,0,1,0,-0.12529534848783852,-0.12529534848783852
1790947749.207353,1790947751.207353,0,0,1,0,-0.12529534848783852,-0.12529534848783852
1790947750.207353,1790947752.207353,0,0,1,0,-0.12529534848783852,-0.12529534848783852
1790947751.207353,1790947753.207353,0,0,1,0,-0.12529534848783852,-0.12529534848783852
1790947752.207353,1790947754.207353,0,0,1,0,-0.12529534848783852,-0.12529534848783852
1790947753.207353,1790947755.207353,0,0,1,0,-0.12529534848783852,-0.12529534848783852
1790947754.207353,1790947756.207353,0,0,1,0,-0.12529534848783852,-0.12529534848783852
1790947755.207353,1790947757.207353,0,0,1,0,-0.12529534848783852,-0.12529534848783852
1790947756.207353,1790947758.207353,0,0,1,0,-0.12529534848783852,-0.12529534848783852
1790947757.207353,1790947759.207353,0,0,1,0,-0.12529534848783852,-0.12529534848783852
1790947758.207353,1790947760.207353,0,0,1,0,-0.12529534848783852,-0.12529534848783852
1790947759.207353,1790947761.207353,0,0,1,0,-0.12529534848783852,-0.12529534848783852
1790947760.207353,1790947762.207353,0,0,1,0,-0.12529534848783852,-0.12529534848783852
1790947761.207353,1790947763.207353,0,0,1,0,-0.12529534848783852,-0.12529534848783852
1790947762.207353,1790947764.207353,0,0,1,0,-0.12529534848783852,-0.12529534848783852
1790947763.207353,1790947765.207353,0,0,1,0,-0.12529534848783852,-0.12529534848783852
1790947764.207353,1790947766.207353,0,0,1,0,-0.12529534848783852,-0.12529534848783852
1790947765.207353,1790947767.207353,0,0,1,0,-0.12529534848783852,-0.12529534848783852
1790947766.207353,1790947768.207353,0,0,1,0,-0.12529534848783852,-0.12529534848783852
1790947767.207353,1790947769.207353,0,0,1,0,-0.12529534848783852,-0.12529534848783852
1790947768.207353,1790947770.207353,0,0,1,0,-0.12529534848783852,-0.12529534848783852
1790947769.207353,1790947771.207353,0,0,1,0,-0.12529534848783852,-0.12529534848783852
1790947770.207353,1790947772.207353,0,0,1,0,-0.12529534848783852,-0.12529534848783852
1790947771.207353,1790947773.207353,0,0,1,0,-0.12529534848783852,-0.12529534848783852
1790947772.207353,1790947774.207353,0,0,1,0,-0.12529534848783852,-0.12529534848783852
1790947773.207353,1790947775.207353,0,0,1,0,-0.12529534848783852,-0.12529534848783852
1790947774.207353,1790947776.207353,0,0,1,0,-0.12529534848783852,-0.12529534848783852
1790947775.207353,1790947777.207353,0,0,1,0,-0.12529534848783852,-0.12529534848783852
1790947776.207353,1790947778.207353,0,0,1,0,-0.12529534848783852,-0.12529534848783852
1790947777.207353,1790947779.207353,0,0,1,0,-0.12529534848783852,-0.12529534848783852
1790947778.207353,1790947780.207353,0,0,1,0,-0.12529534848783852,-0.12529534848783852
1790947779.207353,1790947781.207353,0,0,1,0,-0.12529534848783852,-0.12529534848783852
1790947780.207353,1790947782.207353,0,0,1,0,-0.12529534848783852,-0.12529534848783852
1790947781.207353,1790947783.207353,0,0,1,0,-0.12529534848783852,-0.12529534848783852
1790947782.207353,1790947784.207353,0,0,1,0,-0.12529534848783852,-0.12529534848783852
1790947783.207353,1790947785.207353,0,0,1,0,-0.12529534848783852,-0.12529534848783852
1790947784.207353,1790947786.207353,0,0,1,0,-0.12529534848783852,-0.12529534848783852
1790947785.207353,1790947787.207353,0,0,1,0,-0.12529534848783852,-0.12529534848783852
1790947786.207353,1790947788.207353,0,0,1,0,-0.12529534848783852,-0.12529534848783852
1790947787.207353,1790947789.207353,0,0,1,0,-0.12529534848783852,-0.12529534848783852
1790947788.207353,1790947790.207353,0,0,1,0,-0.12529534848783852,-0.12529534848783852
1790947789.207353,1790947791.207353,0,0,1,0,-0.12529534848783852,-0.12529534848783852
1790947790.207353,1790947792.207353,0,0,1,0,-0.12529534848783852,-0.12529534848783852
1790947791.207353,1790947793.207353,0,0,1,0,-0.12529534848783852,-0.12529534848783852
1790947792.207353,1790947794.207353,0,0,1,0,-0.12529534848783852,-0.12529534848783852
1790947793.207353,1790947795.207353,0,0,1,0,-0.12529534848783852,-0.12529534848783852
1790947794.207353,1790947796.207353,0,0,1,0,-0.12529534848783852,-0.12529534848783852
1790947795.207353,1790947797.207353,0,0,1,0,-0.12529534848783852,-0.12529534848783852
1790947796.207353,1790947798.207353,0,0,1,0,-0.12529534848783852,-0.12529534848783852
1790947797.207353,1790947799.207353,0,0,1,0,-0.12529534848783852,-0.12529534848783852
1790947798.207353,1790947800.207353,0,0,1,0,-0.12529534848783852,-0.12529534848783852
1790947799.207353,1790947801.207353,0,0,1,0,-0.12529534848783852,-0.12529534848783852
1790947800.207353,1790947802.207353,0,0,1,0,-0.12529534848783852,-0.12529534848783852
1790947801.207353,1790947803.207353,0,0,1,0,-0.12529534848783852,-0.12529534848783852
1790947802.207353,1790947804.207353,0,0,1,0,-0.12529534848783852,-0.12529534848783852
1790947803.207353,1790947805.207353,0,0,1,0,-0.12529534848783852,-0.12529534848783852
1790947804.207353,1790947806.207353,0,0,1,0,-0.12529534848783852,-0.12529534848783852
1790947805.207353,1790947807.207353,0,0,1,0,-0.12529534848783852,-0.12529534848783852
1790947806.207353,1790947808.207353,0,0,1,0,-0.12529534848783852,-0.12529534848783852
1790947807.207353,1790947809.207353,0,0,1,0,-0.12529534848783852,-0.12529534848783852
1790947808.207353,1790947810.207353,0,0,1,0,-0.12529534848783852,-0.12529534848783852
1790947809.207353,1790947811.207353,0,0,1,0,-0.12529534848783852,-0.12529534848783852
1790947810.207353,1790947812.207353,0,0,1,0,-0.12529534848783852,-0.12529534848783852
1790947811.207353,1790947813.207353,0,0,1,0,-0.12529534848783852,-0.12529534848783852
1790947812.207353,1790947814.207353,0,0,1,0,-0.12529534848783852,-0.12529534848783852
1790947813.207353,1790947815.207353,0,0,1,0,-0.12529534848783852,-0.12529534848783852
1790947814.207353,1790947816.207353,0,0,1,0,-0.12529534848783852,-0.12529534848783852
1790947815.207353,1790947817.207353,0,0,1,0,-0.12529534848783852,-0.12529534848783852
1790947816.207353,1790947818.207353,0,0,1,0,-0.12529534848783852,-0.12529534848783852
1790947817.207353,1790947819.207353,0,0,1,0,-0.12529534848783852,-0.12529534848783852
1790947818.207353,1790947820.207353,0,0,1,0,-0.12529534848783852,-0.12529534848783852
1790947819.207353,1790947821.207353,0,0,1,0,-0.12529534848783852,-0.12529534848783852
1790947820.207353,1790947822.207353,0,0,1,0,-0.12529534848783852,-0.12529534848783852
1790947821.207353,1790947823.207353,0,0,1,0,-0.12529534848783852,-0.12529534848783852
1790947822.207353,1790947824.207353,0,0,1,0,-0.12529534848783852,-0.12529534848783852
1790947823.207353,1790947825.207353,0,0,1,0,-0.12529534848783852,-0.12529534848783852
1790947824.207353,1790947826.207353,0,0,1,0,-0.12529534848783852,-0.12529534848783852
1790947825.207353,1790947827.207353,0,0,1,0,-0.12529534848783852,-0.12529534848783852
1790947826.207353,1790947828.207353,0,0,1,0,-0.12529534848783852,-0.12529534848783852
1790947827.207353,1790947829.207353,0,0,1,0,-0.12529534848783852,-0.12529534848783852
1790947828.207353,1790947830.207353,0,0,1,0,-0.12529534848783852,-0.12529534848783852
1790947829.207353,1790947831.207353,0,0,1,0,-0.12529534848783852,-0.12529534848783852
1790947830.207353,1790947832.207353,0,0,1,0,-0.12529534848783852,-0.12529534848783852
1790947831.207353,1790947833.207353,0,0,1,0,-0.12529534848783852,-0.12529534848783852
1790947832.207353,1790947834.207353,0,0,1,0,-0.12529534848783852,-0.12529534848783852
1790947833.207353,1790947835.207353,0,0,1,0,-0.12529534848783852,-0.12529534848783852
1790947834.207353,1790947836.207353,0,0,1,0,-0.12529534848783852,-0.12529534848783852
1790947835.207353,1790947837.207353,0,0,1,0,-0.12529534848783852,-0.12529534848783852
1790947836.207353,1790947838.207353,0,0,1,0,-0.12529534848783852,-0.12529534848783852
1790947837.207353,1790947839.207353,0,0,1,0,-0.12529534848783852,-0.12529534848783852
1790947838.207353,1790947840.207353,0,0,1,0,-0.12529534848783852,-0.12529534848783852
1790947839.207353,1790947841.207353,0,0,1,0,-0.12529534848783852,-0.12529534848783852
1790947840.207353,1790947842.207353,0,0,1,0,-0.12529534848783852,-0.12529534848783852
1790947841.207353,1790947843.207353,0,0,1,0,-0.12529534848783852,-0.12529534848783852
1790947842.207353,1790947844.207353,0,0,1,0,-0.12529534848783852,-0.12529534848783852
1790947843.207353,1790947845.207353,0,0,1,0,-0.12529534848783852,-0.12529534848783852
1790947844.207353,1790947846.207353,0,0,1,0,-0.12529534848783852,-0.12529534848783852
1790947845.207353,1790947847.207353,0,0,1,0,-0.12529534848783852,-0.12529534848783852
1790947846.207353,1790947848.207353,0,0,1,0,-0.12529534848783852,-0.12529534848783852
1790947847.207353,1790947849.207353,0,0,1,0,-0.12529534848783852,-0.12529534848783852
1790947848.207353,1790947850.207353,0,0,1,0,-0.12529534848783852,-0.12529534848783852
1790947849.207353,1790947851.207353,0,0,1,0,-0.12529534848783852,-0.12529534848783852
1790947850.207353,1790947852.207353,0,0,1,0,-0.12529534848783852,-0.12529534848783852
1790947851.207353,1790947853.207353,0,0,1,0,-0.12529534848783852,-0.12529534848783852
1790947852.207353,1790947854.207353,0,0,1,0,-0.12529534848783852,-0.12529534848783852
1790947853.207353,1790947855.207353,0,0,1,0,-0.12529534848783852,-0.12529534848783852
1790947854.207353,1790947856.207353,0,0,1,0,-0.12529534848783852,-0.12529534848783852
1790947855.207353,1790947857.207353,0,0,1,0,-0.12529534848783852,-0.12529534848783852
1790947856.207353,1790947858.207353,0,0,1,0,-0.12529534848783852,-0.12529534848783852
1790947857.207353,1790947859.207353,0,0,1,0,-0.12529534848783852,-0.12529534848783852
1790947858.207353,1790947860.207353,0,0,1,0,-0.12529534848783852,-0.12529534848783852
1790947859.207353,1790947861.207353,0,0,1,0,-0.12529534848783852,-0.12529534848783852
1790947860.207353,1790947862.207353,0,0,1,0,-0.12529534848783852,-0.12529534848783852
1790947861.207353,1790947863.207353,0,0,1,0,-0.12529534848783852,-0.12529534848783852
1790947862.207353,1790947864.207353,0,0,1,0,-0.12529534848783852,-0.12529534848783852
1790947863.207353,1790947865.207353,0,0,1,0,-0.12529534848783852,-0.12529534848783852
1790947864.207353,1790947866.207353,0,0,1,0,-0.12529534848783852,-0.12529534848783852
1790947865.207353,1790947867.207353,0,0,1,0,-0.12529534848783852,-0.12529534848783852
1790947866.207353,1790947868.207353,0,0,1,0,-0.12529534848783852,-0.12529534848783852
1790947867.207353,1790947869.207353,0,0,1,0,-0.12529534848783852,-0.12529534848783852
1790947868.207353,1790947870.207353,0,0,1,0,-0.12529534848783852,-0.12529534848783852
1790947869.207353,1790947871.207353,0,0,1,0,-0.12529534848783852,-0.12529534848783852
1790947870.207353,1790947872.207353,0,0,1,0,-0.12529534848783852,-0.12529534848783852
1790947871.207353,1790947873.207353,0,0,1,0,-0.12529534848783852,-0.12529534848783852
1790947872.207353,1790947874.207353,0,0,1,0,-0.12529534848783852,-0.12529534848783852
1790947873.207353,1790947875.207353,0,0,1,0,-0.12529534848783852,-0.12529534848783852
1790947874.207353,1790947876.207353,0,0,1,0,-0.12529534848783852,-0.12529534848783852
1790947875.207353,1790947877.207353,0,0,1,0,-0.12529534848783852,-0.12529534848783852
1790947876.207353,1790947878.207353,0,0,1,0,-0.12529534848783852,-0.12529534848783852
1790947877.207353,1790947879.207353,0,0,1,0,-0.12529534848783852,-0.12529534848783852
1790947878.207353,1790947880.207353,0,0,1,0,-0.12529534848783852,-0.12529534848783852
1790947879.207353,1790947881.207353,0,0,1,0,-0.12529534848783852,-0.12529534848783852
1790947880.207353,1790947882.207353,0,0,1,0,-0.12529534848783852,-0.12529534848783852
1790947881.207353,1790947883.207353,0,0,1,0,-0.12529534848783852,-0.12529534848783852
1790947882.207353,1790947884.207353,0,0,1,0,-0.12529534848783852,-0.12529534848783852
1790947883.207353,1790947885.207353,0,0,1,0,-0.12529534848783852,-0.12529534848783852
1790947884.207353,1790947886.207353,0,0,1,0,-0.12529534848783852,-0.12529534848783852
1790947885.207353,1790947887.207353,0,0,1,0,-0.12529534848783852,-0.12529534848783852
1790947886.207353,1790947888.207353,0,0,1,0,-0.12529534848783852,-0.12529534848783852
1790947887.207353,1790947889.207353,0,0,1,0,-0.12529534848783852,-0.12529534848783852
1790947888.207353,1790947890.207353,0,0,1,0,-0.12529534848783852,-0.12529534848783852
1790947889.207353,1790947891.207353,0,0,1,0,-0.12529534848783852,-0.12529534848783852
1790947890.207353,1790947892.207353,0,0,1,0,-0.12529534848783852,-0.12529534848783852
1790947891.207353,1790947893.207353,0,0,1,0,-0.12529534848783852,-0.12529534848783852
1790947892.207353,1790947894.207353,0,0,1,0,-0.12529534848783852,-0.12529534848783852
1790947893.207353,1790947895.207353,0,0,1,0,-0.12529534848783852,-0.12529534848783852
1790947894.207353,1790947896.207353,0,0,1,0,-0.12529534848783852,-0.12529534848783852
1790947895.207353,1790947897.207353,0,0,1,0,-0.12529534848783852,-0.12529534848783852
1790947896.207353,1790947898.207353,0,0,1,0,-0.12529534848783852,-0.12529534848783852
1790947897.207353,1790947899.207353,0,0,1,0,-0.12529534848783852,-0.12529534848783852
1790947898.207353,1790947900.207353,0,0,1,0,-0.12529534848783852,-0.12529534848783852
1790947899.207353,1790947901.207353,0,0,1,0,-0.12529534848783852,-0.12529534848783852
1790947900.207353,1790947902.207353,0,0,1,0,-0.12529534848783852,-0.12529534848783852
1790947901.207353,1790947903.207353,0,0,1,0,-0.12529534848783852,-0.12529534848783852
1790947902.207353,1790947904.207353,0,0,1,0,-0.12529534848783852,-0.12529534848783852
1790947903.207353,1790947905.207353,0,0,1,0,-0.12529534848783852,-0.12529534848783852
1790947904.207353,1790947906.207353,0,0,1,0,-0.12529534848783852,-0.12529534848783852
1790947905.207353,1790947907.207353,0,0,1,0,-0.12529534848783852,-0.12529534848783852
1790947906.207353,1790947908.207353,0,0,1,0,-0.12529534848783852,-0.12529534848783852
1790947907.207353,1790947909.207353,0,0,1,0,-0.12529534848783852,-0.12529534848783852
1790947908.207353,1790947910.207353,0,0,1,0,-0.12529534848783852,-0.12529534848783852
1790947909.207353,1790947911.207353,0,0,1,0,-0.12529534848783852,-0.12529534848783852
1790947910.207353,1790947912.207353,0,0,1,0,-0.12529534848783852,-0.12529534848783852
1790947911.207353,1790947913.207353,0,0,1,0,-0.12529534848783852,-0.12529534848783852
1790947912.207353,1790947914.207353,0,0,1,0,-0.12529534848783852,-0.12529534848783852
1790947913.207353,1790947915.207353,0,0,1,0,-0.12529534848783852,-0.12529534848783852
1790947914.207353,1790947916.207353,0,0,1,0,-0.12529534848783852,-0.12529534848783852
1790947915.207353,1790947917.207353,0,0,1,0,-0.12529534848783852,-0.12529534848783852
1790947916.207353,1790947918.207353,0,0,1,0,-0.12529534848783852,-0.12529534848783852
1790947917.207353,1790947919.207353,0,0,1,0,-0.12529534848783852,-0.12529534848783852
1790947918.207353,1790947920.207353,0,0,1,0,-0.12529534848783852,-0.12529534848783852
1790947919.207353,1790947921.207353,0,0,1,0,-0.12529534848783852,-0.12529534848783852
1790947920.207353,1790947922.207353,0,0,1,0,-0.12529534848783852,-0.12529534848783852
1790947921.207353,1790947923.207353,0,0,1,0,-0.12529534848783852,-0.12529534848783852
1790947922.207353,1790947924.207353,0,0,1,0,-0.12529534848783852,-0.12529534848783852
1790947923.207353,1790947925.207353,0,0,1,0,-0.12529534848783852,-0.12529534848783852
1790947924.207353,1790947926.207353,0,0,1,0,-0.12529534848783852,-0.12529534848783852
1790947925.207353,1790947927.207353,0,0,1,0,-0.12529534848783852,-0.12529534848783852
1790947926.207353,1790947928.207353,0,0,1,0,-0.12529534848783852,-0.12529534848783852
1790947927.207353,1790947929.207353,0,0,1,0,-0.12529534848783852,-0.12529534848783852
1790947928.207353,1790947930.207353,0,0,1,0,-0.12529534848783852,-0.12529534848783852
1790947929.207353,1790947931.207353,0,0,1,0,-0.12529534848783852,-0.12529534848783852
1790947930.207353,1790947932.207353,0,0,1,0,-0.12529534848783852,-0.12529534848783852
1790947931.207353,1790947933.207353,0,0,1,0,-0.12529534848783852,-0.12529534848783852
1790947932.207353,1790947934.207353,0,0,1,0,-0.12529534848783852,-0.12529534848783852
1790947933.207353,1790947935.207353,0,0,1,0,-0.12529534848783852,-0.12529534848783852
1790947934.207353,1790947936.207353,0,0,1,0,-0.12529534848783852,-0.12529534848783852
1790947935.207353,1790947937.207353,0,0,1,0,-0.12529534848783852,-0.12529534848783852
1790947936.207353,1790947938.207353,0,0,1,0,-0.12529534848783852,-0.12529534848783852
1790947937.207353,1790947939.207353,0,0,1,0,-0.12529534848783852,-0.12529534848783852
1790947938.207353,1790947940.207353,0,0,1,0,-0.12529534848783852,-0.12529534848783852
1790947939.207353,1790947941.207353,0,0,1,0,-0.12529534848783852,-0.12529534848783852
1790947940.207353,1790947942.207353,0,0,1,0,-0.12529534848783852,-0.12529534848783852
1790947941.207353,1790947943.207353,0,0,1,0,-0.12529534848783852,-0.12529534848783852
1790947942.207353,1790947944.207353,0,0,1,0,-0.12529534848783852,-0.12529534848783852
1790947943.207353,1790947945.207353,0,0,1,0,-0.12529534848783852,-0.12529534848783852
1790947944.207353,1790947946.207353,0,0,1,0,-0.12529534848783852,-0.12529534848783852
1790947945.207353,1790947947.207353,0,0,1,0,-0.12529534848783852,-0.12529534848783852
1790947946.207353,1790947948.207353,0,0,1,0,-0.12529534848783852,-0.12529534848783852
1790947947.207353,1790947949.207353,0,0,1,0,-0.12529534848783852,-0.12529534848783852
1790947948.207353,1790947950.207353,0,0,1,0,-0.12529534848783852,-0.12529534848783852
1790947949.207353,1790947951.207353,0,0,1,0,-0.12529534848783852,-0.12529534848783852
1790947950.207353,1790947952.207353,0,0,1,0,-0.12529534848783852,-0.12529534848783852
1790947951.207353,1790947953.207353,0,0,1,0,-0.12529534848783852,-0.12529534848783852
1790947952.207353,1790947954.207353,0,0,1,0,-0.12529534848783852,-0.12529534848783852
1790947953.207353,1790947955.207353,0,0,1,0,-0.12529534848783852,-0.12529534848783852
1790947954.207353,1790947956.207353,0,0,1,0,-0.12529534848783852,-0.12529534848783852
1790947955.207353,1790947957.207353,0,0,1,0,-0.12529534848783852,-0.12529534848783852
1790947956.207353,1790947958.207353,0,0,1,0,-0.12529534848783852,-0.12529534848783852
1790947957.207353,1790947959.207353,0,0,1,0,-0.12529534848783852,-0.12529534848783852
1790947958.207353,1790947960.207353,0,0,1,0,-0.12529534848783852,-0.12529534848783852
1790947959.207353,1790947961.207353,0,0,1,0,-0.12529534848783852,-0.12529534848783852
1790947960.207353,1790947962.207353,0,0,1,0,-0.12529534848783852,-0.12529534848783852
1790947961.207353,1790947963.207353,0,0,1,0,-0.12529534848783852,-0.12529534848783852
1790947962.207353,1790947964.207353,0,0,1,0,-0.12529534848783852,-0.12529534848783852
1790947963.207353,1790947965.207353,0,0,1,0,-0.12529534848783852,-0.12529534848783852
1790947964.207353,1790947966.207353,0,0,1,0,-0.12529534848783852,-0.12529534848783852
1790947965.207353,1790947967.207353,0,0,1,0,-0.12529534848783852,-0.12529534848783852
1790947966.207353,1790947968.207353,0,0,1,0,-0.12529534848783852,-0.12529534848783852
1790947967.207353,1790947969.207353,0,0,1,0,-0.12529534848783852,-0.12529534848783852
1790947968.207353,1790947970.207353,0,0,1,0,-0.12529534848783852,-0.12529534848783852
1790947969.207353,1790947971.207353,0,0,1,0,-0.12529534848783852,-0.12529534848783852
1790947970.207353,1790947972.207353,0,0,1,0,-0.12529534848783852,-0.12529534848783852
1790947971.207353,1790947973.207353,0,0,1,0,-0.12529534848783852,-0.12529534848783852
1790947972.207353,1790947974.207353,0,0,1,0,-0.12529534848783852,-0.12529534848783852
1790947973.207353,1790947975.207353,0,0,1,0,-0.12529534848783852,-0.12529534848783852
1790947974.207353,1790947976.207353,0,0,1,0,-0.12529534848783852,-0.12529534848783852
1790947975.207353,1790947977.207353,0,0,1,0,-0.12529534848783852,-0.12529534848783852
1790947976.207353,1790947978.207353,0,0,1,0,-0.12529534848783852,-0.12529534848783852
1790947977.207353,1790947979.207353,0,0,1,0,-0.12529534848783852,-0.12529534848783852
1790947978.207353,1790947980.207353,0,0,1,0,-0.12529534848783852,-0.12529534848783852
1790947979.207353,1790947981.207353,0,0,1,0,-0.12529534848783852,-0.12529534848783852
1790947980.207353,1790947982.207353,0,0,1,0,-0.12529534848783852,-0.12529534848783852
1790947981.207353,1790947983.207353,0,0,1,0,-0.12529534848783852,-0.12529534848783852
1790947982.207353,1790947984.207353,0,0,1,0,-0.12529534848783852,-0.12529534848783852
1790947983.207353,1790947985.207353,0,0,1,0,-0.12529534848783852,-0.12529534848783852
1790947984.207353,1790947986.207353,0,0,1,0,-0.12529534848783852,-0.12529534848783852
1790947985.207353,1790947987.207353,0,0,1,0,-0.12529534848783852,-0.12529534848783852
1790947986.207353,1790947988.207353,0,0,1,0,-0.12529534848783852,-0.12529534848783852
1790947987.207353,1790947989.207353,0,0,1,0,-0.12529534848783852,-0.12529534848783852
1790947988.207353,1790947990.207353,0,0,1,0,-0.12529534848783852,-0.12529534848783852
1790947989.207353,1790947991.207353,0,0,1,0,-0.12529534848783852,-0.12529534848783852
1790947990.207353,1790947992.207353,0,0,1,0,-0.12529534848783852,-0.12529534848783852
1790947991.207353,1790947993.207353,0,0,1,0,-0.12529534848783852,-0.12529534848783852
1790947992.207353,1790947994.207353,0,0,1,0,-0.12529534848783852,-0.12529534848783852
1790947993.207353,1790947995.207353,0,0,1,0,-0.12529534848783852,-0.12529534848783852
1790947994.207353,1790947996.207353,0,0,1,0,-0.12529534848783852,-0.12529534848783852
1790947995.207353,1790947997.207353,0,0,1,0,-0.12529534848783852,-0.12529534848783852
1790947996.207353,1790947998.207353,0,0,1,0,-0.12529534848783852,-0.12529534848783852
1790947997.207353,1790947999.207353,0,0,1,0,-0.12529534848783852,-0.12529534848783852
1790947998.207353,1790948000.207353,0,0,1,0,-0.12529534848783852,-0.12529534848783852
1790947999.207353,1790948001.207353,0,0,1,0,-0.12529534848783852,-0.12529534848783852
1790948000.207353,1790948002.207353,0,0,1,0,-0.12529534848783852,-0.12529534848783852
1790948001.207353,1790948003.207353,0,0,1,0,-0.12529534848783852,-0.12529534848783852
1790948002.207353,1790948004.207353,0,0,1,0,-0.12529534848783852,-0.12529534848783852
1790948003.207353,1790948005.207353,0,0,1,0,-0.12529534848783852,-0.12529534848783852
1790948004.207353,1790948006.207353,0,0,1,0,-0.12529534848783852,-0.12529534848783852
1790948005.207353,1790948007.207353,0,0,1,0,-0.12529534848783852,-0.12529534848783852
1790948006.207353,1790948008.207353,0,0,1,0,-0.12529534848783852,-0.12529534848783852
1790948007.207353,1790948009.207353,0,0,1,0,-0.12529534848783852,-0.12529534848783852
1790948008.207353,1790948010.207353,0,0,1,0,-0.12529534848783852,-0.12529534848783852
1790948009.207353,1790948011.207353,0,0,1,0,-0.12529534848783852,-0.12529534848783852
1790948010.207353,1790948012.207353,0,0,1,0,-0.12529534848783852,-0.12529534848783852
1790948011.207353,1790948013.207353,0,0,1,0,-0.12529534848783852,-0.12529534848783852
1790948012.207353,1790948014.207353,0,0,1,0,-0.12529534848783852,-0.12529534848783852
1790948013.207353,1790948015.207353,0,0,1,0,-0.12529534848783852,-0.12529534848783852
1790948014.207353,1790948016.207353,0,0,1,0,-0.12529534848783852,-0.12529534848783852
1790948015.207353,1790948017.207353,0,0,1,0,-0.12529534848783852,-0.12529534848783852
1790948016.207353,1790948018.207353,0,0,1,0,-0.12529534848783852,-0.12529534848783852
1790948017.207353,1790948019.207353,0,0,1,0,-0.12529534848783852,-0.12529534848783852
1790948018.207353,1790948020.207353,0,0,1,0,-0.12529534848783852,-0.12529534848783852
1790948019.207353,1790948021.207353,0,0,1,0,-0.12529534848783852,-0.12529534848783852
1790948020.207353,1790948022.207353,0,0,1,0,-0.12529534848783852,-0.12529534848783852
1790948021.207353,1790948023.207353,0,0,1,0,-0.12529534848783852,-0.12529534848783852
1790948022.207353,1790948024.207353,0,0,1,0,-0.12529534848783852,-0.12529534848783852
1790948023.207353,1790948025.207353,0,0,1,0,-0.12529534848783852,-0.12529534848783852
1790948024.207353,1790948026.207353,0,0,1,0,-0.12529534848783852,-0.12529534848783852
1790948025.207353,1790948027.207353,0,0,1,0,-0.12529534848783852,-0.12529534848783852
1790948026.207353,1790948028.207353,0,0,1,0,-0.12529534848783852,-0.12529534848783852
1790948027.207353,1790948029.207353,0,0,1,0,-0.12529534848783852,-0.12529534848783852
1790948028.207353,1790948030.207353,0,0,1,0,-0.12529534848783852,-0.12529534848783852
1790948029.207353,1790948031.207353,0,0,1,0,-0.12529534848783852,-0.12529534848783852
1790948030.207353,1790948032.207353,0,0,1,0,-0.12529534848783852,-0.12529534848783852
1790948031.207353,1790948033.207353,0,0,1,0,-0.12529534848783852,-0.12529534848783852
1790948032.207353,1790948034.207353,0,0,1,0,-0.12529534848783852,-0.12529534848783852
1790948033.207353,1790948035.207353,0,0,1,0,-0.12529534848783852,-0.12529534848783852
1790948034.207353,1790948036.207353,0,0,1,0,-0.12529534848783852,-0.12529534848783852
1790948035.207353,1790948037.207353,0,0,1,0,-0.12529534848783852,-0.12529534848783852
1790948036.207353,1790948038.207353,0,0,1,0,-0.12529534848783852,-0.12529534848783852
1790948037.207353,1790948039.207353,0,0,1,0,-0.12529534848783852,-0.12529534848783852
1790948038.207353,1790948040.207353,0,0,1,0,-0.12529534848783852,-0.12529534848783852
1790948039.207353,1790948041.207353,0,0,1,0,-0.12529534848783852,-0.12529534848783852
1790948040.207353,1790948042.207353,0,0,1,0,-0.12529534848783852,-0.12529534848783852
1790948041.207353,1790948043.207353,0,0,1,0,-0.12529534848783852,-0.12529534848783852
1790948042.207353,1790948044.207353,0,0,1,0,-0.12529534848783852,-0.12529534848783852
1790948043.207353,1790948045.207353,0,0,1,0,-0.12529534848783852,-0.12529534848783852
1790948044.207353,1790948046.207353,0,0,1,0,-0.12529534848783852,-0.12529534848783852
1790948045.207353,1790948047.207353,0,0,1,0,-0.12529534848783852,-0.12529534848783852
1790948046.207353,1790948048.207353,0,0,1,0,-0.12529534848783852,-0.12529534848783852
1790948047.207353,1790948049.207353,0,0,1,0,-0.12529534848783852,-0.12529534848783852
1790948048.207353,1790948050.207353,0,0,1,0,-0.12529534848783852,-0.12529534848783852
1790948049.207353,1790948051.207353,0,0,1,0,-0.12529534848783852,-0.12529534848783852
1790948050.207353,1790948052.207353,0,0,1,0,-0.12529534848783852,-0.12529534848783852
1790948051.207353,1790948053.207353,0,0,1,0,-0.12529534848783852,-0.12529534848783852
1790948052.207353,1790948054.207353,0,0,1,0,-0.12529534848783852,-0.12529534848783852
1790948053.207353,1790948055.207353,0,0,1,0,-0.12529534848783852,-0.12529534848783852
1790948054.207353,1790948056.207353,0,0,1,0,-0.12529534848783852,-0.12529534848783852
1790948055.207353,1790948057.207353,0,0,1,0,-0.12529534848783852,-0.12529534848783852
1790948056.207353,1790948058.207353,0,0,1,0,-0.12529534848783852,-0.12529534848783852
1790948057.207353,1790948059.207353,0,0,1,0,-0.12529534848783852,-0.12529534848783852
1790948058.207353,1790948060.207353,0,0,1,0,-0.12529534848783852,-0.12529534848783852
1790948059.207353,1790948061.207353,0,0,1,0,-0.12529534848783852,-0.12529534848783852
1790948060.207353,1790948062.207353,0,0,1,0,-0.12529534848783852,-0.12529534848783852
1790948061.207353,1790948063.207353,0,0,1,0,-0.12529534848783852,-0.12529534848783852
1790948062.207353,1790948064.207353,0,0,1,0,-0.12529534848783852,-0.12529534848783852
1790948063.207353,1790948065.207353,0,0,1,0,-0.12529534848783852,-0.12529534848783852
1790948064.207353,1790948066.207353,0,0,1,0,-0.12529534848783852,-0.12529534848783852
1790948065.207353,1790948067.207353,0,0,1,0,-0.12529534848783852,-0.12529534848783852
1790948066.207353,1790948068.207353,0,0,1,0,-0.12529534848783852,-0.12529534848783852
1790948067.207353,1790948069.207353,0,0,1,0,-0.12529534848783852,-0.12529534848783852
1790948068.207353,1790948070.207353,0,0,1,0,-0.12529534848783852,-0.12529534848783852
1790948069.207353,1790948071.207353,0,0,1,0,-0.12529534848783852,-0.12529534848783852
1790948070.207353,1790948072.207353,0,0,1,0,-0.12529534848783852,-0.12529534848783852
1790948071.207353,1790948073.207353,0,0,1,0,-0.12529534848783852,-0.12529534848783852
1790948072.207353,1790948074.207353,0,0,1,0,-0.12529534848783852,-0.12529534848783852
1790948073.207353,1790948075.207353,0,0,1,0,-0.12529534848783852,-0.12529534848783852
1790948074.207353,1790948076.207353,0,0,1,0,-0.12529534848783852,-0.12529534848783852
1790948075.207353,1790948077.207353,0,0,1,0,-0.12529534848783852,-0.12529534848783852
1790948076.207353,1790948078.207353,0,0,1,0,-0.12529534848783852,-0.12529534848783852
1790948077.207353,1790948079.207353,0,0,1,0,-0.12529534848783852,-0.12529534848783852
1790948078.207353,1790948080.207353,0,0,1,0,-0.12529534848783852,-0.12529534848783852
1790948079.207353,1790948081.207353,0,0,1,0,-0.12529534848783852,-0.12529534848783852
1790948080.207353,1790948082.207353,0,0,1,0,-0.12529534848783852,-0.12529534848783852
1790948081.207353,1790948083.207353,0,0,1,0,-0.12529534848783852,-0.12529534848783852
1790948082.207353,1790948084.207353,0,0,1,0,-0.12529534848783852,-0.12529534848783852
1790948083.207353,1790948085.207353,0,0,1,0,-0.12529534848783852,-0.12529534848783852
1790948084.207353,1790948086.207353,0,0,1,0,-0.12529534848783852,-0.12529534848783852
1790948085.207353,1790948087.207353,0,0,1,0,-0.12529534848783852,-0.12529534848783852
1790948086.207353,1790948088.207353,0,0,1,0,-0.12529534848783852,-0.12529534848783852
1790948087.207353,1790948089.207353,0,0,1,0,-0.12529534848783852,-0.12529534848783852
1790948088.207353,1790948090.207353,0,0,1,0,-0.12529534848783852,-0.12529534848783852
1790948089.207353,1790948091.207353,0,0,1,0,-0.12529534848783852,-0.12529534848783852
1790948090.207353,1790948092.207353,0,0,1,0,-0.12529534848783852,-0.12529534848783852
1790948091.207353,1790948093.207353,0,0,1,0,-0.12529534848783852,-0.12529534848783852
1790948092.207353,1790948094.207353,0,0,1,0,-0.12529534848783852,-0.12529534848783852
1790948093.207353,1790948095.207353,0,0,1,0,-0.12529534848783852,-0.12529534848783852
1790948094.207353,1790948096.207353,0,0,1,0,-0.12529534848783852,-0.12529534848783852
1790948095.207353,1790948097.207353,0,0,1,0,-0.12529534848783852,-0.12529534848783852
1790948096.207353,1790948098.207353,0,0,1,0,-0.12529534848783852,-0.12529534848783852
1790948097.207353,1790948099.207353,0,0,1,0,-0.12529534848783852,-0.12529534848783852
1790948098.207353,1790948100.207353,0,0,1,0,-0.12529534848783852,-0.12529534848783852
1790948099.207353,1790948101.207353,0,0,1,0,-0.12529534848783852,-0.12529534848783852
1790948100.207353,1790948102.207353,0,0,1,0,-0.12529534848783852,-0.12529534848783852
1790948101.207353,1790948103.207353,0,0,1,0,-0.12529534848783852,-0.12529534848783852
1790948102.207353,1790948104.207353,0,0,1,0,-0.12529534848783852,-0.12529534848783852
1790948103.207353,1790948105.207353,0,0,1,0,-0.12529534848783852,-0.12529534848783852
1790948104.207353,1790948106.207353,0,0,1,0,-0.12529534848783852,-0.12529534848783852
1790948105.207353,1790948107.207353,0,0,1,0,-0.12529534848783852,-0.12529534848783852
1790948106.207353,1790948108.207353,0,0,1,0,-0.12529534848783852,-0.12529534848783852
1790948107.207353,1790948109.207353,0,0,1,0,-0.12529534848783852,-0.12529534848783852
1790948108.207353,1790948110.207353,0,0,1,0,-0.12529534848783852,-0.12529534848783852
1790948109.207353,1790948111.207353,0,0,1,0,-0.12529534848783852,-0.12529534848783852
1790948110.207353,1790948112.207353,0,0,1,0,-0.12529534848783852,-0.12529534848783852
1790948111.207353,1790948113.207353,0,0,1,0,-0.12529534848783852,-0.12529534848783852
1790948112.207353,1790948114.207353,0,0,1,0,-0.12529534848783852,-0.12529534848783852
1790948113.207353,1790948115.207353,0,0,1,0,-0.12529534848783852,-0.12529534848783852
1790948114.207353,1790948116.207353,0,0,1,0,-0.12529534848783852,-0.12529534848783852
1790948115.207353,1790948117.207353,0,0,1,0,-0.12529534848783852,-0.12529534848783852
1790948116.207353,1790948118.207353,0,0,1,0,-0.12529534848783852,-0.12529534848783852
1790948117.207353,1790948119.207353,0,0,1,0,-0.12529534848783852,-0.12529534848783852
1790948118.207353,1790948120.207353,0,0,1,0,-0.12529534848783852,-0.12529534848783852
1790948119.207353,1790948121.207353,0,0,1,0,-0.12529534848783852,-0.12529534848783852
1790948120.207353,1790948122.207353,0,0,1,0,-0.12529534848783852,-0.12529534848783852
1790948121.207353,1790948123.207353,0,0,1,0,-0.12529534848783852,-0.12529534848783852
1790948122.207353,1790948124.207353,0,0,1,0,-0.12529534848783852,-0.12529534848783852
1790948123.207353,1790948125.207353,0,0,1,0,-0.12529534848783852,-0.12529534848783852
1790948124.207353,1790948126.207353,0,0,1,0,-0.12529534848783852,-0.12529534848783852
1790948125.207353,1790948127.207353,0,0,1,0,-0.12529534848783852,-0.12529534848783852
1790948126.207353,1790948128.207353,0,0,1,0,-0.12529534848783852,-0.12529534848783852
1790948127.207353,1790948129.207353,0,0,1,0,-0.12529534848783852,-0.12529534848783852
1790948128.207353,1790948130.207353,0,0,1,0,-0.12529534848783852,-0.12529534848783852
1790948129.207353,1790948131.207353,0,0,1,0,-0.12529534848783852,-0.12529534848783852
1790948130.207353,1790948132.207353,0,0,1,0,-0.12529534848783852,-0.12529534848783852
1790948131.207353,1790948133.207353,0,0,1,0,-0.12529534848783852,-0.12529534848783852
1790948132.207353,1790948134.207353,0,0,1,0,-0.12529534848783852,-0.12529534848783852
1790948133.207353,1790948135.207353,0,0,1,0,-0.12529534848783852,-0.12529534848783852
1790948134.207353,1790948136.207353,0,0,1,0,-0.12529534848783852,-0.12529534848783852
1790948135.207353,1790948137.207353,0,0,1,0,-0.12529534848783852,-0.12529534848783852
1790948136.207353,1790948138.207353,0,0,1,0,-0.12529534848783852,-0.12529534848783852
1790948137.207353,1790948139.207353,0,0,1,0,-0.12529534848783852,-0.12529534848783852
1790948138.207353,1790948140.207353,0,0,1,0,-0.12529534848783852,-0.12529534848783852
1790948139.207353,1790948141.207353,0,0,1,0,-0.12529534848783852,-0.12529534848783852
1790948140.207353,1790948142.207353,0,0,1,0,-0.12529534848783852,-0.12529534848783852
1790948141.207353,1790948143.207353,0,0,1,0,-0.12529534848783852,-0.12529534848783852
1790948142.207353,1790948144.207353,0,0,1,0,-0.12529534848783852,-0.12529534848783852
1790948143.207353,1790948145.207353,0,0,1,0,-0.12529534848783852,-0.12529534848783852
1790948144.207353,1790948146.207353,0,0,1,0,-0.12529534848783852,-0.12529534848783852
1790948145.207353,1790948147.207353,0,0,1,0,-0.12529534848783852,-0.12529534848783852
1790948146.207353,1790948148.207353,0,0,1,0,-0.12529534848783852,-0.12529534848783852
1790948147.207353,1790948149.207353,0,0,1,0,-0.12529534848783852,-0.12529534848783852
1790948148.207353,1790948150.207353,0,0,1,0,-0.12529534848783852,-0.12529534848783852
1790948149.207353,1790948151.207353,0,0,1,0,-0.12529534848783852,-0.12529534848783852
1790948150.207353,1790948152.207353,0,0,1,0,-0.12529534848783852,-0.12529534848783852
1790948151.207353,1790948153.207353,0,0,1,0,-0.12529534848783852,-0.12529534848783852
1790948152.207353,1790948154.207353,0,0,1,0,-0.12529534848783852,-0.12529534848783852
1790948153.207353,1790948155.207353,0,0,1,0,-0.12529534848783852,-0.12529534848783852
1790948154.207353,1790948156.207353,0,0,1,0,-0.12529534848783852,-0.12529534848783852
1790948155.207353,1790948157.207353,0,0,1,0,-0.12529534848783852,-0.12529534848783852
1790948156.207353,1790948158.207353,0,0,1,0,-0.12529534848783852,-0.12529534848783852
1790948157.207353,1790948159.207353,0,0,1,0,-0.12529534848783852,-0.12529534848783852
1790948158.207353,1790948160.207353,0,0,1,0,-0.12529534848783852,-0.12529534848783852
1790948159.207353,1790948161.207353,0,0,1,0,-0.12529534848783852,-0.12529534848783852
1790948160.207353,1790948162.207353,0,0,1,0,-0.12529534848783852,-0.12529534848783852
1790948161.207353,1790948163.207353,0,0,1,0,-0.12529534848783852,-0.12529534848783852
1790948162.207353,1790948164.207353,0,0,1,0,-0.12529534848783852,-0.12529534848783852
1790948163.207353,1790948165.207353,0,0,1,0,-0.12529534848783852,-0.12529534848783852
1790948164.207353,1790948166.207353,0,0,1,0,-0.12529534848783852,-0.12529534848783852
1790948165.207353,1790948167.207353,0,0,1,0,-0.12529534848783852,-0.12529534848783852
1790948166.207353,1790948168.207353,0,0,1,0,-0.12529534848783852,-0.12529534848783852
1790948167.207353,1790948169.207353,0,0,1,0,-0.12529534848783852,-0.12529534848783852
1790948168.207353,1790948170.207353,0,0,1,0,-0.12529534848783852,-0.12529534848783852
1790948169.207353,1790948171.207353,0,0,1,0,-0.12529534848783852,-0.12529534848783852
1790948170.207353,1790948172.207353,0,0,1,0,-0.12529534848783852,-0.12529534848783852
1790948171.207353,1790948173.207353,0,0,1,0,-0.12529534848783852,-0.12529534848783852
1790948172.207353,1790948174.207353,0,0,1,0,-0.12529534848783852,-0.12529534848783852
1790948173.207353,1790948175.207353,0,0,1,0,-0.12529534848783852,-0.12529534848783852
1790948174.207353,1790948176.207353,0,0,1,0,-0.12529534848783852,-0.12529534848783852
1790948175.207353,1790948177.207353,0,0,1,0,-0.12529534848783852,-0.12529534848783852
1790948176.207353,1790948178.207353,0,0,1,0,-0.12529534848783852,-0.12529534848783852
1790948177.207353,1790948179.207353,0,0,1,0,-0.12529534848783852,-0.12529534848783852
1790948178.207353,1790948180.207353,0,0,1,0,-0.12529534848783852,-0.12529534848783852
1790948179.207353,1790948181.207353,0,0,1,0,-0.12529534848783852,-0.12529534848783852
1790948180.207353,1790948182.207353,0,0,1,0,-0.12529534848783852,-0.12529534848783852
1790948181.207353,1790948183.207353,0,0,1,0,-0.12529534848783852,-0.12529534848783852
1790948182.207353,1790948184.207353,0,0,1,0,-0.12529534848783852,-0.12529534848783852
1790948183.207353,1790948185.207353,0,0,1,0,-0.12529534848783852,-0.12529534848783852
1790948184.207353,1790948186.207353,0,0,1,0,-0.12529534848783852,-0.12529534848783852
1790948185.207353,1790948187.207353,0,0,1,0,-0.12529534848783852,-0.12529534848783852
1790948186.207353,1790948188.207353,0,0,1,0,-0.12529534848783852,-0.12529534848783852
1790948187.207353,1790948189.207353,0,0,1,0,-0.12529534848783852,-0.12529534848783852
1790948188.207353,1790948190.207353,0,0,1,0,-0.12529534848783852,-0.12529534848783852
1790948189.207353,1790948191.207353,0,0,1,0,-0.12529534848783852,-0.12529534848783852
1790948190.207353,1790948192.207353,0,0,1,0,-0.12529534848783852,-0.12529534848783852
1790948191.207353,1790948193.207353,0,0,1,0,-0.12529534848783852,-0.12529534848783852
1790948192.207353,1790948194.207353,0,0,1,0,-0.12529534848783852,-0.12529534848783852
1790948193.207353,1790948195.207353,0,0,1,0,-0.12529534848783852,-0.12529534848783852
1790948194.207353,1790948196.207353,0,0,1,0,-0.12529534848783852,-0.12529534848783852
1790948195.207353,1790948197.207353,0,0,1,0,-0.12529534848783852,-0.12529534848783852
1790948196.207353,1790948198.207353,0,0,1,0,-0.12529534848783852,-0.12529534848783852
1790948197.207353,1790948199.207353,0,0,1,0,-0.12529534848783852,-0.12529534848783852
1790948198.207353,1790948200.207353,0,0,1,0,-0.12529534848783852,-0.12529534848783852
1790948199.207353,1790948201.207353,0,0,1,0,-0.12529534848783852,-0.12529534848783852
1790948200.207353,1790948202.207353,0,0,1,0,-0.12529534848783852,-0.12529534848783852
1790948201.207353,1790948203.207353,0,0,1,0,-0.12529534848783852,-0.12529534848783852
1790948202.207353,1790948204.207353,0,0,1,0,-0.12529534848783852,-0.12529534848783852
1790948203.207353,1790948205.207353,0,0,1,0,-0.12529534848783852,-0.12529534848783852
1790948204.207353,1790948206.207353,0,0,1,0,-0.12529534848783852,-0.12529534848783852
1790948205.207353,1790948207.207353,0,0,1,0,-0.12529534848783852,-0.12529534848783852
1790948206.207353,1790948208.207353,0,0,1,0,-0.12529534848783852,-0.12529534848783852
1790948207.207353,1790948209.207353,0,0,1,0,-0.12529534848783852,-0.12529534848783852
1790948208.207353,1790948210.207353,0,0,1,0,-0.12529534848783852,-0.12529534848783852
1790948209.207353,1790948211.207353,0,0,1,0,-0.12529534848783852,-0.12529534848783852
1790948210.207353,1790948212.207353,0,0,1,0,-0.12529534848783852,-0.12529534848783852
1790948211.207353,1790948213.207353,0,0,1,0,-0.12529534848783852,-0.12529534848783852
1790948212.207353,1790948214.207353,0,0,1,0,-0.12529534848783852,-0.12529534848783852
1790948213.207353,1790948215.207353,0,0,1,0,-0.12529534848783852,-0.12529534848783852
1790948214.207353,1790948216.207353,0,0,1,0,-0.12529534848783852,-0.12529534848783852
1790948215.207353,1790948217.207353,0,0,1,0,-0.12529534848783852,-0.12529534848783852
1790948216.207353,1790948218.207353,0,0,1,0,-0.12529534848783852,-0.12529534848783852
1790948217.207353,1790948219.207353,0,0,1,0,-0.12529534848783852,-0.12529534848783852
1790948218.207353,1790948220.207353,0,0,1,0,-0.12529534848783852,-0.12529534848783852
1790948219.207353,1790948221.207353,0,0,1,0,-0.12529534848783852,-0.12529534848783852
1790948220.207353,1790948222.207353,0,0,1,0,-0.12529534848783852,-0.12529534848783852
1790948221.207353,1790948223.207353,0,0,1,0,-0.12529534848783852,-0.12529534848783852
1790948222.207353,1790948224.207353,0,0,1,0,-0.12529534848783852,-0.12529534848783852
1790948223.207353,1790948225.207353,0,0,1,0,-0.12529534848783852,-0.12529534848783852
1790948224.207353,1790948226.207353,0,0,1,0,-0.12529534848783852,-0.12529534848783852
1790948225.207353,1790948227.207353,0,0,1,0,-0.12529534848783852,-0.12529534848783852
1790948226.207353,1790948228.207353,0,0,1,0,-0.12529534848783852,-0.12529534848783852
1790948227.207353,1790948229.207353,0,0,1,0,-0.12529534848783852,-0.12529534848783852
1790948228.207353,1790948230.207353,0,0,1,0,-0.12529534848783852,-0.12529534848783852
1790948229.207353,1790948231.207353,0,0,1,0,-0.12529534848783852,-0.12529534848783852
1790948230.207353,1790948232.207353,0,0,1,0,-0.12529534848783852,-0.12529534848783852
1790948231.207353,1790948233.207353,0,0,1,0,-0.12529534848783852,-0.12529534848783852
1790948232.207353,1790948234.207353,0,0,1,0,-0.12529534848783852,-0.12529534848783852
1790948233.207353,1790948235.207353,0,0,1,0,-0.12529534848783852,-0.12529534848783852
1790948234.207353,1790948236.207353,0,0,1,0,-0.12529534848783852,-0.12529534848783852
1790948235.207353,1790948237.207353,0,0,1,0,-0.12529534848783852,-0.12529534848783852
1790948236.207353,1790948238.207353,0,0,1,0,-0.12529534848783852,-0.12529534848783852
1790948237.207353,1790948239.207353,0,0,1,0,-0.12529534848783852,-0.12529534848783852
1790948238.207353,1790948240.207353,0,0,1,0,-0.12529534848783852,-0.12529534848783852
1790948239.207353,1790948241.207353,0,0,1,0,-0.12529534848783852,-0.12529534848783852
1790948240.207353,1790948242.207353,0,0,1,0,-0.12529534848783852,-0.12529534848783852
1790948241.207353,1790948243.207353,0,0,1,0,-0.12529534848783852,-0.12529534848783852
1790948242.207353,1790948244.207353,0,0,1,0,-0.12529534848783852,-0.12529534848783852
1790948243.207353,1790948245.207353,0,0,1,0,-0.12529534848783852,-0.12529534848783852
1790948244.207353,1790948246.207353,0,0,1,0,-0.12529534848783852,-0.12529534848783852
1790948245.207353,1790948247.207353,0,0,1,0,-0.12529534848783852,-0.12529534848783852
1790948246.207353,1790948248.207353,0,0,1,0,-0.12529534848783852,-0.12529534848783852
1790948247.207353,1790948249.207353,0,0,1,0,-0.12529534848783852,-0.12529534848783852
1790948248.207353,1790948250.207353,0,0,1,0,-0.12529534848783852,-0.12529534848783852
1790948249.207353,1790948251.207353,0,0,1,0,-0.12529534848783852,-0.12529534848783852
1790948250.207353,1790948252.207353,0,0,1,0,-0.12529534848783852,-0.12529534848783852
1790948251.207353,1790948253.207353,0,0,1,0,-0.12529534848783852,-0.12529534848783852
1790948252.207353,1790948254.207353,0,0,1,0,-0.12529534848783852,-0.12529534848783852
1790948253.207353,1790948255.207353,0,0,1,0,-0.12529534848783852,-0.12529534848783852
1790948254.207353,1790948256.207353,0,0,1,0,-0.12529534848783852,-0.12529534848783852
1790948255.207353,1790948257.207353,0,0,1,0,-0.12529534848783852,-0.12529534848783852
1790948256.207353,1790948258.207353,0,0,1,0,-0.12529534848783852,-0.12529534848783852
1790948257.207353,1790948259.207353,0,0,1,0,-0.12529534848783852,-0.12529534848783852
1790948258.207353,1790948260.207353,0,0,1,0,-0.12529534848783852,-0.12529534848783852
1790948259.207353,1790948261.207353,0,0,1,0,-0.12529534848783852,-0.12529534848783852
1790948260.207353,1790948262.207353,0,0,1,0,-0.12529534848783852,-0.12529534848783852
1790948261.207353,1790948263.207353,0,0,1,0,-0.12529534848783852,-0.12529534848783852
1790948262.207353,1790948264.207353,0,0,1,0,-0.12529534848783852,-0.12529534848783852
1790948263.207353,1790948265.207353,0,0,1,0,-0.12529534848783852,-0.12529534848783852
1790948264.207353,1790948266.207353,0,0,1,0,-0.12529534848783852,-0.12529534848783852
1790948265.207353,1790948267.207353,0,0,1,0,-0.12529534848783852,-0.12529534848783852
1790948266.207353,1790948268.207353,0,0,1,0,-0.12529534848783852,-0.12529534848783852
1790948267.207353,1790948269.207353,0,0,1,0,-0.12529534848783852,-0.12529534848783852
1790948268.207353,1790948270.207353,0,0,1,0,-0.12529534848783852,-0.12529534848783852
1790948269.207353,1790948271.207353,0,0,1,0,-0.12529534848783852,-0.12529534848783852
1790948270.207353,1790948272.207353,0,0,1,0,-0.12529534848783852,-0.12529534848783852
1790948271.207353,1790948273.207353,0,0,1,0,-0.12529534848783852,-0.12529534848783852
1790948272.207353,1790948274.207353,0,0,1,0,-0.12529534848783852,-0.12529534848783852
1790948273.207353,1790948275.207353,0,0,1,0,-0.12529534848783852,-0.12529534848783852
1790948274.207353,1790948276.207353,0,0,1,0,-0.12529534848783852,-0.12529534848783852
1790948275.207353,1790948277.207353,0,0,1,0,-0.12529534848783852,-0.12529534848783852
1790948276.207353,1790948278.207353,0,0,1,0,-0.12529534848783852,-0.12529534848783852
1790948277.207353,1790948279.207353,0,0,1,0,-0.12529534848783852,-0.12529534848783852
1790948278.207353,1790948280.207353,0,0,1,0,-0.12529534848783852,-0.12529534848783852
1790948279.207353,1790948281.207353,0,0,1,0,-0.12529534848783852,-0.12529534848783852
1790948280.207353,1790948282.207353,0,0,1,0,-0.12529534848783852,-0.12529534848783852
1790948281.207353,1790948283.207353,0,0,1,0,-0.12529534848783852,-0.12529534848783852
1790948282.207353,1790948284.207353,0,0,1,0,-0.12529534848783852,-0.12529534848783852
1790948283.207353,1790948285.207353,0,0,1,0,-0.12529534848783852,-0.12529534848783852
1790948284.207353,1790948286.207353,0,0,1,0,-0.12529534848783852,-0.12529534848783852
1790948285.207353,1790948287.207353,0,0,1,0,-0.12529534848783852,-0.12529534848783852
1790948286.207353,1790948288.207353,0,0,1,0,-0.12529534848783852,-0.12529534848783852
1790948287.207353,1790948289.207353,0,0,1,0,-0.12529534848783852,-0.12529534848783852
1790948288.207353,1790948290.207353,0,0,1,0,-0.12529534848783852,-0.12529534848783852
1790948289.207353,1790948291.207353,0,0,1,0,-0.12529534848783852,-0.12529534848783852
1790948290.207353,1790948292.207353,0,0,1,0,-0.12529534848783852,-0.12529534848783852
1790948291.207353,1790948293.207353,0,0,1,0,-0.12529534848783852,-0.12529534848783852
1790948292.207353,1790948294.207353,0,0,1,0,-0.12529534848783852,-0.12529534848783852
1790948293.207353,1790948295.207353,0,0,1,0,-0.12529534848783852,-0.12529534848783852
1790948294.207353,1790948296.207353,0,0,1,0,-0.12529534848783852,-0.12529534848783852
1790948295.207353,1790948297.207353,0,0,1,0,-0.12529534848783852,-0.12529534848783852
1790948296.207353,1790948298.207353,0,0,1,0,-0.12529534848783852,-0.12529534848783852
1790948297.207353,1790948299.207353,0,0,1,0,-0.12529534848783852,-0.12529534848783852
1790948298.207353,1790948300.207353,0,0,1,0,-0.12529534848783852,-0.12529534848783852
1790948299.207353,1790948301.207353,0,0,1,0,-0.12529534848783852,-0.12529534848783852
1790948300.207353,1790948302.207353,0,0,1,0,-0.12529534848783852,-0.12529534848783852
1790948301.207353,1790948303.207353,0,0,1,0,-0.12529534848783852,-0.12529534848783852
1790948302.207353,1790948304.207353,0,0,1,0,-0.12529534848783852,-0.12529534848783852
1790948303.207353,1790948305.207353,0,0,1,0,-0.12529534848783852,-0.12529534848783852
1790948304.207353,1790948306.207353,0,0,1,0,-0.12529534848783852,-0.12529534848783852
1790948305.207353,1790948307.207353,0,0,1,0,-0.12529534848783852,-0.12529534848783852
1790948306.207353,1790948308.207353,0,0,1,0,-0.12529534848783852,-0.12529534848783852
1790948307.207353,1790948309.207353,0,0,1,0,-0.12529534848783852,-0.12529534848783852
1790948308.207353,1790948310.207353,0,0,1,0,-0.12529534848783852,-0.12529534848783852
1790948309.207353,1790948311.207353,0,0,1,0,-0.12529534848783852,-0.12529534848783852
1790948310.207353,1790948312.207353,0,0,1,0,-0.12529534848783852,-0.12529534848783852
1790948311.207353,1790948313.207353,0,0,1,0,-0.12529534848783852,-0.12529534848783852
1790948312.207353,1790948314.207353,0,0,1,0,-0.12529534848783852,-0.12529534848783852
1790948313.207353,1790948315.207353,0,0,1,0,-0.12529534848783852,-0.12529534848783852
1790948314.207353,1790948316.207353,0,0,1,0,-0.12529534848783852,-0.12529534848783852
1790948315.207353,1790948317.207353,0,0,1,0,-0.12529534848783852,-0.12529534848783852
1790948316.207353,1790948318.207353,0,0,1,0,-0.12529534848783852,-0.12529534848783852
1790948317.207353,1790948319.207353,0,0,1,0,-0.12529534848783852,-0.12529534848783852
1790948318.207353,1790948320.207353,0,0,1,0,-0.12529534848783852,-0.12529534848783852
1790948319.207353,1790948321.207353,0,0,1,0,-0.12529534848783852,-0.12529534848783852
1790948320.207353,1790948322.207353,0,0,1,0,-0.12529534848783852,-0.12529534848783852
1790948321.207353,1790948323.207353,0,0,1,0,-0.12529534848783852,-0.12529534848783852
1790948322.207353,1790948324.207353,0,0,1,0,-0.12529534848783852,-0.12529534848783852
1790948323.207353,1790948325.207353,0,0,1,0,-0.12529534848783852,-0.12529534848783852
1790948324.207353,1790948326.207353,0,0,1,0,-0.12529534848783852,-0.12529534848783852
1790948325.207353,1790948327.207353,0,0,1,0,-0.12529534848783852,-0.12529534848783852
1790948326.207353,1790948328.207353,0,0,1,0,-0.12529534848783852,-0.12529534848783852
1790948327.207353,1790948329.207353,0,0,1,0,-0.12529534848783852,-0.12529534848783852
1790948328.207353,1790948330.207353,0,0,1,0,-0.12529534848783852,-0.12529534848783852
1790948329.207353,1790948331.207353,0,0,1,0,-0.12529534848783852,-0.12529534848783852
1790948330.207353,1790948332.207353,0,0,1,0,-0.12529534848783852,-0.12529534848783852
1790948331.207353,1790948333.207353,0,0,1,0,-0.12529534848783852,-0.12529534848783852
1790948332.207353,1790948334.207353,0,0,1,0,-0.12529534848783852,-0.12529534848783852
1790948333.207353,1790948335.207353,0,0,1,0,-0.12529534848783852,-0.12529534848783852
1790948334.207353,1790948336.207353,0,0,1,0,-0.12529534848783852,-0.12529534848783852
1790948335.207353,1790948337.207353,0,0,1,0,-0.12529534848783852,-0.12529534848783852
1790948336.207353,1790948338.207353,0,0,1,0,-0.12529534848783852,-0.12529534848783852
1790948337.207353,1790948339.207353,0,0,1,0,-0.12529534848783852,-0.12529534848783852
1790948338.207353,1790948340.207353,0,0,1,0,-0.12529534848783852,-0.12529534848783852
1790948339.207353,1790948341.207353,0,0,1,0,-0.12529534848783852,-0.12529534848783852
1790948340.207353,1790948342.207353,0,0,1,0,-0.12529534848783852,-0.12529534848783852
1790948341.207353,1790948343.207353,0,0,1,0,-0.12529534848783852,-0.12529534848783852
1790948342.207353,1790948344.207353,0,0,1,0,-0.12529534848783852,-0.12529534848783852
1790948343.207353,1790948345.207353,0,0,1,0,-0.12529534848783852,-0.12529534848783852
1790948344.207353,1790948346.207353,0,0,1,0,-0.12529534848783852,-0.12529534848783852
1790948345.207353,1790948347.207353,0,0,1,0,-0.12529534848783852,-0.12529534848783852
1790948346.207353,1790948348.207353,0,0,1,0,-0.12529534848783852,-0.12529534848783852
1790948347.207353,1790948349.207353,0,0,1,0,-0.12529534848783852,-0.12529534848783852
1790948348.207353,1790948350.207353,0,0,1,0,-0.12529534848783852,-0.12529534848783852
1790948349.207353,1790948351.207353,0,0,1,0,-0.12529534848783852,-0.12529534848783852
1790948350.207353,1790948352.207353,0,0,1,0,-0.12529534848783852,-0.12529534848783852
1790948351.207353,1790948353.207353,0,0,1,0,-0.12529534848783852,-0.12529534848783852
1790948352.207353,1790948354.207353,0,0,1,0,-0.12529534848783852,-0.12529534848783852
1790948353.207353,1790948355.207353,0,0,1,0,-0.12529534848783852,-0.12529534848783852
1790948354.207353,1790948356.207353,0,0,1,0,-0.12529534848783852,-0.12529534848783852
1790948355.207353,1790948357.207353,0,0,1,0,-0.12529534848783852,-0.12529534848783852
1790948356.207353,1790948358.207353,0,0,1,0,-0.12529534848783852,-0.12529534848783852
1790948357.207353,1790948359.207353,0,0,1,0,-0.12529534848783852,-0.12529534848783852
1790948358.207353,1790948360.207353,0,0,1,0,-0.12529534848783852,-0.12529534848783852
1790948359.207353,1790948361.207353,0,0,1,0,-0.12529534848783852,-0.12529534848783852
1790948360.207353,1790948362.207353,0,0,1,0,-0.12529534848783852,-0.12529534848783852
1790948361.207353,1790948363.207353,0,0,1,0,-0.12529534848783852,-0.12529534848783852
1790948362.207353,1790948364.207353,0,0,1,0,-0.12529534848783852,-0.12529534848783852
1790948363.207353,1790948365.207353,0,0,1,0,-0.12529534848783852,-0.12529534848783852
1790948364.207353,1790948366.207353,0,0,1,0,-0.12529534848783852,-0.12529534848783852
1790948365.207353,1790948367.207353,0,0,1,0,-0.12529534848783852,-0.12529534848783852
1790948366.207353,1790948368.207353,0,0,1,0,-0.12529534848783852,-0.12529534848783852
1790948367.207353,1790948369.207353,0,0,1,0,-0.12529534848783852,-0.12529534848783852
1790948368.207353,1790948370.207353,0,0,1,0,-0.12529534848783852,-0.12529534848783852
1790948369.207353,1790948371.207353,0,0,1,0,-0.12529534848783852,-0.12529534848783852
1790948370.207353,1790948372.207353,0,0,1,0,-0.12529534848783852,-0.12529534848783852
1790948371.207353,1790948373.207353,0,0,1,0,-0.12529534848783852,-0.12529534848783852
1790948372.207353,1790948374.207353,0,0,1,0,-0.12529534848783852,-0.12529534848783852
1790948373.207353,1790948375.207353,0,0,1,0,-0.12529534848783852,-0.12529534848783852
1790948374.207353,1790948376.207353,0,0,1,0,-0.12529534848783852,-0.12529534848783852
1790948375.207353,1790948377.207353,0,0,1,0,-0.12529534848783852,-0.12529534848783852
1790948376.207353,1790948378.207353,0,0,1,0,-0.12529534848783852,-0.12529534848783852
1790948377.207353,1790948379.207353,0,0,1,0,-0.12529534848783852,-0.12529534848783852
1790948378.207353,1790948380.207353,0,0,1,0,-0.12529534848783852,-0.12529534848783852
1790948379.207353,1790948381.207353,0,0,1,0,-0.12529534848783852,-0.12529534848783852
1790948380.207353,1790948382.207353,0,0,1,0,-0.12529534848783852,-0.12529534848783852
1790948381.207353,1790948383.207353,0,0,1,0,-0.12529534848783852,-0.12529534848783852
1790948382.207353,1790948384.207353,0,0,1,0,-0.12529534848783852,-0.12529534848783852
1790948383.207353,1790948385.207353,0,0,1,0,-0.12529534848783852,-0.12529534848783852
1790948384.207353,1790948386.207353,0,0,1,0,-0.12529534848783852,-0.12529534848783852
1790948385.207353,1790948387.207353,0,0,1,0,-0.12529534848783852,-0.12529534848783852
1790948386.207353,1790948388.207353,0,0,1,0,-0.12529534848783852,-0.12529534848783852
1790948387.207353,1790948389.207353,0,0,1,0,-0.12529534848783852,-0.12529534848783852
1790948388.207353,1790948390.207353,0,0,1,0,-0.12529534848783852,-0.12529534848783852
1790948389.207353,1790948391.207353,0,0,1,0,-0.12529534848783852,-0.12529534848783852
1790948390.207353,1790948392.207353,0,0,1,0,-0.12529534848783852,-0.12529534848783852
1790948391.207353,1790948393.207353,0,0,1,0,-0.12529534848783852,-0.12529534848783852
1790948392.207353,1790948394.207353,0,0,1,0,-0.12529534848783852,-0.12529534848783852
1790948393.207353,1790948395.207353,0,0,1,0,-0.12529534848783852,-0.12529534848783852
1790948394.207353,1790948396.207353,0,0,1,0,-0.12529534848783852,-0.12529534848783852
1790948395.207353,1790948397.207353,0,0,1,0,-0.12529534848783852,-0.12529534848783852
1790948396.207353,1790948398.207353,0,0,1,0,-0.12529534848783852,-0.12529534848783852
1790948397.207353,1790948399.207353,0,0,1,0,-0.12529534848783852,-0.12529534848783852
1790948398.207353,1790948400.207353,0,0,1,0,-0.12529534848783852,-0.12529534848783852
1790948399.207353,1790948401.207353,0,0,1,0,-0.12529534848783852,-0.12529534848783852
1790948400.207353,1790948402.207353,0,0,1,0,-0.12529534848783852,-0.12529534848783852
1790948401.207353,1790948403.207353,0,0,1,0,-0.12529534848783852,-0.12529534848783852
1790948402.207353,1790948404.207353,0,0,1,0,-0.12529534848783852,-0.12529534848783852
1790948403.207353,1790948405.207353,0,0,1,0,-0.12529534848783852,-0.12529534848783852
1790948404.207353,1790948406.207353,0,0,1,0,-0.12529534848783852,-0.12529534848783852
1790948405.207353,1790948407.207353,0,0,1,0,-0.12529534848783852,-0.12529534848783852
1790948406.207353,1790948408.207353,0,0,1,0,-0.12529534848783852,-0.12529534848783852
1790948407.207353,1790948409.207353,0,0,1,0,-0.12529534848783852,-0.12529534848783852
1790948408.207353,1790948410.207353,0,0,1,0,-0.12529534848783852,-0.12529534848783852
1790948409.207353,1790948411.207353,0,0,1,0,-0.12529534848783852,-0.12529534848783852
1790948410.207353,1790948412.207353,0,0,1,0,-0.12529534848783852,-0.12529534848783852
1790948411.207353,1790948413.207353,0,0,1,0,-0.12529534848783852,-0.12529534848783852
1790948412.207353,1790948414.207353,0,0,1,0,-0.12529534848783852,-0.12529534848783852
1790948413.207353,1790948415.207353,0,0,1,0,-0.12529534848783852,-0.12529534848783852
1790948414.207353,1790948416.207353,0,0,1,0,-0.12529534848783852,-0.12529534848783852
1790948415.207353,1790948417.207353,0,0,1,0,-0.12529534848783852,-0.12529534848783852
1790948416.207353,1790948418.207353,0,0,1,0,-0.12529534848783852,-0.12529534848783852
1790948417.207353,1790948419.207353,0,0,1,0,-0.12529534848783852,-0.12529534848783852
1790948418.207353,1790948420.207353,0,0,1,0,-0.12529534848783852,-0.12529534848783852
1790948419.207353,1790948421.207353,0,0,1,0,-0.12529534848783852,-0.12529534848783852
1790948420.207353,1790948422.207353,0,0,1,0,-0.12529534848783852,-0.12529534848783852
1790948421.207353,1790948423.207353,0,0,1,0,-0.12529534848783852,-0.12529534848783852
1790948422.207353,1790948424.207353,0,0,1,0,-0.12529534848783852,-0.12529534848783852
1790948423.207353,1790948425.207353,0,0,1,0,-0.12529534848783852,-0.12529534848783852
1790948424.207353,1790948426.207353,0,0,1,0,-0.12529534848783852,-0.12529534848783852
1790948425.207353,1790948427.207353,0,0,1,0,-0.12529534848783852,-0.12529534848783852
1790948426.207353,1790948428.207353,0,0,1,0,-0.12529534848783852,-0.12529534848783852
1790948427.207353,1790948429.207353,0,0,1,0,-0.12529534848783852,-0.12529534848783852
1790948428.207353,1790948430.207353,0,0,1,0,-0.12529534848783852,-0.12529534848783852
1790948429.207353,1790948431.207353,0,0,1,0,-0.12529534848783852,-0.12529534848783852
1790948430.207353,1790948432.207353,0,0,1,0,-0.12529534848783852,-0.12529534848783852
1790948431.207353,1790948433.207353,0,0,1,0,-0.12529534848783852,-0.12529534848783852
1790948432.207353,1790948434.207353,0,0,1,0,-0.12529534848783852,-0.12529534848783852
1790948433.207353,1790948435.207353,0,0,1,0,-0.12529534848783852,-0.12529534848783852
1790948434.207353,1790948436.207353,0,0,1,0,-0.12529534848783852,-0.12529534848783852
1790948435.207353,1790948437.207353,0,0,1,0,-0.12529534848783852,-0.12529534848783852
1790948436.207353,1790948438.207353,0,0,1,0,-0.12529534848783852,-0.12529534848783852
1790948437.207353,1790948439.207353,0,0,1,0,-0.12529534848783852,-0.12529534848783852
1790948438.207353,1790948440.207353,0,0,1,0,-0.12529534848783852,-0.12529534848783852
1790948439.207353,1790948441.207353,0,0,1,0,-0.12529534848783852,-0.12529534848783852
1790948440.207353,1790948442.207353,0,0,1,0,-0.12529534848783852,-0.12529534848783852
1790948441.207353,1790948443.207353,0,0,1,0,-0.12529534848783852,-0.12529534848783852
1790948442.207353,1790948444.207353,0,0,1,0,-0.12529534848783852,-0.12529534848783852
1790948443.207353,1790948445.207353,0,0,1,0,-0.12529534848783852,-0.12529534848783852
1790948444.207353,1790948446.207353,0,0,1,0,-0.12529534848783852,-0.12529534848783852
1790948445.207353,1790948447.207353,0,0,1,0,-0.12529534848783852,-0.12529534848783852
1790948446.207353,1790948448.207353,0,0,1,0,-0.12529534848783852,-0.12529534848783852
1790948447.207353,1790948449.207353,0,0,1,0,-0.12529534848783852,-0.12529534848783852
1790948448.207353,1790948450.207353,0,0,1,0,-0.12529534848783852,-0.12529534848783852
1790948449.207353,1790948451.207353,0,0,1,0,-0.12529534848783852,-0.12529534848783852
1790948450.207353,1790948452.207353,0,0,1,0,-0.12529534848783852,-0.12529534848783852
1790948451.207353,1790948453.207353,0,0,1,0,-0.12529534848783852,-0.12529534848783852
1790948452.207353,1790948454.207353,0,0,1,0,-0.12529534848783852,-0.12529534848783852
1790948453.207353,1790948455.207353,0,0,1,0,-0.12529534848783852,-0.12529534848783852
1790948454.207353,1790948456.207353,0,0,1,0,-0.12529534848783852,-0.12529534848783852
1790948455.207353,1790948457.207353,0,0,1,0,-0.12529534848783852,-0.12529534848783852
1790948456.207353,1790948458.207353,0,0,1,0,-0.12529534848783852,-0.12529534848783852
1790948457.207353,1790948459.207353,0,0,1,0,-0.12529534848783852,-0.12529534848783852
1790948458.207353,1790948460.207353,0,0,1,0,-0.12529534848783852,-0.12529534848783852
1790948459.207353,1790948461.207353,0,0,1,0,-0.12529534848783852,-0.12529534848783852
1790948460.207353,1790948462.207353,0,0,1,0,-0.12529534848783852,-0.12529534848783852
1790948461.207353,1790948463.207353,0,0,1,0,-0.12529534848783852,-0.12529534848783852
1790948462.207353,1790948464.207353,0,0,1,0,-0.12529534848783852,-0.12529534848783852
1790948463.207353,1790948465.207353,0,0,1,0,-0.12529534848783852,-0.12529534848783852
1790948464.207353,1790948466.207353,0,0,1,0,-0.12529534848783852,-0.12529534848783852
1790948465.207353,1790948467.207353,0,0,1,0,-0.12529534848783852,-0.12529534848783852
1790948466.207353,1790948468.207353,0,0,1,0,-0.12529534848783852,-0.12529534848783852
1790948467.207353,1790948469.207353,0,0,1,0,-0.12529534848783852,-0.12529534848783852
1790948468.207353,1790948470.207353,0,0,1,0,-0.12529534848783852,-0.12529534848783852
1790948469.207353,1790948471.207353,0,0,1,0,-0.12529534848783852,-0.12529534848783852
1790948470.207353,1790948472.207353,0,0,1,0,-0.12529534848783852,-0.12529534848783852
1790948471.207353,1790948473.207353,0,0,1,0,-0.12529534848783852,-0.12529534848783852
1790948472.207353,1790948474.207353,0,0,1,0,-0.12529534848783852,-0.12529534848783852
1790948473.207353,1790948475.207353,0,0,1,0,-0.12529534848783852,-0.12529534848783852
1790948474.207353,1790948476.207353,0,0,1,0,-0.12529534848783852,-0.12529534848783852
1790948475.207353,1790948477.207353,0,0,1,0,-0.12529534848783852,-0.12529534848783852
1790948476.207353,1790948478.207353,0,0,1,0,-0.12529534848783852,-0.12529534848783852
1790948477.207353,1790948479.207353,0,0,1,0,-0.12529534848783852,-0.12529534848783852
1790948478.207353,1790948480.207353,0,0,1,0,-0.12529534848783852,-0.12529534848783852
1790948479.207353,1790948481.207353,0,0,1,0,-0.12529534848783852,-0.12529534848783852
1790948480.207353,1790948482.207353,0,0,1,0,-0.12529534848783852,-0.12529534848783852
1790948481.207353,1790948483.207353,0,0,1,0,-0.12529534848783852,-0.12529534848783852
1790948482.207353,1790948484.207353,0,0,1,0,-0.12529534848783852,-0.12529534848783852
1790948483.207353,1790948485.207353,0,0,1,0,-0.12529534848783852,-0.12529534848783852
1790948484.207353,1790948486.207353,0,0,1,0,-0.12529534848783852,-0.12529534848783852
1790948485.207353,1790948487.207353,0,0,1,0,-0.12529534848783852,-0.12529534848783852
1790948486.207353,1790948488.207353,0,0,1,0,-0.12529534848783852,-0.12529534848783852
1790948487.207353,1790948489.207353,0,0,1,0,-0.12529534848783852,-0.12529534848783852
1790948488.207353,1790948490.207353,0,0,1,0,-0.12529534848783852,-0.12529534848783852
1790948489.207353,1790948491.207353,0,0,1,0,-0.12529534848783852,-0.12529534848783852
1790948490.207353,1790948492.207353,0,0,1,0,-0.12529534848783852,-0.12529534848783852
1790948491.207353,1790948493.207353,0,0,1,0,-0.12529534848783852,-0.12529534848783852
1790948492.207353,1790948494.207353,0,0,1,0,-0.12529534848783852,-0.12529534848783852
1790948493.207353,1790948495.207353,0,0,1,0,-0.12529534848783852,-0.12529534848783852
1790948494.207353,1790948496.207353,0,0,1,0,-0.12529534848783852,-0.12529534848783852
1790948495.207353,1790948497.207353,0,0,1,0,-0.12529534848783852,-0.12529534848783852
1790948496.207353,1790948498.207353,0,0,1,0,-0.12529534848783852,-0.12529534848783852
1790948497.207353,1790948499.207353,0,0,1,0,-0.12529534848783852,-0.12529534848783852
1790948498.207353,1790948500.207353,0,0,1,0,-0.12529534848783852,-0.12529534848783852
1790948499.207353,1790948501.207353,0,0,1,0,-0.12529534848783852,-0.12529534848783852
1790948500.207353,1790948502.207353,0,0,1,0,-0.12529534848783852,-0.12529534848783852
1790948501.207353,1790948503.207353,0,0,1,0,-0.12529534848783852,-0.12529534848783852
1790948502.207353,1790948504.207353,0,0,1,0,-0.12529534848783852,-0.12529534848783852
1790948503.207353,1790948505.207353,0,0,1,0,-0.12529534848783852,-0.12529534848783852
1790948504.207353,1790948506.207353,0,0,1,0,-0.12529534848783852,-0.12529534848783852
1790948505.207353,1790948507.207353,0,0,1,0,-0.12529534848783852,-0.12529534848783852
1790948506.207353,1790948508.207353,0,0,1,0,-0.12529534848783852,-0.12529534848783852
1790948507.207353,1790948509.207353,0,0,1,0,-0.12529534848783852,-0.12529534848783852
1790948508.207353,1790948510.207353,0,0,1,0,-0.12529534848783852,-0.12529534848783852
1790948509.207353,1790948511.207353,0,0,1,0,-0.12529534848783852,-0.12529534848783852
1790948510.207353,1790948512.207353,0,0,1,0,-0.12529534848783852,-0.12529534848783852
1790948511.207353,1790948513.207353,0,0,1,0,-0.12529534848783852,-0.12529534848783852
1790948512.207353,1790948514.207353,0,0,1,0,-0.12529534848783852,-0.12529534848783852
1790948513.207353,1790948515.207353,0,0,1,0,-0.12529534848783852,-0.12529534848783852
1790948514.207353,1790948516.207353,0,0,1,0,-0.12529534848783852,-0.12529534848783852
1790948515.207353,1790948517.207353,0,0,1,0,-0.12529534848783852,-0.12529534848783852
1790948516.207353,1790948518.207353,0,0,1,0,-0.12529534848783852,-0.12529534848783852
1790948517.207353,1790948519.207353,0,0,1,0,-0.12529534848783852,-0.12529534848783852
1790948518.207353,1790948520.207353,0,0,1,0,-0.12529534848783852,-0.12529534848783852
1790948519.207353,1790948521.207353,0,0,1,0,-0.12529534848783852,-0.12529534848783852
1790948520.207353,1790948522.207353,0,0,1,0,-0.12529534848783852,-0.12529534848783852
1790948521.207353,1790948523.207353,0,0,1,0,-0.12529534848783852,-0.12529534848783852
1790948522.207353,1790948524.207353,0,0,1,0,-0.12529534848783852,-0.12529534848783852
1790948523.207353,1790948525.207353,0,0,1,0,-0.12529534848783852,-0.12529534848783852
1790948524.207353,1790948526.207353,0,0,1,0,-0.12529534848783852,-0.12529534848783852
1790948525.207353,1790948527.207353,0,0,1,0,-0.12529534848783852,-0.12529534848783852
1790948526.207353,1790948528.207353,0,0,1,0,-0.12529534848783852,-0.12529534848783852
1790948527.207353,1790948529.207353,0,0,1,0,-0.12529534848783852,-0.12529534848783852
1790948528.207353,1790948530.207353,0,0,1,0,-0.12529534848783852,-0.12529534848783852
1790948529.207353,1790948531.207353,0,0,1,0,-0.12529534848783852,-0.12529534848783852
1790948530.207353,1790948532.207353,0,0,1,0,-0.12529534848783852,-0.12529534848783852
1790948531.207353,1790948533.207353,0,0,1,0,-0.12529534848783852,-0.12529534848783852
1790948532.207353,1790948534.207353,0,0,1,0,-0.12529534848783852,-0.12529534848783852
1790948533.207353,1790948535.207353,0,0,1,0,-0.12529534848783852,-0.12529534848783852
1790948534.207353,1790948536.207353,0,0,1,0,-0.12529534848783852,-0.12529534848783852
1790948535.207353,1790948537.207353,0,0,1,0,-0.12529534848783852,-0.12529534848783852
1790948536.207353,1790948538.207353,0,0,1,0,-0.12529534848783852,-0.12529534848783852
1790948537.207353,1790948539.207353,0,0,1,0,-0.12529534848783852,-0.12529534848783852
1790948538.207353,1790948540.207353,0,0,1,0,-0.12529534848783852,-0.12529534848783852
1790948539.207353,1790948541.207353,0,0,1,0,-0.12529534848783852,-0.12529534848783852
1790948540.207353,1790948542.207353,0,0,1,0,-0.12529534848783852,-0.12529534848783852
1790948541.207353,1790948543.207353,0,0,1,0,-0.12529534848783852,-0.12529534848783852
1790948542.207353,1790948544.207353,0,0,1,0,-0.12529534848783852,-0.12529534848783852
1790948543.207353,1790948545.207353,0,0,1,0,-0.12529534848783852,-0.12529534848783852
1790948544.207353,1790948546.207353,0,0,1,0,-0.12529534848783852,-0.12529534848783852
1790948545.207353,1790948547.207353,0,0,1,0,-0.12529534848783852,-0.12529534848783852
1790948546.207353,1790948548.207353,0,0,1,0,-0.12529534848783852,-0.12529534848783852
1790948547.207353,1790948549.207353,0,0,1,0,-0.12529534848783852,-0.12529534848783852
1790948548.207353,1790948550.207353,0,0,1,0,-0.12529534848783852,-0.12529534848783852
1790948549.207353,1790948551.207353,0,0,1,0,-0.12529534848783852,-0.12529534848783852
1790948550.207353,1790948552.207353,0,0,1,0,-0.12529534848783852,-0.12529534848783852
1790948551.207353,1790948553.207353,0,0,1,0,-0.12529534848783852,-0.12529534848783852
1790948552.207353,1790948554.207353,0,0,1,0,-0.12529534848783852,-0.12529534848783852
1790948553.207353,1790948555.207353,0,0,1,0,-0.12529534848783852,-0.12529534848783852
1790948554.207353,1790948556.207353,0,0,1,0,-0.12529534848783852,-0.12529534848783852
1790948555.207353,1790948557.207353,0,0,1,0,-0.12529534848783852,-0.12529534848783852
1790948556.207353,1790948558.207353,0,0,1,0,-0.12529534848783852,-0.12529534848783852
1790948557.207353,1790948559.207353,0,0,1,0,-0.12529534848783852,-0.12529534848783852
1790948558.207353,1790948560.207353,0,0,1,0,-0.12529534848783852,-0.12529534848783852
1790948559.207353,1790948561.207353,0,0,1,0,-0.12529534848783852,-0.12529534848783852
1790948560.207353,1790948562.207353,0,0,1,0,-0.12529534848783852,-0.12529534848783852
1790948561.207353,1790948563.207353,0,0,1,0,-0.12529534848783852,-0.12529534848783852
1790948562.207353,1790948564.207353,0,0,1,0,-0.12529534848783852,-0.12529534848783852
1790948563.207353,1790948565.207353,0,0,1,0,-0.12529534848783852,-0.12529534848783852
1790948564.207353,1790948566.207353,0,0,1,0,-0.12529534848783852,-0.12529534848783852
1790948565.207353,1790948567.207353,0,0,1,0,-0.12529534848783852,-0.12529534848783852
1790948566.207353,1790948568.207353,0,0,1,0,-0.12529534848783852,-0.12529534848783852
1790948567.207353,1790948569.207353,0,0,1,0,-0.12529534848783852,-0.12529534848783852
1790948568.207353,1790948570.207353,0,0,1,0,-0.12529534848783852,-0.12529534848783852
1790948569.207353,1790948571.207353,0,0,1,0,-0.12529534848783852,-0.12529534848783852
1790948570.207353,1790948572.207353,0,0,1,0,-0.12529534848783852,-0.12529534848783852
1790948571.207353,1790948573.207353,0,0,1,0,-0.12529534848783852,-0.12529534848783852
1790948572.207353,1790948574.207353,0,0,1,0,-0.12529534848783852,-0.12529534848783852
1790948573.207353,1790948575.207353,0,0,1,0,-0.12529534848783852,-0.12529534848783852
1790948574.207353,1790948576.207353,0,0,1,0,-0.12529534848783852,-0.12529534848783852
1790948575.207353,1790948577.207353,0,0,1,0,-0.12529534848783852,-0.12529534848783852
1790948576.207353,1790948578.207353,0,0,1,0,-0.12529534848783852,-0.12529534848783852
1790948577.207353,1790948579.207353,0,0,1,0,-0.12529534848783852,-0.12529534848783852
1790948578.207353,1790948580.207353,0,0,1,0,-0.12529534848783852,-0.12529534848783852
1790948579.207353,1790948581.207353,0,0,1,0,-0.12529534848783852,-0.12529534848783852
1790948580.207353,1790948582.207353,0,0,1,0,-0.12529534848783852,-0.12529534848783852
1790948581.207353,1790948583.207353,0,0,1,0,-0.12529534848783852,-0.12529534848783852
1790948582.207353,1790948584.207353,0,0,1,0,-0.12529534848783852,-0.12529534848783852
1790948583.207353,1790948585.207353,0,0,1,0,-0.12529534848783852,-0.12529534848783852
1790948584.207353,1790948586.207353,0,0,1,0,-0.12529534848783852,-0.12529534848783852
1790948585.207353,1790948587.207353,0,0,1,0,-0.12529534848783852,-0.12529534848783852
1790948586.207353,1790948588.207353,0,0,1,0,-0.12529534848783852,-0.12529534848783852
1790948587.207353,1790948589.207353,0,0,1,0,-0.12529534848783852,-0.12529534848783852
1790948588.207353,1790948590.207353,0,0,1,0,-0.12529534848783852,-0.12529534848783852
1790948589.207353,1790948591.207353,0,0,1,0,-0.12529534848783852,-0.12529534848783852
1790948590.207353,1790948592.207353,0,0,1,0,-0.12529534848783852,-0.12529534848783852
1790948591.207353,1790948593.207353,0,0,1,0,-0.12529534848783852,-0.12529534848783852
1790948592.207353,1790948594.207353,0,0,1,0,-0.12529534848783852,-0.12529534848783852
1790948593.207353,1790948595.207353,0,0,1,0,-0.12529534848783852,-0.12529534848783852
1790948594.207353,1790948596.207353,0,0,1,0,-0.12529534848783852,-0.12529534848783852
1790948595.207353,1790948597.207353,0,0,1,0,-0.12529534848783852,-0.12529534848783852
1790948596.207353,1790948598.207353,0,0,1,0,-0.12529534848783852,-0.12529534848783852
1790948597.207353,1790948599.207353,0,0,1,0,-0.12529534848783852,-0.12529534848783852
1790948598.207353,1790948600.207353,0,0,1,0,-0.12529534848783852,-0.12529534848783852
1790948599.207353,1790948601.207353,0,0,1,0,-0.12529534848783852,-0.12529534848783852
1790948600.207353,1790948602.207353,0,0,1,0,-0.12529534848783852,-0.12529534848783852
1790948601.207353,1790948603.207353,0,0,1,0,-0.12529534848783852,-0.12529534848783852
1790948602.207353,1790948604.207353,0,0,1,0,-0.12529534848783852,-0.12529534848783852
1790948603.207353,1790948605.207353,0,0,1,0,-0.12529534848783852,-0.12529534848783852
1790948604.207353,1790948606.207353,0,0,1,0,-0.12529534848783852,-0.12529534848783852
1790948605.207353,1790948607.207353,0,0,1,0,-0.12529534848783852,-0.12529534848783852
1790948606.207353,1790948608.207353,0,0,1,0,-0.12529534848783852,-0.12529534848783852
1790948607.207353,1790948609.207353,0,0,1,0,-0.12529534848783852,-0.12529534848783852
1790948608.207353,1790948610.207353,0,0,1,0,-0.12529534848783852,-0.12529534848783852
1790948609.207353,1790948611.207353,0,0,1,0,-0.12529534848783852,-0.12529534848783852
1790948610.207353,1790948612.207353,0,0,1,0,-0.12529534848783852,-0.12529534848783852
1790948611.207353,1790948613.207353,0,0,1,0,-0.12529534848783852,-0.12529534848783852
1790948612.207353,1790948614.207353,0,0,1,0,-0.12529534848783852,-0.12529534848783852
1790948613.207353,1790948615.207353,0,0,1,0,-0.12529534848783852,-0.12529534848783852
1790948614.207353,1790948616.207353,0,0,1,0,-0.12529534848783852,-0.12529534848783852
1790948615.207353,1790948617.207353,0,0,1,0,-0.12529534848783852,-0.12529534848783852
1790948616.207353,1790948618.207353,0,0,1,0,-0.12529534848783852,-0.12529534848783852
1790948617.207353,1790948619.207353,0,0,1,0,-0.12529534848783852,-0.12529534848783852
1790948618.207353,1790948620.207353,0,0,1,0,-0.12529534848783852,-0.12529534848783852
1790948619.207353,1790948621.207353,0,0,1,0,-0.12529534848783852,-0.12529534848783852
1790948620.207353,1790948622.207353,0,0,1,0,-0.12529534848783852,-0.12529534848783852
1790948621.207353,1790948623.207353,0,0,1,0,-0.12529534848783852,-0.12529534848783852
1790948622.207353,1790948624.207353,0,0,1,0,-0.12529534848783852,-0.12529534848783852
1790948623.207353,1790948625.207353,0,0,1,0,-0.12529534848783852,-0.12529534848783852
1790948624.207353,1790948626.207353,0,0,1,0,-0.12529534848783852,-0.12529534848783852
1790948625.207353,1790948627.207353,0,0,1,0,-0.12529534848783852,-0.12529534848783852
1790948626.207353,1790948628.207353,0,0,1,0,-0.12529534848783852,-0.12529534848783852
1790948627.207353,1790948629.207353,0,0,1,0,-0.12529534848783852,-0.12529534848783852
1790948628.207353,1790948630.207353,0,0,1,0,-0.12529534848783852,-0.12529534848783852
1790948629.207353,1790948631.207353,0,0,1,0,-0.12529534848783852,-0.12529534848783852
1790948630.207353,1790948632.207353,0,0,1,0,-0.12529534848783852,-0.12529534848783852
1790948631.207353,1790948633.207353,0,0,1,0,-0.12529534848783852,-0.12529534848783852
1790948632.207353,1790948634.207353,0,0,1,0,-0.12529534848783852,-0.12529534848783852
1790948633.207353,1790948635.207353,0,0,1,0,-0.12529534848783852,-0.12529534848783852
1790948634.207353,1790948636.207353,0,0,1,0,-0.12529534848783852,-0.12529534848783852
1790948635.207353,1790948637.207353,0,0,1,0,-0.12529534848783852,-0.12529534848783852
1790948636.207353,1790948638.207353,0,0,1,0,-0.12529534848783852,-0.12529534848783852
1790948637.207353,1790948639.207353,0,0,1,0,-0.12529534848783852,-0.12529534848783852
1790948638.207353,1790948640.207353,0,0,1,0,-0.12529534848783852,-0.12529534848783852
1790948639.207353,1790948641.207353,0,0,1,0,-0.12529534848783852,-0.12529534848783852
1790948640.207353,1790948642.207353,0,0,1,0,-0.12529534848783852,-0.12529534848783852
1790948641.207353,1790948643.207353,0,0,1,0,-0.12529534848783852,-0.12529534848783852
1790948642.207353,1790948644.207353,0,0,1,0,-0.12529534848783852,-0.12529534848783852
1790948643.207353,1790948645.207353,0,0,1,0,-0.12529534848783852,-0.12529534848783852
1790948644.207353,1790948646.207353,0,0,1,0,-0.12529534848783852,-0.12529534848783852
1790948645.207353,1790948647.207353,0,0,1,0,-0.12529534848783852,-0.12529534848783852
1790948646.207353,1790948648.207353,0,0,1,0,-0.12529534848783852,-0.12529534848783852
1790948647.207353,1790948649.207353,0,0,1,0,-0.12529534848783852,-0.12529534848783852
1790948648.207353,1790948650.207353,0,0,1,0,-0.12529534848783852,-0.12529534848783852
1790948649.207353,1790948651.207353,0,0,1,0,-0.12529534848783852,-0.12529534848783852
1790948650.207353,1790948652.207353,0,0,1,0,-0.12529534848783852,-0.12529534848783852
1790948651.207353,1790948653.207353,0,0,1,0,-0.12529534848783852,-0.12529534848783852
1790948652.207353,1790948654.207353,0,0,1,0,-0.12529534848783852,-0.12529534848783852
1790948653.207353,1790948655.207353,0,0,1,0,-0.12529534848783852,-0.12529534848783852
1790948654.207353,1790948656.207353,0,0,1,0,-0.12529534848783852,-0.12529534848783852
1790948655.207353,1790948657.207353,0,0,1,0,-0.12529534848783852,-0.12529534848783852
1790948656.207353,1790948658.207353,0,0,1,0,-0.12529534848783852,-0.12529534848783852
1790948657.207353,1790948659.207353,0,0,1,0,-0.12529534848783852,-0.12529534848783852
1790948658.207353,1790948660.207353,0,0,1,0,-0.12529534848783852,-0.12529534848783852
1790948659.207353,1790948661.207353,0,0,1,0,-0.12529534848783852,-0.12529534848783852
1790948660.207353,1790948662.207353,0,0,1,0,-0.12529534848783852,-0.12529534848783852
1790948661.207353,1790948663.207353,0,0,1,0,-0.12529534848783852,-0.12529534848783852
1790948662.207353,1790948664.207353,0,0,1,0,-0.12529534848783852,-0.12529534848783852
1790948663.207353,1790948665.207353,0,0,1,0,-0.12529534848783852,-0.12529534848783852
1790948664.207353,1790948666.207353,0,0,1,0,-0.12529534848783852,-0.12529534848783852
1790948665.207353,1790948667.207353,0,0,1,0,-0.12529534848783852,-0.12529534848783852
1790948666.207353,1790948668.207353,0,0,1,0,-0.12529534848783852,-0.12529534848783852
1790948667.207353,1790948669.207353,0,0,1,0,-0.12529534848783852,-0.12529534848783852
1790948668.207353,1790948670.207353,0,0,1,0,-0.12529534848783852,-0.12529534848783852
1790948669.207353,1790948671.207353,0,0,1,0,-0.12529534848783852,-0.12529534848783852
1790948670.207353,1790948672.207353,0,0,1,0,-0.12529534848783852,-0.12529534848783852
1790948671.207353,1790948673.207353,0,0,1,0,-0.12529534848783852,-0.12529534848783852
1790948672.207353,1790948674.207353,0,0,1,0,-0.12529534848783852,-0.12529534848783852
1790948673.207353,1790948675.207353,0,0,1,0,-0.12529534848783852,-0.12529534848783852
1790948674.207353,1790948676.207353,0,0,1,0,-0.12529534848783852,-0.12529534848783852
1790948675.207353,1790948677.207353,0,0,1,0,-0.12529534848783852,-0.12529534848783852
1790948676.207353,1790948678.207353,0,0,1,0,-0.12529534848783852,-0.12529534848783852
1790948677.207353,1790948679.207353,0,0,1,0,-0.12529534848783852,-0.12529534848783852
1790948678.207353,1790948680.207353,0,0,1,0,-0.12529534848783852,-0.12529534848783852
1790948679.207353,1790948681.207353,0,0,1,0,-0.12529534848783852,-0.12529534848783852
1790948680.207353,1790948682.207353,0,0,1,0,-0.12529534848783852,-0.12529534848783852
1790948681.207353,1790948683.207353,0,0,1,0,-0.12529534848783852,-0.12529534848783852
1790948682.207353,1790948684.207353,0,0,1,0,-0.12529534848783852,-0.12529534848783852
1790948683.207353,1790948685.207353,0,0,1,0,-0.12529534848783852,-0.12529534848783852
1790948684.207353,1790948686.207353,0,0,1,0,-0.12529534848783852,-0.12529534848783852
1790948685.207353,1790948687.207353,0,0,1,0,-0.12529534848783852,-0.12529534848783852
1790948686.207353,1790948688.207353,0,0,1,0,-0.12529534848783852,-0.12529534848783852
1790948687.207353,1790948689.207353,0,0,1,0,-0.12529534848783852,-0.12529534848783852
1790948688.207353,1790948690.207353,0,0,1,0,-0.12529534848783852,-0.12529534848783852
1790948689.207353,1790948691.207353,0,0,1,0,-0.12529534848783852,-0.12529534848783852
1790948690.207353,1790948692.207353,0,0,1,0,-0.12529534848783852,-0.12529534848783852
1790948691.207353,1790948693.207353,0,0,1,0,-0.12529534848783852,-0.12529534848783852
1790948692.207353,1790948694.207353,0,0,1,0,-0.12529534848783852,-0.12529534848783852
1790948693.207353,1790948695.207353,0,0,1,0,-0.12529534848783852,-0.12529534848783852
1790948694.207353,1790948696.207353,0,0,1,0,-0.12529534848783852,-0.12529534848783852
1790948695.207353,1790948697.207353,0,0,1,0,-0.12529534848783852,-0.12529534848783852
1790948696.207353,1790948698.207353,0,0,1,0,-0.12529534848783852,-0.12529534848783852
1790948697.207353,1790948699.207353,0,0,1,0,-0.12529534848783852,-0.12529534848783852
1790948698.207353,1790948700.207353,0,0,1,0,-0.12529534848783852,-0.12529534848783852
1790948699.207353,1790948701.207353,0,0,1,0,-0.12529534848783852,-0.12529534848783852
1790948700.207353,1790948702.207353,0,0,1,0,-0.12529534848783852,-0.12529534848783852
1790948701.207353,1790948703.207353,0,0,1,0,-0.12529534848783852,-0.12529534848783852
1790948702.207353,1790948704.207353,0,0,1,0,-0.12529534848783852,-0.12529534848783852
1790948703.207353,1790948705.207353,0,0,1,0,-0.12529534848783852,-0.12529534848783852
1790948704.207353,1790948706.207353,0,0,1,0,-0.12529534848783852,-0.12529534848783852
1790948705.207353,1790948707.207353,0,0,1,0,-0.12529534848783852,-0.12529534848783852
1790948706.207353,1790948708.207353,0,0,1,0,-0.12529534848783852,-0.12529534848783852
1790948707.207353,1790948709.207353,0,0,1,0,-0.12529534848783852,-0.12529534848783852
1790948708.207353,1790948710.207353,0,0,1,0,-0.12529534848783852,-0.12529534848783852
1790948709.207353,1790948711.207353,0,0,1,0,-0.12529534848783852,-0.12529534848783852
1790948710.207353,1790948712.207353,0,0,1,0,-0.12529534848783852,-0.12529534848783852
1790948711.207353,1790948713.207353,0,0,1,0,-0.12529534848783852,-0.12529534848783852
1790948712.207353,1790948714.207353,0,0,1,0,-0.12529534848783852,-0.12529534848783852
1790948713.207353,1790948715.207353,0,0,1,0,-0.12529534848783852,-0.12529534848783852
1790948714.207353,1790948716.207353,0,0,1,0,-0.12529534848783852,-0.12529534848783852
1790948715.207353,1790948717.207353,0,0,1,0,-0.12529534848783852,-0.12529534848783852
1790948716.207353,1790948718.207353,0,0,1,0,-0.12529534848783852,-0.12529534848783852
1790948717.207353,1790948719.207353,0,0,1,0,-0.12529534848783852,-0.12529534848783852
1790948718.207353,1790948720.207353,0,0,1,0,-0.12529534848783852,-0.12529534848783852
1790948719.207353,1790948721.207353,0,0,1,0,-0.12529534848783852,-0.12529534848783852
1790948720.207353,1790948722.207353,0,0,1,0,-0.12529534848783852,-0.12529534848783852
1790948721.207353,1790948723.207353,0,0,1,0,-0.12529534848783852,-0.12529534848783852
1790948722.207353,1790948724.207353,0,0,1,0,-0.12529534848783852,-0.12529534848783852
1790948723.207353,1790948725.207353,0,0,1,0,-0.12529534848783852,-0.12529534848783852
1790948724.207353,1790948726.207353,0,0,1,0,-0.12529534848783852,-0.12529534848783852
1790948725.207353,1790948727.207353,0,0,1,0,-0.12529534848783852,-0.12529534848783852
1790948726.207353,1790948728.207353,0,0,1,0,-0.12529534848783852,-0.12529534848783852
1790948727.207353,1790948729.207353,0,0,1,0,-0.12529534848783852,-0.12529534848783852
1790948728.207353,1790948730.207353,0,0,1,0,-0.12529534848783852,-0.12529534848783852
1790948729.207353,1790948731.207353,0,0,1,0,-0.12529534848783852,-0.12529534848783852
1790948730.207353,1790948732.207353,0,0,1,0,-0.12529534848783852,-0.12529534848783852
1790948731.207353,1790948733.207353,0,0,1,0,-0.12529534848783852,-0.12529534848783852
1790948732.207353,1790948734.207353,0,0,1,0,-0.12529534848783852,-0.12529534848783852
1790948733.207353,1790948735.207353,0,0,1,0,-0.12529534848783852,-0.12529534848783852
1790948734.207353,1790948736.207353,0,0,1,0,-0.12529534848783852,-0.12529534848783852
1790948735.207353,1790948737.207353,0,0,1,0,-0.12529534848783852,-0.12529534848783852
1790948736.207353,1790948738.207353,0,0,1,0,-0.12529534848783852,-0.12529534848783852
1790948737.207353,1790948739.207353,0,0,1,0,-0.12529534848783852,-0.12529534848783852
1790948738.207353,1790948740.207353,0,0,1,0,-0.12529534848783852,-0.12529534848783852
1790948739.207353,1790948741.207353,0,0,1,0,-0.12529534848783852,-0.12529534848783852
1790948740.207353,1790948742.207353,0,0,1,0,-0.12529534848783852,-0.12529534848783852
1790948741.207353,1790948743.207353,0,0,1,0,-0.12529534848783852,-0.12529534848783852
1790948742.207353,1790948744.207353,0,0,1,0,-0.12529534848783852,-0.12529534848783852
1790948743.207353,1790948745.207353,0,0,1,0,-0.12529534848783852,-0.12529534848783852
1790948744.207353,1790948746.207353,0,0,1,0,-0.12529534848783852,-0.12529534848783852
1790948745.207353,1790948747.207353,0,0,1,0,-0.12529534848783852,-0.12529534848783852
1790948746.207353,1790948748.207353,0,0,1,0,-0.12529534848783852,-0.12529534848783852
1790948747.207353,1790948749.207353,0,0,1,0,-0.12529534848783852,-0.12529534848783852
1790948748.207353,1790948750.207353,0,0,1,0,-0.12529534848783852,-0.12529534848783852
1790948749.207353,1790948751.207353,0,0,1,0,-0.12529534848783852,-0.12529534848783852
1790948750.207353,1790948752.207353,0,0,1,0,-0.12529534848783852,-0.12529534848783852
1790948751.207353,1790948753.207353,0,0,1,0,-0.12529534848783852,-0.12529534848783852
1790948752.207353,1790948754.207353,0,0,1,0,-0.12529534848783852,-0.12529534848783852
1790948753.207353,1790948755.207353,0,0,1,0,-0.12529534848783852,-0.12529534848783852
1790948754.207353,1790948756.207353,0,0,1,0,-0.12529534848783852,-0.12529534848783852
1790948755.207353,1790948757.207353,0,0,1,0,-0.12529534848783852,-0.12529534848783852
1790948756.207353,1790948758.207353,0,0,1,0,-0.12529534848783852,-0.12529534848783852
1790948757.207353,1790948759.207353,0,0,1,0,-0.12529534848783852,-0.12529534848783852
1790948758.207353,1790948760.207353,0,0,1,0,-0.12529534848783852,-0.12529534848783852
1790948759.207353,1790948761.207353,0,0,1,0,-0.12529534848783852,-0.12529534848783852
1790948760.207353,1790948762.207353,0,0,1,0,-0.12529534848783852,-0.12529534848783852
1790948761.207353,1790948763.207353,0,0,1,0,-0.12529534848783852,-0.12529534848783852
1790948762.207353,1790948764.207353,0,0,1,0,-0.12529534848783852,-0.12529534848783852
1790948763.207353,1790948765.207353,0,0,1,0,-0.12529534848783852,-0.12529534848783852
1790948764.207353,1790948766.207353,0,0,1,0,-0.12529534848783852,-0.12529534848783852
1790948765.207353,1790948767.207353,0,0,1,0,-0.12529534848783852,-0.12529534848783852
1790948766.207353,1790948768.207353,0,0,1,0,-0.12529534848783852,-0.12529534848783852
1790948767.207353,1790948769.207353,0,0,1,0,-0.12529534848783852,-0.12529534848783852
1790948768.207353,1790948770.207353,0,0,1,0,-0.12529534848783852,-0.12529534848783852
1790948769.207353,1790948771.207353,0,0,1,0,-0.12529534848783852,-0.12529534848783852
1790948770.207353,1790948772.207353,0,0,1,0,-0.12529534848783852,-0.12529534848783852
1790948771.207353,1790948773.207353,0,0,1,0,-0.12529534848783852,-0.12529534848783852
1790948772.207353,1790948774.207353,0,0,1,0,-0.12529534848783852,-0.12529534848783852
1790948773.207353,1790948775.207353,0,0,1,0,-0.12529534848783852,-0.12529534848783852
1790948774.207353,1790948776.207353,0,0,1,0,-0.12529534848783852,-0.12529534848783852
1790948775.207353,1790948777.207353,0,0,1,0,-0.12529534848783852,-0.12529534848783852
1790948776.207353,1790948778.207353,0,0,1,0,-0.12529534848783852,-0.12529534848783852
1790948777.207353,1790948779.207353,0,0,1,0,-0.12529534848783852,-0.12529534848783852
1790948778.207353,1790948780.207353,0,0,1,0,-0.12529534848783852,-0.12529534848783852
1790948779.207353,1790948781.207353,0,0,1,0,-0.12529534848783852,-0.12529534848783852
1790948780.207353,1790948782.207353,0,0,1,0,-0.12529534848783852,-0.12529534848783852
1790948781.207353,1790948783.207353,0,0,1,0,-0.12529534848783852,-0.12529534848783852
1790948782.207353,1790948784.207353,0,0,1,0,-0.12529534848783852,-0.12529534848783852
1790948783.207353,1790948785.207353,0,0,1,0,-0.12529534848783852,-0.12529534848783852
1790948784.207353,1790948786.207353,0,0,1,0,-0.12529534848783852,-0.12529534848783852
1790948785.207353,1790948787.207353,0,0,1,0,-0.12529534848783852,-0.12529534848783852
1790948786.207353,1790948788.207353,0,0,1,0,-0.12529534848783852,-0.12529534848783852
1790948787.207353,1790948789.207353,0,0,1,0,-0.12529534848783852,-0.12529534848783852
1790948788.207353,1790948790.207353,0,0,1,0,-0.12529534848783852,-0.12529534848783852
1790948789.207353,1790948791.207353,0,0,1,0,-0.12529534848783852,-0.12529534848783852
1790948790.207353,1790948792.207353,0,0,1,0,-0.12529534848783852,-0.12529534848783852
1790948791.207353,1790948793.207353,0,0,1,0,-0.12529534848783852,-0.12529534848783852
1790948792.207353,1790948794.207353,0,0,1,0,-0.12529534848783852,-0.12529534848783852
1790948793.207353,1790948795.207353,0,0,1,0,-0.12529534848783852,-0.12529534848783852
1790948794.207353,1790948796.207353,0,0,1,0,-0.12529534848783852,-0.12529534848783852
1790948795.207353,1790948797.207353,0,0,1,0,-0.12529534848783852,-0.12529534848783852
1790948796.207353,1790948798.207353,0,0,1,0,-0.12529534848783852,-0.12529534848783852
1790948797.207353,1790948799.207353,0,0,1,0,-0.12529534848783852,-0.12529534848783852
1790948798.207353,1790948800.207353,0,0,1,0,-0.12529534848783852,-0.12529534848783852
1790948799.207353,1790948801.207353,0,0,1,0,-0.12529534848783852,-0.12529534848783852
1790948800.207353,1790948802.207353,0,0,1,0,-0.12529534848783852,-0.12529534848783852
1790948801.207353,1790948803.207353,0,0,1,0,-0.12529534848783852,-0.12529534848783852
1790948802.207353,1790948804.207353,0,0,1,0,-0.12529534848783852,-0.12529534848783852
1790948803.207353,1790948805.207353,0,0,1,0,-0.12529534848783852,-0.12529534848783852
1790948804.207353,1790948806.207353,0,0,1,0,-0.12529534848783852,-0.12529534848783852
1790948805.207353,1790948807.207353,0,0,1,0,-0.12529534848783852,-0.12529534848783852
1790948806.207353,1790948808.207353,0,0,1,0,-0.12529534848783852,-0.12529534848783852
1790948807.207353,1790948809.207353,0,0,1,0,-0.12529534848783852,-0.12529534848783852
1790948808.207353,1790948810.207353,0,0,1,0,-0.12529534848783852,-0.12529534848783852
1790948809.207353,1790948811.207353,0,0,1,0,-0.12529534848783852,-0.12529534848783852
1790948810.207353,1790948812.207353,0,0,1,0,-0.12529534848783852,-0.12529534848783852
1790948811.207353,1790948813.207353,0,0,1,0,-0.12529534848783852,-0.12529534848783852
1790948812.207353,1790948814.207353,0,0,1,0,-0.12529534848783852,-0.12529534848783852
1790948813.207353,1790948815.207353,0,0,1,0,-0.12529534848783852,-0.12529534848783852
1790948814.207353,1790948816.207353,0,0,1,0,-0.12529534848783852,-0.12529534848783852
1790948815.207353,1790948817.207353,0,0,1,0,-0.12529534848783852,-0.12529534848783852
1790948816.207353,1790948818.207353,0,0,1,0,-0.12529534848783852,-0.12529534848783852
1790948817.207353,1790948819.207353,0,0,1,0,-0.12529534848783852,-0.12529534848783852
1790948818.207353,1790948820.207353,0,0,1,0,-0.12529534848783852,-0.12529534848783852
1790948819.207353,1790948821.207353,0,0,1,0,-0.12529534848783852,-0.12529534848783852
1790948820.207353,1790948822.207353,0,0,1,0,-0.12529534848783852,-0.12529534848783852
1790948821.207353,1790948823.207353,0,0,1,0,-0.12529534848783852,-0.12529534848783852
1790948822.207353,1790948824.207353,0,0,1,0,-0.12529534848783852,-0.12529534848783852
1790948823.207353,1790948825.207353,0,0,1,0,-0.12529534848783852,-0.12529534848783852
1790948824.207353,1790948826.207353,0,0,1,0,-0.12529534848783852,-0.12529534848783852
1790948825.207353,1790948827.207353,0,0,1,0,-0.12529534848783852,-0.12529534848783852
1790948826.207353,1790948828.207353,0,0,1,0,-0.12529534848783852,-0.12529534848783852
1790948827.207353,1790948829.207353,0,0,1,0,-0.12529534848783852,-0.12529534848783852
1790948828.207353,1790948830.207353,0,0,1,0,-0.12529534848783852,-0.12529534848783852
1790948829.207353,1790948831.207353,0,0,1,0,-0.12529534848783852,-0.12529534848783852
1790948830.207353,1790948832.207353,0,0,1,0,-0.12529534848783852,-0.12529534848783852
1790948831.207353,1790948833.207353,0,0,1,0,-0.12529534848783852,-0.12529534848783852
1790948832.207353,1790948834.207353,0,0,1,0,-0.12529534848783852,-0.12529534848783852
1790948833.207353,1790948835.207353,0,0,1,0,-0.12529534848783852,-0.12529534848783852
1790948834.207353,1790948836.207353,0,0,1,0,-0.12529534848783852,-0.12529534848783852
1790948835.207353,1790948837.207353,0,0,1,0,-0.12529534848783852,-0.12529534848783852
1790948836.207353,1790948838.207353,0,0,1,0,-0.12529534848783852,-0.12529534848783852
1790948837.207353,1790948839.207353,0,0,1,0,-0.12529534848783852,-0.12529534848783852
1790948838.207353,1790948840.207353,0,0,1,0,-0.12529534848783852,-0.12529534848783852
1790948839.207353,1790948841.207353,0,0,1,0,-0.12529534848783852,-0.12529534848783852
1790948840.207353,1790948842.207353,0,0,1,0,-0.12529534848783852,-0.12529534848783852
1790948841.207353,1790948843.207353,0,0,1,0,-0.12529534848783852,-0.12529534848783852
1790948842.207353,1790948844.207353,0,0,1,0,-0.12529534848783852,-0.12529534848783852
1790948843.207353,1790948845.207353,0,0,1,0,-0.12529534848783852,-0.12529534848783852
1790948844.207353,1790948846.207353,0,0,1,0,-0.12529534848783852,-0.12529534848783852
1790948845.207353,1790948847.207353,0,0,1,0,-0.12529534848783852,-0.12529534848783852
1790948846.207353,1790948848.207353,0,0,1,0,-0.12529534848783852,-0.12529534848783852
1790948847.207353,1790948849.207353,0,0,1,0,-0.12529534848783852,-0.12529534848783852
1790948848.207353,1790948850.207353,0,0,1,0,-0.12529534848783852,-0.12529534848783852
1790948849.207353,1790948851.207353,0,0,1,0,-0.12529534848783852,-0.12529534848783852
1790948850.207353,1790948852.207353,0,0,1,0,-0.12529534848783852,-0.12529534848783852
1790948851.207353,1790948853.207353,0,0,1,0,-0.12529534848783852,-0.12529534848783852
1790948852.207353,1790948854.207353,0,0,1,0,-0.12529534848783852,-0.12529534848783852
1790948853.207353,1790948855.207353,0,0,1,0,-0.12529534848783852,-0.12529534848783852
1790948854.207353,1790948856.207353,0,0,1,0,-0.12529534848783852,-0.12529534848783852
1790948855.207353,1790948857.207353,0,0,1,0,-0.12529534848783852,-0.12529534848783852
1790948856.207353,1790948858.207353,0,0,1,0,-0.12529534848783852,-0.12529534848783852
1790948857.207353,1790948859.207353,0,0,1,0,-0.12529534848783852,-0.12529534848783852
1790948858.207353,1790948860.207353,0,0,1,0,-0.12529534848783852,-0.12529534848783852
1790948859.207353,1790948861.207353,0,0,1,0,-0.12529534848783852,-0.12529534848783852
1790948860.207353,1790948862.207353,0,0,1,0,-0.12529534848783852,-0.12529534848783852
1790948861.207353,1790948863.207353,0,0,1,0,-0.12529534848783852,-0.12529534848783852
1790948862.207353,1790948864.207353,0,0,1,0,-0.12529534848783852,-0.12529534848783852
1790948863.207353,1790948865.207353,0,0,1,0,-0.12529534848783852,-0.12529534848783852
1790948864.207353,1790948866.207353,0,0,1,0,-0.12529534848783852,-0.12529534848783852
1790948865.207353,1790948867.207353,0,0,1,0,-0.12529534848783852,-0.12529534848783852
1790948866.207353,1790948868.207353,0,0,1,0,-0.12529534848783852,-0.12529534848783852
1790948867.207353,1790948869.207353,0,0,1,0,-0.12529534848783852,-0.12529534848783852
1790948868.207353,1790948870.207353,0,0,1,0,-0.12529534848783852,-0.12529534848783852
1790948869.207353,1790948871.207353,0,0,1,0,-0.12529534848783852,-0.12529534848783852
1790948870.207353,1790948872.207353,0,0,1,0,-0.12529534848783852,-0.12529534848783852
1790948871.207353,1790948873.207353,0,0,1,0,-0.12529534848783852,-0.12529534848783852
1790948872.207353,1790948874.207353,0,0,1,0,-0.12529534848783852,-0.12529534848783852
1790948873.207353,1790948875.207353,0,0,1,0,-0.12529534848783852,-0.12529534848783852
1790948874.207353,1790948876.207353,0,0,1,0,-0.12529534848783852,-0.12529534848783852
1790948875.207353,1790948877.207353,0,0,1,0,-0.12529534848783852,-0.12529534848783852
1790948876.207353,1790948878.207353,0,0,1,0,-0.12529534848783852,-0.12529534848783852
1790948877.207353,1790948879.207353,0,0,1,0,-0.12529534848783852,-0.12529534848783852
1790948878.207353,1790948880.207353,0,0,1,0,-0.12529534848783852,-0.12529534848783852
1790948879.207353,1790948881.207353,0,0,1,0,-0.12529534848783852,-0.12529534848783852
1790948880.207353,1790948882.207353,0,0,1,0,-0.12529534848783852,-0.12529534848783852
1790948881.207353,1790948883.207353,0,0,1,0,-0.12529534848783852,-0.12529534848783852
1790948882.207353,1790948884.207353,0,0,1,0,-0.12529534848783852,-0.12529534848783852
1790948883.207353,1790948885.207353,0,0,1,0,-0.12529534848783852,-0.12529534848783852
1790948884.207353,1790948886.207353,0,0,1,0,-0.12529534848783852,-0.12529534848783852
1790948885.207353,1790948887.207353,0,0,1,0,-0.12529534848783852,-0.12529534848783852
1790948886.207353,1790948888.207353,0,0,1,0,-0.12529534848783852,-0.12529534848783852
1790948887.207353,1790948889.207353,0,0,1,0,-0.12529534848783852,-0.12529534848783852
1790948888.207353,1790948890.207353,0,0,1,0,-0.12529534848783852,-0.12529534848783852
1790948889.207353,1790948891.207353,0,0,1,0,-0.12529534848783852,-0.12529534848783852
1790948890.207353,1790948892.207353,0,0,1,0,-0.12529534848783852,-0.12529534848783852
1790948891.207353,1790948893.207353,0,0,1,0,-0.12529534848783852,-0.12529534848783852
1790948892.207353,1790948894.207353,0,0,1,0,-0.12529534848783852,-0.12529534848783852
1790948893.207353,1790948895.207353,0,0,1,0,-0.12529534848783852,-0.12529534848783852
1790948894.207353,1790948896.207353,0,0,1,0,-0.12529534848783852,-0.12529534848783852
1790948895.207353,1790948897.207353,0,0,1,0,-0.12529534848783852,-0.12529534848783852
1790948896.207353,1790948898.207353,0,0,1,0,-0.12529534848783852,-0.12529534848783852
1790948897.207353,1790948899.207353,0,0,1,0,-0.12529534848783852,-0.12529534848783852
1790948898.207353,1790948900.207353,0,0,1,0,-0.12529534848783852,-0.12529534848783852
1790948899.207353,1790948901.207353,0,0,1,0,-0.12529534848783852,-0.12529534848783852
1790948900.207353,1790948902.207353,0,0,1,0,-0.12529534848783852,-0.12529534848783852
1790948901.207353,1790948903.207353,0,0,1,0,-0.12529534848783852,-0.12529534848783852
1790948902.207353,1790948904.207353,0,0,1,0,-0.12529534848783852,-0.12529534848783852
1790948903.207353,1790948905.207353,0,0,1,0,-0.12529534848783852,-0.12529534848783852
1790948904.207353,1790948906.207353,0,0,1,0,-0.12529534848783852,-0.12529534848783852
1790948905.207353,1790948907.207353,0,0,1,0,-0.12529534848783852,-0.12529534848783852
1790948906.207353,1790948908.207353,0,0,1,0,-0.12529534848783852,-0.12529534848783852
1790948907.207353,1790948909.207353,0,0,1,0,-0.12529534848783852,-0.12529534848783852
1790948908.207353,1790948910.207353,0,0,1,0,-0.12529534848783852,-0.12529534848783852
1790948909.207353,1790948911.207353,0,0,1,0,-0.12529534848783852,-0.12529534848783852
1790948910.207353,1790948912.207353,0,0,1,0,-0.12529534848783852,-0.12529534848783852
1790948911.207353,1790948913.207353,0,0,1,0,-0.12529534848783852,-0.12529534848783852
1790948912.207353,1790948914.207353,0,0,1,0,-0.12529534848783852,-0.12529534848783852
1790948913.207353,1790948915.207353,0,0,1,0,-0.12529534848783852,-0.12529534848783852
1790948914.207353,1790948916.207353,0,0,1,0,-0.12529534848783852,-0.12529534848783852
1790948915.207353,1790948917.207353,0,0,1,0,-0.12529534848783852,-0.12529534848783852
1790948916.207353,1790948918.207353,0,0,1,0,-0.12529534848783852,-0.12529534848783852
1790948917.207353,1790948919.207353,0,0,1,0,-0.12529534848783852,-0.12529534848783852
1790948918.207353,1790948920.207353,0,0,1,0,-0.12529534848783852,-0.12529534848783852
1790948919.207353,1790948921.207353,0,0,1,0,-0.12529534848783852,-0.12529534848783852
1790948920.207353,1790948922.207353,0,0,1,0,-0.12529534848783852,-0.12529534848783852
1790948921.207353,1790948923.207353,0,0,1,0,-0.12529534848783852,-0.12529534848783852
1790948922.207353,1790948924.207353,0,0,1,0,-0.12529534848783852,-0.12529534848783852
1790948923.207353,1790948925.207353,0,0,1,0,-0.12529534848783852,-0.12529534848783852
1790948924.207353,1790948926.207353,0,0,1,0,-0.12529534848783852,-0.12529534848783852
1790948925.207353,1790948927.207353,0,0,1,0,-0.12529534848783852,-0.12529534848783852
1790948926.207353,1790948928.207353,0,0,1,0,-0.12529534848783852,-0.12529534848783852
1790948927.207353,1790948929.207353,0,0,1,0,-0.12529534848783852,-0.12529534848783852
1790948928.207353,1790948930.207353,0,0,1,0,-0.12529534848783852,-0.12529534848783852
1790948929.207353,1790948931.207353,0,0,1,0,-0.12529534848783852,-0.12529534848783852
1790948930.207353,1790948932.207353,0,0,1,0,-0.12529534848783852,-0.12529534848783852
1790948931.207353,1790948933.207353,0,0,1,0,-0.12529534848783852,-0.12529534848783852
1790948932.207353,1790948934.207353,0,0,1,0,-0.12529534848783852,-0.12529534848783852
1790948933.207353,1790948935.207353,0,0,1,0,-0.12529534848783852,-0.12529534848783852
1790948934.207353,1790948936.207353,0,0,1,0,-0.12529534848783852,-0.12529534848783852
1790948935.207353,1790948937.207353,0,0,1,0,-0.12529534848783852,-0.12529534848783852
1790948936.207353,1790948938.207353,0,0,1,0,-0.12529534848783852,-0.12529534848783852
1790948937.207353,1790948939.207353,0,0,1,0,-0.12529534848783852,-0.12529534848783852
1790948938.207353,1790948940.207353,0,0,1,0,-0.12529534848783852,-0.12529534848783852
1790948939.207353,1790948941.207353,0,0,1,0,-0.12529534848783852,-0.12529534848783852
1790948940.207353,1790948942.207353,0,0,1,0,-0.12529534848783852,-0.12529534848783852
1790948941.207353,1790948943.207353,0,0,1,0,-0.12529534848783852,-0.12529534848783852
1790948942.207353,1790948944.207353,0,0,1,0,-0.12529534848783852,-0.12529534848783852
1790948943.207353,1790948945.207353,0,0,1,0,-0.12529534848783852,-0.12529534848783852
1790948944.207353,1790948946.207353,0,0,1,0,-0.12529534848783852,-0.12529534848783852
1790948945.207353,1790948947.207353,0,0,1,0,-0.12529534848783852,-0.12529534848783852
1790948946.207353,1790948948.207353,0,0,1,0,-0.12529534848783852,-0.12529534848783852
1790948947.207353,1790948949.207353,0,0,1,0,-0.12529534848783852,-0.12529534848783852
1790948948.207353,1790948950.207353,0,0,1,0,-0.12529534848783852,-0.12529534848783852
1790948949.207353,1790948951.207353,0,0,1,0,-0.12529534848783852,-0.12529534848783852
1790948950.207353,1790948952.207353,0,0,1,0,-0.12529534848783852,-0.12529534848783852
1790948951.207353,1790948953.207353,0,0,1,0,-0.12529534848783852,-0.12529534848783852
1790948952.207353,1790948954.207353,0,0,1,0,-0.12529534848783852,-0.12529534848783852
1790948953.207353,1790948955.207353,0,0,1,0,-0.12529534848783852,-0.12529534848783852
1790948954.207353,1790948956.207353,0,0,1,0,-0.12529534848783852,-0.12529534848783852
1790948955.207353,1790948957.207353,0,0,1,0,-0.12529534848783852,-0.12529534848783852
1790948956.207353,1790948958.207353,0,0,1,0,-0.12529534848783852,-0.12529534848783852
1790948957.207353,1790948959.207353,0,0,1,0,-0.12529534848783852,-0.12529534848783852
1790948958.207353,1790948960.207353,0,0,1,0,-0.12529534848783852,-0.12529534848783852
1790948959.207353,1790948961.207353,0,0,1,0,-0.12529534848783852,-0.12529534848783852
1790948960.207353,1790948962.207353,0,0,1,0,-0.12529534848783852,-0.12529534848783852
1790948961.207353,1790948963.207353,0,0,1,0,-0.12529534848783852,-0.12529534848783852
1790948962.207353,1790948964.207353,0,0,1,0,-0.12529534848783852,-0.12529534848783852
1790948963.207353,1790948965.207353,0,0,1,0,-0.12529534848783852,-0.12529534848783852
1790948964.207353,1790948966.207353,0,0,1,0,-0.12529534848783852,-0.12529534848783852
1790948965.207353,1790948967.207353,0,0,1,0,-0.12529534848783852,-0.12529534848783852
1790948966.207353,1790948968.207353,0,0,1,0,-0.12529534848783852,-0.12529534848783852
1790948967.207353,1790948969.207353,0,0,1,0,-0.12529534848783852,-0.12529534848783852
1790948968.207353,1790948970.207353,0,0,1,0,-0.12529534848783852,-0.12529534848783852
1790948969.207353,1790948971.207353,0,0,1,0,-0.12529534848783852,-0.12529534848783852
1790948970.207353,1790948972.207353,0,0,1,0,-0.12529534848783852,-0.12529534848783852
1790948971.207353,1790948973.207353,0,0,1,0,-0.12529534848783852,-0.12529534848783852
1790948972.207353,1790948974.207353,0,0,1,0,-0.12529534848783852,-0.12529534848783852
1790948973.207353,1790948975.207353,0,0,1,0,-0.12529534848783852,-0.12529534848783852
1790948974.207353,1790948976.207353,0,0,1,0,-0.12529534848783852,-0.12529534848783852
1790948975.207353,1790948977.207353,0,0,1,0,-0.12529534848783852,-0.12529534848783852
1790948976.207353,1790948978.207353,0,0,1,0,-0.12529534848783852,-0.12529534848783852
1790948977.207353,1790948979.207353,0,0,1,0,-0.12529534848783852,-0.12529534848783852
1790948978.207353,1790948980.207353,0,0,1,0,-0.12529534848783852,-0.12529534848783852
1790948979.207353,1790948981.207353,0,0,1,0,-0.12529534848783852,-0.12529534848783852
1790948980.207353,1790948982.207353,0,0,1,0,-0.12529534848783852,-0.12529534848783852
1790948981.207353,1790948983.207353,0,0,1,0,-0.12529534848783852,-0.12529534848783852
1790948982.207353,1790948984.207353,0,0,1,0,-0.12529534848783852,-0.12529534848783852
1790948983.207353,1790948985.207353,0,0,1,0,-0.12529534848783852,-0.12529534848783852
1790948984.207353,1790948986.207353,0,0,1,0,-0.12529534848783852,-0.12529534848783852
1790948985.207353,1790948987.207353,0,0,1,0,-0.12529534848783852,-0.12529534848783852
1790948986.207353,1790948988.207353,0,0,1,0,-0.12529534848783852,-0.12529534848783852
1790948987.207353,1790948989.207353,0,0,1,0,-0.12529534848783852,-0.12529534848783852
1790948988.207353,1790948990.207353,0,0,1,0,-0.12529534848783852,-0.12529534848783852
1790948989.207353,1790948991.207353,0,0,1,0,-0.12529534848783852,-0.12529534848783852
1790948990.207353,1790948992.207353,0,0,1,0,-0.12529534848783852,-0.12529534848783852
1790948991.207353,1790948993.207353,0,0,1,0,-0.12529534848783852,-0.12529534848783852
1790948992.207353,1790948994.207353,0,0,1,0,-0.12529534848783852,-0.12529534848783852
1790948993.207353,1790948995.207353,0,0,1,0,-0.12529534848783852,-0.12529534848783852
1790948994.207353,1790948996.207353,0,0,1,0,-0.12529534848783852,-0.12529534848783852
1790948995.207353,1790948997.207353,0,0,1,0,-0.12529534848783852,-0.12529534848783852
1790948996.207353,1790948998.207353,0,0,1,0,-0.12529534848783852,-0.12529534848783852
1790948997.207353,1790948999.207353,0,0,1,0,-0.12529534848783852,-0.12529534848783852
1790948998.207353,1790949000.207353,0,0,1,0,-0.12529534848783852,-0.12529534848783852
1790948999.207353,1790949001.207353,0,0,1,0,-0.12529534848783852,-0.12529534848783852
1790949000.207353,1790949002.207353,0,0,1,0,-0.12529534848783852,-0.12529534848783852
1790949001.207353,1790949003.207353,0,0,1,0,-0.12529534848783852,-0.12529534848783852
1790949002.207353,1790949004.207353,0,0,1,0,-0.12529534848783852,-0.12529534848783852
1790949003.207353,1790949005.207353,0,0,1,0,-0.12529534848783852,-0.12529534848783852
1790949004.207353,1790949006.207353,0,0,1,0,-0.12529534848783852,-0.12529534848783852
1790949005.207353,1790949007.207353,0,0,1,0,-0.12529534848783852,-0.12529534848783852
1790949006.207353,1790949008.207353,0,0,1,0,-0.12529534848783852,-0.12529534848783852
1790949007.207353,1790949009.207353,0,0,1,0,-0.12529534848783852,-0.12529534848783852
1790949008.207353,1790949010.207353,0,0,1,0,-0.12529534848783852,-0.12529534848783852
1790949009.207353,1790949011.207353,0,0,1,0,-0.12529534848783852,-0.12529534848783852
1790949010.207353,1790949012.207353,0,0,1,0,-0.12529534848783852,-0.12529534848783852
1790949011.207353,1790949013.207353,0,0,1,0,-0.12529534848783852,-0.12529534848783852
1790949012.207353,1790949014.207353,0,0,1,0,-0.12529534848783852,-0.12529534848783852
1790949013.207353,1790949015.207353,0,0,1,0,-0.12529534848783852,-0.12529534848783852
1790949014.207353,1790949016.207353,0,0,1,0,-0.12529534848783852,-0.12529534848783852
1790949015.207353,1790949017.207353,0,0,1,0,-0.12529534848783852,-0.12529534848783852
1790949016.207353,1790949018.207353,0,0,1,0,-0.12529534848783852,-0.12529534848783852
1790949017.207353,1790949019.207353,0,0,1,0,-0.12529534848783852,-0.12529534848783852
1790949018.207353,1790949020.207353,0,0,1,0,-0.12529534848783852,-0.12529534848783852
1790949019.207353,1790949021.207353,0,0,1,0,-0.12529534848783852,-0.12529534848783852
1790949020.207353,1790949022.207353,0,0,1,0,-0.12529534848783852,-0.12529534848783852
1790949021.207353,1790949023.207353,0,0,1,0,-0.12529534848783852,-0.12529534848783852
1790949022.207353,1790949024.207353,0,0,1,0,-0.12529534848783852,-0.12529534848783852
1790949023.207353,1790949025.207353,0,0,1,0,-0.12529534848783852,-0.12529534848783852
1790949024.207353,1790949026.207353,0,0,1,0,-0.12529534848783852,-0.12529534848783852
1790949025.207353,1790949027.207353,0,0,1,0,-0.12529534848783852,-0.12529534848783852
1790949026.207353,1790949028.207353,0,0,1,0,-0.12529534848783852,-0.12529534848783852
1790949027.207353,1790949029.207353,0,0,1,0,-0.12529534848783852,-0.12529534848783852
1790949028.207353,1790949030.207353,0,0,1,0,-0.12529534848783852,-0.12529534848783852
1790949029.207353,1790949031.207353,0,0,1,0,-0.12529534848783852,-0.12529534848783852
1790949030.207353,1790949032.207353,0,0,1,0,-0.12529534848783852,-0.12529534848783852
1790949031.207353,1790949033.207353,0,0,1,0,-0.12529534848783852,-0.12529534848783852
1790949032.207353,1790949034.207353,0,0,1,0,-0.12529534848783852,-0.12529534848783852
1790949033.207353,1790949035.207353,0,0,1,0,-0.12529534848783852,-0.12529534848783852
1790949034.207353,1790949036.207353,0,0,1,0,-0.12529534848783852,-0.12529534848783852
1790949035.207353,1790949037.207353,0,0,1,0,-0.12529534848783852,-0.12529534848783852
1790949036.207353,1790949038.207353,0,0,1,0,-0.12529534848783852,-0.12529534848783852
1790949037.207353,1790949039.207353,0,0,1,0,-0.12529534848783852,-0.12529534848783852
1790949038.207353,1790949040.207353,0,0,1,0,-0.12529534848783852,-0.12529534848783852
1790949039.207353,1790949041.207353,0,0,1,0,-0.12529534848783852,-0.12529534848783852
1790949040.207353,1790949042.207353,0,0,1,0,-0.12529534848783852,-0.12529534848783852
1790949041.207353,1790949043.207353,0,0,1,0,-0.12529534848783852,-0.12529534848783852
1790949042.207353,1790949044.207353,0,0,1,0,-0.12529534848783852,-0.12529534848783852
1790949043.207353,1790949045.207353,0,0,1,0,-0.12529534848783852,-0.12529534848783852
1790949044.207353,1790949046.207353,0,0,1,0,-0.12529534848783852,-0.12529534848783852
1790949045.207353,1790949047.207353,0,0,1,0,-0.12529534848783852,-0.12529534848783852
1790949046.207353,1790949048.207353,0,0,1,0,-0.12529534848783852,-0.12529534848783852
1790949047.207353,1790949049.207353,0,0,1,0,-0.12529534848783852,-0.12529534848783852
1790949048.207353,1790949050.207353,0,0,1,0,-0.12529534848783852,-0.12529534848783852
1790949049.207353,1790949051.207353,0,0,1,0,-0.12529534848783852,-0.12529534848783852
1790949050.207353,1790949052.207353,0,0,1,0,-0.12529534848783852,-0.12529534848783852
1790949051.207353,1790949053.207353,0,0,1,0,-0.12529534848783852,-0.12529534848783852
1790949052.207353,1790949054.207353,0,0,1,0,-0.12529534848783852,-0.12529534848783852
1790949053.207353,1790949055.207353,0,0,1,0,-0.12529534848783852,-0.12529534848783852
1790949054.207353,1790949056.207353,0,0,1,0,-0.12529534848783852,-0.12529534848783852
1790949055.207353,1790949057.207353,0,0,1,0,-0.12529534848783852,-0.12529534848783852
1790949056.207353,1790949058.207353,0,0,1,0,-0.12529534848783852,-0.12529534848783852
1790949057.207353,1790949059.207353,0,0,1,0,-0.12529534848783852,-0.12529534848783852
1790949058.207353,1790949060.207353,0,0,1,0,-0.12529534848783852,-0.12529534848783852
1790949059.207353,1790949061.207353,0,0,1,0,-0.12529534848783852,-0.12529534848783852
1790949060.207353,1790949062.207353,0,0,1,0,-0.12529534848783852,-0.12529534848783852
1790949061.207353,1790949063.207353,0,0,1,0,-0.12529534848783852,-0.12529534848783852
1790949062.207353,1790949064.207353,0,0,1,0,-0.12529534848783852,-0.12529534848783852
1790949063.207353,1790949065.207353,0,0,1,0,-0.12529534848783852,-0.12529534848783852
1790949064.207353,1790949066.207353,0,0,1,0,-0.12529534848783852,-0.12529534848783852
1790949065.207353,1790949067.207353,0,0,1,0,-0.12529534848783852,-0.12529534848783852
1790949066.207353,1790949068.207353,0,0,1,0,-0.12529534848783852,-0.12529534848783852
1790949067.207353,1790949069.207353,0,0,1,0,-0.12529534848783852,-0.12529534848783852
1790949068.207353,1790949070.207353,0,0,1,0,-0.12529534848783852,-0.12529534848783852
1790949069.207353,1790949071.207353,0,0,1,0,-0.12529534848783852,-0.12529534848783852
1790949070.207353,1790949072.207353,0,0,1,0,-0.12529534848783852,-0.12529534848783852
1790949071.207353,1790949073.207353,0,0,1,0,-0.12529534848783852,-0.12529534848783852
1790949072.207353,1790949074.207353,0,0,1,0,-0.12529534848783852,-0.12529534848783852
1790949073.207353,1790949075.207353,0,0,1,0,-0.12529534848783852,-0.12529534848783852
1790949074.207353,1790949076.207353,0,0,1,0,-0.12529534848783852,-0.12529534848783852
1790949075.207353,1790949077.207353,0,0,1,0,-0.12529534848783852,-0.12529534848783852
1790949076.207353,1790949078.207353,0,0,1,0,-0.12529534848783852,-0.12529534848783852
1790949077.207353,1790949079.207353,0,0,1,0,-0.12529534848783852,-0.12529534848783852
1790949078.207353,1790949080.207353,0,0,1,0,-0.12529534848783852,-0.12529534848783852
1790949079.207353,1790949081.207353,0,0,1,0,-0.12529534848783852,-0.12529534848783852
1790949080.207353,1790949082.207353,0,0,1,0,-0.12529534848783852,-0.12529534848783852
1790949081.207353,1790949083.207353,0,0,1,0,-0.12529534848783852,-0.12529534848783852
1790949082.207353,1790949084.207353,0,0,1,0,-0.12529534848783852,-0.12529534848783852
1790949083.207353,1790949085.207353,0,0,1,0,-0.12529534848783852,-0.12529534848783852
1790949084.207353,1790949086.207353,0,0,1,0,-0.12529534848783852,-0.12529534848783852
1790949085.207353,1790949087.207353,0,0,1,0,-0.12529534848783852,-0.12529534848783852
1790949086.207353,1790949088.207353,0,0,1,0,-0.12529534848783852,-0.12529534848783852
1790949087.207353,1790949089.207353,0,0,1,0,-0.12529534848783852,-0.12529534848783852
1790949088.207353,1790949090.207353,0,0,1,0,-0.12529534848783852,-0.12529534848783852
1790949089.207353,1790949091.207353,0,0,1,0,-0.12529534848783852,-0.12529534848783852
1790949090.207353,1790949092.207353,0,0,1,0,-0.12529534848783852,-0.12529534848783852
1790949091.207353,1790949093.207353,0,0,1,0,-0.12529534848783852,-0.12529534848783852
1790949092.207353,1790949094.207353,0,0,1,0,-0.12529534848783852,-0.12529534848783852
1790949093.207353,1790949095.207353,0,0,1,0,-0.12529534848783852,-0.12529534848783852
1790949094.207353,1790949096.207353,0,0,1,0,-0.12529534848783852,-0.12529534848783852
1790949095.207353,1790949097.207353,0,0,1,0,-0.12529534848783852,-0.12529534848783852
1790949096.207353,1790949098.207353,0,0,1,0,-0.12529534848783852,-0.12529534848783852
1790949097.207353,1790949099.207353,0,0,1,0,-0.12529534848783852,-0.12529534848783852
1790949098.207353,1790949100.207353,0,0,1,0,-0.12529534848783852,-0.12529534848783852
1790949099.207353,1790949101.207353,0,0,1,0,-0.12529534848783852,-0.12529534848783852
1790949100.207353,1790949102.207353,0,0,1,0,-0.12529534848783852,-0.12529534848783852
1790949101.207353,1790949103.207353,0,0,1,0,-0.12529534848783852,-0.12529534848783852
1790949102.207353,1790949104.207353,0,0,1,0,-0.12529534848783852,-0.12529534848783852
1790949103.207353,1790949105.207353,0,0,1,0,-0.12529534848783852,-0.12529534848783852
1790949104.207353,1790949106.207353,0,0,1,0,-0.12529534848783852,-0.12529534848783852
1790949105.207353,1790949107.207353,0,0,1,0,-0.12529534848783852,-0.12529534848783852
1790949106.207353,1790949108.207353,0,0,1,0,-0.12529534848783852,-0.12529534848783852
1790949107.207353,1790949109.207353,0,0,1,0,-0.12529534848783852,-0.12529534848783852
1790949108.207353,1790949110.207353,0,0,1,0,-0.12529534848783852,-0.12529534848783852
1790949109.207353,1790949111.207353,0,0,1,0,-0.12529534848783852,-0.12529534848783852
1790949110.207353,1790949112.207353,0,0,1,0,-0.12529534848783852,-0.12529534848783852
1790949111.207353,1790949113.207353,0,0,1,0,-0.12529534848783852,-0.12529534848783852
1790949112.207353,1790949114.207353,0,0,1,0,-0.12529534848783852,-0.12529534848783852
1790949113.207353,1790949115.207353,0,0,1,0,-0.12529534848783852,-0.12529534848783852
1790949114.207353,1790949116.207353,0,0,1,0,-0.12529534848783852,-0.12529534848783852
1790949115.207353,1790949117.207353,0,0,1,0,-0.12529534848783852,-0.12529534848783852
1790949116.207353,1790949118.207353,0,0,1,0,-0.12529534848783852,-0.12529534848783852
1790949117.207353,1790949119.207353,0,0,1,0,-0.12529534848783852,-0.12529534848783852
1790949118.207353,1790949120.207353,0,0,1,0,-0.12529534848783852,-0.12529534848783852
1790949119.207353,1790949121.207353,0,0,1,0,-0.12529534848783852,-0.12529534848783852
1790949120.207353,1790949122.207353,0,0,1,0,-0.12529534848783852,-0.12529534848783852
1790949121.207353,1790949123.207353,0,0,1,0,-0.12529534848783852,-0.12529534848783852
1790949122.207353,1790949124.207353,0,0,1,0,-0.12529534848783852,-0.12529534848783852
1790949123.207353,1790949125.207353,0,0,1,0,-0.12529534848783852,-0.12529534848783852
1790949124.207353,1790949126.207353,0,0,1,0,-0.12529534848783852,-0.12529534848783852
1790949125.207353,1790949127.207353,0,0,1,0,-0.12529534848783852,-0.12529534848783852
1790949126.207353,1790949128.207353,0,0,1,0,-0.12529534848783852,-0.12529534848783852
1790949127.207353,1790949129.207353,0,0,1,0,-0.12529534848783852,-0.12529534848783852
1790949128.207353,1790949130.207353,0,0,1,0,-0.12529534848783852,-0.12529534848783852
1790949129.207353,1790949131.207353,0,0,1,0,-0.12529534848783852,-0.12529534848783852
1790949130.207353,1790949132.207353,0,0,1,0,-0.12529534848783852,-0.12529534848783852
1790949131.207353,1790949133.207353,0,0,1,0,-0.12529534848783852,-0.12529534848783852
1790949132.207353,1790949134.207353,0,0,1,0,-0.12529534848783852,-0.12529534848783852
1790949133.207353,1790949135.207353,0,0,1,0,-0.12529534848783852,-0.12529534848783852
1790949134.207353,1790949136.207353,0,0,1,0,-0.12529534848783852,-0.12529534848783852
1790949135.207353,1790949137.207353,0,0,1,0,-0.12529534848783852,-0.12529534848783852
1790949136.207353,1790949138.207353,0,0,1,0,-0.12529534848783852,-0.12529534848783852
1790949137.207353,1790949139.207353,0,0,1,0,-0.12529534848783852,-0.12529534848783852
1790949138.207353,1790949140.207353,0,0,1,0,-0.12529534848783852,-0.12529534848783852
1790949139.207353,1790949141.207353,0,0,1,0,-0.12529534848783852,-0.12529534848783852
1790949140.207353,1790949142.207353,0,0,1,0,-0.12529534848783852,-0.12529534848783852
1790949141.207353,1790949143.207353,0,0,1,0,-0.12529534848783852,-0.12529534848783852
1790949142.207353,1790949144.207353,0,0,1,0,-0.12529534848783852,-0.12529534848783852
1790949143.207353,1790949145.207353,0,0,1,0,-0.12529534848783852,-0.12529534848783852
1790949144.207353,1790949146.207353,0,0,1,0,-0.12529534848783852,-0.12529534848783852
1790949145.207353,1790949147.207353,0,0,1,0,-0.12529534848783852,-0.12529534848783852
1790949146.207353,1790949148.207353,0,0,1,0,-0.12529534848783852,-0.12529534848783852
1790949147.207353,1790949149.207353,0,0,1,0,-0.12529534848783852,-0.12529534848783852
1790949148.207353,1790949150.207353,0,0,1,0,-0.12529534848783852,-0.12529534848783852
1790949149.207353,1790949151.207353,0,0,1,0,-0.12529534848783852,-0.12529534848783852
1790949150.207353,1790949152.207353,0,0,1,0,-0.12529534848783852,-0.12529534848783852
1790949151.207353,1790949153.207353,0,0,1,0,-0.12529534848783852,-0.12529534848783852
1790949152.207353,1790949154.207353,0,0,1,0,-0.12529534848783852,-0.12529534848783852
1790949153.207353,1790949155.207353,0,0,1,0,-0.12529534848783852,-0.12529534848783852
1790949154.207353,1790949156.207353,0,0,1,0,-0.12529534848783852,-0.12529534848783852
1790949155.207353,1790949157.207353,0,0,1,0,-0.12529534848783852,-0.12529534848783852
1790949156.207353,1790949158.207353,0,0,1,0,-0.12529534848783852,-0.12529534848783852
1790949157.207353,1790949159.207353,0,0,1,0,-0.12529534848783852,-0.12529534848783852
1790949158.207353,1790949160.207353,0,0,1,0,-0.12529534848783852,-0.12529534848783852
1790949159.207353,1790949161.207353,0,0,1,0,-0.12529534848783852,-0.12529534848783852
1790949160.207353,1790949162.207353,0,0,1,0,-0.12529534848783852,-0.12529534848783852
1790949161.207353,1790949163.207353,0,0,1,0,-0.12529534848783852,-0.12529534848783852
1790949162.207353,1790949164.207353,0,0,1,0,-0.12529534848783852,-0.12529534848783852
1790949163.207353,1790949165.207353,0,0,1,0,-0.12529534848783852,-0.12529534848783852
1790949164.207353,1790949166.207353,0,0,1,0,-0.12529534848783852,-0.12529534848783852
1790949165.207353,1790949167.207353,0,0,1,0,-0.12529534848783852,-0.12529534848783852
1790949166.207353,1790949168.207353,0,0,1,0,-0.12529534848783852,-0.12529534848783852
1790949167.207353,1790949169.207353,0,0,1,0,-0.12529534848783852,-0.12529534848783852
1790949168.207353,1790949170.207353,0,0,1,0,-0.12529534848783852,-0.12529534848783852
1790949169.207353,1790949171.207353,0,0,1,0,-0.12529534848783852,-0.12529534848783852
1790949170.207353,1790949172.207353,0,0,1,0,-0.12529534848783852,-0.12529534848783852
1790949171.207353,1790949173.207353,0,0,1,0,-0.12529534848783852,-0.12529534848783852
1790949172.207353,1790949174.207353,0,0,1,0,-0.12529534848783852,-0.12529534848783852
1790949173.207353,1790949175.207353,0,0,1,0,-0.12529534848783852,-0.12529534848783852
1790949174.207353,1790949176.207353,0,0,1,0,-0.12529534848783852,-0.12529534848783852
1790949175.207353,1790949177.207353,0,0,1,0,-0.12529534848783852,-0.12529534848783852
1790949176.207353,1790949178.207353,0,0,1,0,-0.12529534848783852,-0.12529534848783852
1790949177.207353,1790949179.207353,0,0,1,0,-0.12529534848783852,-0.12529534848783852
1790949178.207353,1790949180.207353,0,0,1,0,-0.12529534848783852,-0.12529534848783852
1790949179.207353,1790949181.207353,0,0,1,0,-0.12529534848783852,-0.12529534848783852
1790949180.207353,1790949182.207353,0,0,1,0,-0.12529534848783852,-0.12529534848783852
1790949181.207353,1790949183.207353,0,0,1,0,-0.12529534848783852,-0.12529534848783852
1790949182.207353,1790949184.207353,0,0,1,0,-0.12529534848783852,-0.12529534848783852
1790949183.207353,1790949185.207353,0,0,1,0,-0.12529534848783852,-0.12529534848783852
1790949184.207353,1790949186.207353,0,0,1,0,-0.12529534848783852,-0.12529534848783852
1790949185.207353,1790949187.207353,0,0,1,0,-0.12529534848783852,-0.12529534848783852
1790949186.207353,1790949188.207353,0,0,1,0,-0.12529534848783852,-0.12529534848783852
1790949187.207353,1790949189.207353,0,0,1,0,-0.12529534848783852,-0.12529534848783852
1790949188.207353,1790949190.207353,0,0,1,0,-0.12529534848783852,-0.12529534848783852
1790949189.207353,1790949191.207353,0,0,1,0,-0.12529534848783852,-0.12529534848783852
1790949190.207353,1790949192.207353,0,0,1,0,-0.12529534848783852,-0.12529534848783852
1790949191.207353,1790949193.207353,0,0,1,0,-0.12529534848783852,-0.12529534848783852
1790949192.207353,1790949194.207353,0,0,1,0,-0.12529534848783852,-0.12529534848783852
1790949193.207353,1790949195.207353,0,0,1,0,-0.12529534848783852,-0.12529534848783852
1790949194.207353,1790949196.207353,0,0,1,0,-0.12529534848783852,-0.12529534848783852
1790949195.207353,1790949197.207353,0,0,1,0,-0.12529534848783852,-0.12529534848783852
1790949196.207353,1790949198.207353,0,0,1,0,-0.12529534848783852,-0.12529534848783852
1790949197.207353,1790949199.207353,0,0,1,0,-0.12529534848783852,-0.12529534848783852
1790949198.207353,1790949200.207353,0,0,1,0,-0.12529534848783852,-0.12529534848783852
1790949199.207353,1790949201.207353,0,0,1,0,-0.12529534848783852,-0.12529534848783852
1790949200.207353,1790949202.207353,0,0,1,0,-0.12529534848783852,-0.12529534848783852
1790949201.207353,1790949203.207353,0,0,1,0,-0.12529534848783852,-0.12529534848783852
1790949202.207353,1790949204.207353,0,0,1,0,-0.12529534848783852,-0.12529534848783852
1790949203.207353,1790949205.207353,0,0,1,0,-0.12529534848783852,-0.12529534848783852
1790949204.207353,1790949206.207353,0,0,1,0,-0.12529534848783852,-0.12529534848783852
1790949205.207353,1790949207.207353,0,0,1,0,-0.12529534848783852,-0.12529534848783852
1790949206.207353,1790949208.207353,0,0,1,0,-0.12529534848783852,-0.12529534848783852
1790949207.207353,1790949209.207353,0,0,1,0,-0.12529534848783852,-0.12529534848783852
1790949208.207353,1790949210.207353,0,0,1,0,-0.12529534848783852,-0.12529534848783852
1790949209.207353,1790949211.207353,0,0,1,0,-0.12529534848783852,-0.12529534848783852
1790949210.207353,1790949212.207353,0,0,1,0,-0.12529534848783852,-0.12529534848783852
1790949211.207353,1790949213.207353,0,0,1,0,-0.12529534848783852,-0.12529534848783852
1790949212.207353,1790949214.207353,0,0,1,0,-0.12529534848783852,-0.12529534848783852
1790949213.207353,1790949215.207353,0,0,1,0,-0.12529534848783852,-0.12529534848783852
1790949214.207353,1790949216.207353,0,0,1,0,-0.12529534848783852,-0.12529534848783852
1790949215.207353,1790949217.207353,0,0,1,0,-0.12529534848783852,-0.12529534848783852
1790949216.207353,1790949218.207353,0,0,1,0,-0.12529534848783852,-0.12529534848783852
1790949217.207353,1790949219.207353,0,0,1,0,-0.12529534848783852,-0.12529534848783852
1790949218.207353,1790949220.207353,0,0,1,0,-0.12529534848783852,-0.12529534848783852
1790949219.207353,1790949221.207353,0,0,1,0,-0.12529534848783852,-0.12529534848783852
1790949220.207353,1790949222.207353,0,0,1,0,-0.12529534848783852,-0.12529534848783852
1790949221.207353,1790949223.207353,0,0,1,0,-0.12529534848783852,-0.12529534848783852
1790949222.207353,1790949224.207353,0,0,1,0,-0.12529534848783852,-0.12529534848783852
1790949223.207353,1790949225.207353,0,0,1,0,-0.12529534848783852,-0.12529534848783852
1790949224.207353,1790949226.207353,0,0,1,0,-0.12529534848783852,-0.12529534848783852
1790949225.207353,1790949227.207353,0,0,1,0,-0.12529534848783852,-0.12529534848783852
1790949226.207353,1790949228.207353,0,0,1,0,-0.12529534848783852,-0.12529534848783852
1790949227.207353,1790949229.207353,0,0,1,0,-0.12529534848783852,-0.12529534848783852
1790949228.207353,1790949230.207353,0,0,1,0,-0.12529534848783852,-0.12529534848783852
1790949229.207353,1790949231.207353,0,0,1,0,-0.12529534848783852,-0.12529534848783852
1790949230.207353,1790949232.207353,0,0,1,0,-0.12529534848783852,-0.12529534848783852
1790949231.207353,1790949233.207353,0,0,1,0,-0.12529534848783852,-0.12529534848783852
1790949232.207353,1790949234.207353,0,0,1,0,-0.12529534848783852,-0.12529534848783852
1790949233.207353,1790949235.207353,0,0,1,0,-0.12529534848783852,-0.12529534848783852
1790949234.207353,1790949236.207353,0,0,1,0,-0.12529534848783852,-0.12529534848783852
1790949235.207353,1790949237.207353,0,0,1,0,-0.12529534848783852,-0.12529534848783852
1790949236.207353,1790949238.207353,0,0,1,0,-0.12529534848783852,-0.12529534848783852
1790949237.207353,1790949239.207353,0,0,1,0,-0.12529534848783852,-0.12529534848783852
1790949238.207353,1790949240.207353,0,0,1,0,-0.12529534848783852,-0.12529534848783852
1790949239.207353,1790949241.207353,0,0,1,0,-0.12529534848783852,-0.12529534848783852
1790949240.207353,1790949242.207353,0,0,1,0,-0.12529534848783852,-0.12529534848783852
1790949241.207353,1790949243.207353,0,0,1,0,-0.12529534848783852,-0.12529534848783852
1790949242.207353,1790949244.207353,0,0,1,0,-0.12529534848783852,-0.12529534848783852
1790949243.207353,1790949245.207353,0,0,1,0,-0.12529534848783852,-0.12529534848783852
1790949244.207353,1790949246.207353,0,0,1,0,-0.12529534848783852,-0.12529534848783852
1790949245.207353,1790949247.207353,0,0,1,0,-0.12529534848783852,-0.12529534848783852
1790949246.207353,1790949248.207353,0,0,1,0,-0.12529534848783852,-0.12529534848783852
1790949247.207353,1790949249.207353,0,0,1,0,-0.12529534848783852,-0.12529534848783852
1790949248.207353,1790949250.207353,0,0,1,0,-0.12529534848783852,-0.12529534848783852
1790949249.207353,1790949251.207353,0,0,1,0,-0.12529534848783852,-0.12529534848783852
1790949250.207353,1790949252.207353,0,0,1,0,-0.12529534848783852,-0.12529534848783852
1790949251.207353,1790949253.207353,0,0,1,0,-0.12529534848783852,-0.12529534848783852
1790949252.207353,1790949254.207353,0,0,1,0,-0.12529534848783852,-0.12529534848783852
1790949253.207353,1790949255.207353,0,0,1,0,-0.12529534848783852,-0.12529534848783852
1790949254.207353,1790949256.207353,0,0,1,0,-0.12529534848783852,-0.12529534848783852
1790949255.207353,1790949257.207353,0,0,1,0,-0.12529534848783852,-0.12529534848783852
1790949256.207353,1790949258.207353,0,0,1,0,-0.12529534848783852,-0.12529534848783852
1790949257.207353,1790949259.207353,0,0,1,0,-0.12529534848783852,-0.12529534848783852
1790949258.207353,1790949260.207353,0,0,1,0,-0.12529534848783852,-0.12529534848783852
1790949259.207353,1790949261.207353,0,0,1,0,-0.12529534848783852,-0.12529534848783852
1790949260.207353,1790949262.207353,0,0,1,0,-0.12529534848783852,-0.12529534848783852
1790949261.207353,1790949263.207353,0,0,1,0,-0.12529534848783852,-0.12529534848783852
1790949262.207353,1790949264.207353,0,0,1,0,-0.12529534848783852,-0.12529534848783852
1790949263.207353,1790949265.207353,0,0,1,0,-0.12529534848783852,-0.12529534848783852
1790949264.207353,1790949266.207353,0,0,1,0,-0.12529534848783852,-0.12529534848783852
1790949265.207353,1790949267.207353,0,0,1,0,-0.12529534848783852,-0.12529534848783852
1790949266.207353,1790949268.207353,0,0,1,0,-0.12529534848783852,-0.12529534848783852
1790949267.207353,1790949269.207353,0,0,1,0,-0.12529534848783852,-0.12529534848783852
1790949268.207353,1790949270.207353,0,0,1,0,-0.12529534848783852,-0.12529534848783852
1790949269.207353,1790949271.207353,0,0,1,0,-0.12529534848783852,-0.12529534848783852
1790949270.207353,1790949272.207353,0,0,1,0,-0.12529534848783852,-0.12529534848783852
1790949271.207353,1790949273.207353,0,0,1,0,-0.12529534848783852,-0.12529534848783852
1790949272.207353,1790949274.207353,0,0,1,0,-0.12529534848783852,-0.12529534848783852
1790949273.207353,1790949275.207353,0,0,1,0,-0.12529534848783852,-0.12529534848783852
1790949274.207353,1790949276.207353,0,0,1,0,-0.12529534848783852,-0.12529534848783852
1790949275.207353,1790949277.207353,0,0,1,0,-0.12529534848783852,-0.12529534848783852
1790949276.207353,1790949278.207353,0,0,1,0,-0.12529534848783852,-0.12529534848783852
1790949277.207353,1790949279.207353,0,0,1,0,-0.12529534848783852,-0.12529534848783852
1790949278.207353,1790949280.207353,0,0,1,0,-0.12529534848783852,-0.12529534848783852
1790949279.207353,1790949281.207353,0,0,1,0,-0.12529534848783852,-0.12529534848783852
1790949280.207353,1790949282.207353,0,0,1,0,-0.12529534848783852,-0.12529534848783852
1790949281.207353,1790949283.207353,0,0,1,0,-0.12529534848783852,-0.12529534848783852
1790949282.207353,1790949284.207353,0,0,1,0,-0.12529534848783852,-0.12529534848783852
1790949283.207353,1790949285.207353,0,0,1,0,-0.12529534848783852,-0.12529534848783852
1790949284.207353,1790949286.207353,0,0,1,0,-0.12529534848783852,-0.12529534848783852
1790949285.207353,1790949287.207353,0,0,1,0,-0.12529534848783852,-0.12529534848783852
1790949286.207353,1790949288.207353,0,0,1,0,-0.12529534848783852,-0.12529534848783852
1790949287.207353,1790949289.207353,0,0,1,0,-0.12529534848783852,-0.12529534848783852
1790949288.207353,1790949290.207353,0,0,1,0,-0.12529534848783852,-0.12529534848783852
1790949289.207353,1790949291.207353,0,0,1,0,-0.12529534848783852,-0.12529534848783852
1790949290.207353,1790949292.207353,0,0,1,0,-0.12529534848783852,-0.12529534848783852
1790949291.207353,1790949293.207353,0,0,1,0,-0.12529534848783852,-0.12529534848783852
1790949292.207353,1790949294.207353,0,0,1,0,-0.12529534848783852,-0.12529534848783852
1790949293.207353,1790949295.207353,0,0,1,0,-0.12529534848783852,-0.12529534848783852
1790949294.207353,1790949296.207353,0,0,1,0,-0.12529534848783852,-0.12529534848783852
1790949295.207353,1790949297.207353,0,0,1,0,-0.12529534848783852,-0.12529534848783852
1790949296.207353,1790949298.207353,0,0,1,0,-0.12529534848783852,-0.12529534848783852
1790949297.207353,1790949299.207353,0,0,1,0,-0.12529534848783852,-0.12529534848783852
1790949298.207353,1790949300.207353,0,0,1,0,-0.12529534848783852,-0.12529534848783852
1790949299.207353,1790949301.207353,0,0,1,0,-0.12529534848783852,-0.12529534848783852
1790949300.207353,1790949302.207353,0,0,1,0,-0.12529534848783852,-0.12529534848783852
1790949301.207353,1790949303.207353,0,0,1,0,-0.12529534848783852,-0.12529534848783852
1790949302.207353,1790949304.207353,0,0,1,0,-0.12529534848783852,-0.12529534848783852
1790949303.207353,1790949305.207353,0,0,1,0,-0.12529534848783852,-0.12529534848783852
1790949304.207353,1790949306.207353,0,0,1,0,-0.12529534848783852,-0.12529534848783852
1790949305.207353,1790949307.207353,0,0,1,0,-0.12529534848783852,-0.12529534848783852
1790949306.207353,1790949308.207353,0,0,1,0,-0.12529534848783852,-0.12529534848783852
1790949307.207353,1790949309.207353,0,0,1,0,-0.12529534848783852,-0.12529534848783852
1790949308.207353,1790949310.207353,0,0,1,0,-0.12529534848783852,-0.12529534848783852
1790949309.207353,1790949311.207353,0,0,1,0,-0.12529534848783852,-0.12529534848783852
1790949310.207353,1790949312.207353,0,0,1,0,-0.12529534848783852,-0.12529534848783852
1790949311.207353,1790949313.207353,0,0,1,0,-0.12529534848783852,-0.12529534848783852
1790949312.207353,1790949314.207353,0,0,1,0,-0.12529534848783852,-0.12529534848783852
1790949313.207353,1790949315.207353,0,0,1,0,-0.12529534848783852,-0.12529534848783852
1790949314.207353,1790949316.207353,0,0,1,0,-0.12529534848783852,-0.12529534848783852
1790949315.207353,1790949317.207353,0,0,1,0,-0.12529534848783852,-0.12529534848783852
1790949316.207353,1790949318.207353,0,0,1,0,-0.12529534848783852,-0.12529534848783852
1790949317.207353,1790949319.207353,0,0,1,0,-0.12529534848783852,-0.12529534848783852
1790949318.207353,1790949320.207353,0,0,1,0,-0.12529534848783852,-0.12529534848783852
1790949319.207353,1790949321.207353,0,0,1,0,-0.12529534848783852,-0.12529534848783852
1790949320.207353,1790949322.207353,0,0,1,0,-0.12529534848783852,-0.12529534848783852
1790949321.207353,1790949323.207353,0,0,1,0,-0.12529534848783852,-0.12529534848783852
1790949322.207353,1790949324.207353,0,0,1,0,-0.12529534848783852,-0.12529534848783852
1790949323.207353,1790949325.207353,0,0,1,0,-0.12529534848783852,-0.12529534848783852
1790949324.207353,1790949326.207353,0,0,1,0,-0.12529534848783852,-0.12529534848783852
1790949325.207353,1790949327.207353,0,0,1,0,-0.12529534848783852,-0.12529534848783852
1790949326.207353,1790949328.207353,0,0,1,0,-0.12529534848783852,-0.12529534848783852
1790949327.207353,1790949329.207353,0,0,1,0,-0.12529534848783852,-0.12529534848783852
1790949328.207353,1790949330.207353,0,0,1,0,-0.12529534848783852,-0.12529534848783852
1790949329.207353,1790949331.207353,0,0,1,0,-0.12529534848783852,-0.12529534848783852
1790949330.207353,1790949332.207353,0,0,1,0,-0.12529534848783852,-0.12529534848783852
1790949331.207353,1790949333.207353,0,0,1,0,-0.12529534848783852,-0.12529534848783852
1790949332.207353,1790949334.207353,0,0,1,0,-0.12529534848783852,-0.12529534848783852
1790949333.207353,1790949335.207353,0,0,1,0,-0.12529534848783852,-0.12529534848783852
1790949334.207353,1790949336.207353,0,0,1,0,-0.12529534848783852,-0.12529534848783852
1790949335.207353,1790949337.207353,0,0,1,0,-0.12529534848783852,-0.12529534848783852
1790949336.207353,1790949338.207353,0,0,1,0,-0.12529534848783852,-0.12529534848783852
1790949337.207353,1790949339.207353,0,0,1,0,-0.12529534848783852,-0.12529534848783852
1790949338.207353,1790949340.207353,0,0,1,0,-0.12529534848783852,-0.12529534848783852
1790949339.207353,1790949341.207353,0,0,1,0,-0.12529534848783852,-0.12529534848783852
1790949340.207353,1790949342.207353,0,0,1,0,-0.12529534848783852,-0.12529534848783852
1790949341.207353,1790949343.207353,0,0,1,0,-0.12529534848783852,-0.12529534848783852
1790949342.207353,1790949344.207353,0,0,1,0,-0.12529534848783852,-0.12529534848783852
1790949343.207353,1790949345.207353,0,0,1,0,-0.12529534848783852,-0.12529534848783852
1790949344.207353,1790949346.207353,0,0,1,0,-0.12529534848783852,-0.12529534848783852
1790949345.207353,1790949347.207353,0,0,1,0,-0.12529534848783852,-0.12529534848783852
1790949346.207353,1790949348.207353,0,0,1,0,-0.12529534848783852,-0.12529534848783852
1790949347.207353,1790949349.207353,0,0,1,0,-0.12529534848783852,-0.12529534848783852
1790949348.207353,1790949350.207353,0,0,1,0,-0.12529534848783852,-0.12529534848783852
1790949349.207353,1790949351.207353,0,0,1,0,-0.12529534848783852,-0.12529534848783852
1790949350.207353,1790949352.207353,0,0,1,0,-0.12529534848783852,-0.12529534848783852
1790949351.207353,1790949353.207353,0,0,1,0,-0.12529534848783852,-0.12529534848783852
1790949352.207353,1790949354.207353,0,0,1,0,-0.12529534848783852,-0.12529534848783852
1790949353.207353,1790949355.207353,0,0,1,0,-0.12529534848783852,-0.12529534848783852
1790949354.207353,1790949356.207353,0,0,1,0,-0.12529534848783852,-0.12529534848783852
1790949355.207353,1790949357.207353,0,0,1,0,-0.12529534848783852,-0.12529534848783852
1790949356.207353,1790949358.207353,0,0,1,0,-0.12529534848783852,-0.12529534848783852
1790949357.207353,1790949359.207353,0,0,1,0,-0.12529534848783852,-0.12529534848783852
1790949358.207353,1790949360.207353,0,0,1,0,-0.12529534848783852,-0.12529534848783852
1790949359.207353,1790949361.207353,0,0,1,0,-0.12529534848783852,-0.12529534848783852
1790949360.207353,1790949362.207353,0,0,1,0,-0.12529534848783852,-0.12529534848783852
1790949361.207353,1790949363.207353,0,0,1,0,-0.12529534848783852,-0.12529534848783852
1790949362.207353,1790949364.207353,0,0,1,0,-0.12529534848783852,-0.12529534848783852
1790949363.207353,1790949365.207353,0,0,1,0,-0.12529534848783852,-0.12529534848783852
1790949364.207353,1790949366.207353,0,0,1,0,-0.12529534848783852,-0.12529534848783852
1790949365.207353,1790949367.207353,0,0,1,0,-0.12529534848783852,-0.12529534848783852
1790949366.207353,1790949368.207353,0,0,1,0,-0.12529534848783852,-0.12529534848783852
1790949367.207353,1790949369.207353,0,0,1,0,-0.12529534848783852,-0.12529534848783852
1790949368.207353,1790949370.207353,0,0,1,0,-0.12529534848783852,-0.12529534848783852
1790949369.207353,1790949371.207353,0,0,1,0,-0.12529534848783852,-0.12529534848783852
1790949370.207353,1790949372.207353,0,0,1,0,-0.12529534848783852,-0.12529534848783852
1790949371.207353,1790949373.207353,0,0,1,0,-0.12529534848783852,-0.12529534848783852
1790949372.207353,1790949374.207353,0,0,1,0,-0.12529534848783852,-0.12529534848783852
1790949373.207353,1790949375.207353,0,0,1,0,-0.12529534848783852,-0.12529534848783852
1790949374.207353,1790949376.207353,0,0,1,0,-0.12529534848783852,-0.12529534848783852
1790949375.207353,1790949377.207353,0,0,1,0,-0.12529534848783852,-0.12529534848783852
1790949376.207353,1790949378.207353,0,0,1,0,-0.12529534848783852,-0.12529534848783852
1790949377.207353,1790949379.207353,0,0,1,0,-0.12529534848783852,-0.12529534848783852
1790949378.207353,1790949380.207353,0,0,1,0,-0.12529534848783852,-0.12529534848783852
1790949379.207353,1790949381.207353,0,0,1,0,-0.12529534848783852,-0.12529534848783852
1790949380.207353,1790949382.207353,0,0,1,0,-0.12529534848783852,-0.12529534848783852
1790949381.207353,1790949383.207353,0,0,1,0,-0.12529534848783852,-0.12529534848783852
1790949382.207353,1790949384.207353,0,0,1,0,-0.12529534848783852,-0.12529534848783852
1790949383.207353,1790949385.207353,0,0,1,0,-0.12529534848783852,-0.12529534848783852
1790949384.207353,1790949386.207353,0,0,1,0,-0.12529534848783852,-0.12529534848783852
1790949385.207353,1790949387.207353,0,0,1,0,-0.12529534848783852,-0.12529534848783852
1790949386.207353,1790949388.207353,0,0,1,0,-0.12529534848783852,-0.12529534848783852
1790949387.207353,1790949389.207353,0,0,1,0,-0.12529534848783852,-0.12529534848783852
1790949388.207353,1790949390.207353,0,0,1,0,-0.12529534848783852,-0.12529534848783852
1790949389.207353,1790949391.207353,0,0,1,0,-0.12529534848783852,-0.12529534848783852
1790949390.207353,1790949392.207353,0,0,1,0,-0.12529534848783852,-0.12529534848783852
1790949391.207353,1790949393.207353,0,0,1,0,-0.12529534848783852,-0.12529534848783852
1790949392.207353,1790949394.207353,0,0,1,0,-0.12529534848783852,-0.12529534848783852
1790949393.207353,1790949395.207353,0,0,1,0,-0.12529534848783852,-0.12529534848783852
1790949394.207353,1790949396.207353,0,0,1,0,-0.12529534848783852,-0.12529534848783852
1790949395.207353,1790949397.207353,0,0,1,0,-0.12529534848783852,-0.12529534848783852
1790949396.207353,1790949398.207353,0,0,1,0,-0.12529534848783852,-0.12529534848783852
1790949397.207353,1790949399.207353,0,0,1,0,-0.12529534848783852,-0.12529534848783852
1790949398.207353,1790949400.207353,0,0,1,0,-0.12529534848783852,-0.12529534848783852
1790949399.207353,1790949401.207353,0,0,1,0,-0.12529534848783852,-0.12529534848783852
1790949400.207353,1790949402.207353,0,0,1,0,-0.12529534848783852,-0.12529534848783852
1790949401.207353,1790949403.207353,0,0,1,0,-0.12529534848783852,-0.12529534848783852
1790949402.207353,1790949404.207353,0,0,1,0,-0.12529534848783852,-0.12529534848783852
1790949403.207353,1790949405.207353,0,0,1,0,-0.12529534848783852,-0.12529534848783852
1790949404.207353,1790949406.207353,0,0,1,0,-0.12529534848783852,-0.12529534848783852
1790949405.207353,1790949407.207353,0,0,1,0,-0.12529534848783852,-0.12529534848783852
1790949406.207353,1790949408.207353,0,0,1,0,-0.12529534848783852,-0.12529534848783852
1790949407.207353,1790949409.207353,0,0,1,0,-0.12529534848783852,-0.12529534848783852
1790949408.207353,1790949410.207353,0,0,1,0,-0.12529534848783852,-0.12529534848783852
1790949409.207353,1790949411.207353,0,0,1,0,-0.12529534848783852,-0.12529534848783852
1790949410.207353,1790949412.207353,0,0,1,0,-0.12529534848783852,-0.12529534848783852
1790949411.207353,1790949413.207353,0,0,1,0,-0.12529534848783852,-0.12529534848783852
1790949412.207353,1790949414.207353,0,0,1,0,-0.12529534848783852,-0.12529534848783852
1790949413.207353,1790949415.207353,0,0,1,0,-0.12529534848783852,-0.12529534848783852
1790949414.207353,1790949416.207353,0,0,1,0,-0.12529534848783852,-0.12529534848783852
1790949415.207353,1790949417.207353,0,0,1,0,-0.12529534848783852,-0.12529534848783852
1790949416.207353,1790949418.207353,0,0,1,0,-0.12529534848783852,-0.12529534848783852
1790949417.207353,1790949419.207353,0,0,1,0,-0.12529534848783852,-0.12529534848783852
1790949418.207353,1790949420.207353,0,0,1,0,-0.12529534848783852,-0.12529534848783852
1790949419.207353,1790949421.207353,0,0,1,0,-0.12529534848783852,-0.12529534848783852
1790949420.207353,1790949422.207353,0,0,1,0,-0.12529534848783852,-0.12529534848783852
1790949421.207353,1790949423.207353,0,0,1,0,-0.12529534848783852,-0.12529534848783852
1790949422.207353,1790949424.207353,0,0,1,0,-0.12529534848783852,-0.12529534848783852
1790949423.207353,1790949425.207353,0,0,1,0,-0.12529534848783852,-0.12529534848783852
1790949424.207353,1790949426.207353,0,0,1,0,-0.12529534848783852,-0.12529534848783852
1790949425.207353,1790949427.207353,0,0,1,0,-0.12529534848783852,-0.12529534848783852
1790949426.207353,1790949428.207353,0,0,1,0,-0.12529534848783852,-0.12529534848783852
1790949427.207353,1790949429.207353,0,0,1,0,-0.12529534848783852,-0.12529534848783852
1790949428.207353,1790949430.207353,0,0,1,0,-0.12529534848783852,-0.12529534848783852
1790949429.207353,1790949431.207353,0,0,1,0,-0.12529534848783852,-0.12529534848783852
1790949430.207353,1790949432.207353,0,0,1,0,-0.12529534848783852,-0.12529534848783852
1790949431.207353,1790949433.207353,0,0,1,0,-0.12529534848783852,-0.12529534848783852
1790949432.207353,1790949434.207353,0,0,1,0,-0.12529534848783852,-0.12529534848783852
1790949433.207353,1790949435.207353,0,0,1,0,-0.12529534848783852,-0.12529534848783852
1790949434.207353,1790949436.207353,0,0,1,0,-0.12529534848783852,-0.12529534848783852
1790949435.207353,1790949437.207353,0,0,1,0,-0.12529534848783852,-0.12529534848783852
1790949436.207353,1790949438.207353,0,0,1,0,-0.12529534848783852,-0.12529534848783852
1790949437.207353,1790949439.207353,0,0,1,0,-0.12529534848783852,-0.12529534848783852
1790949438.207353,1790949440.207353,0,0,1,0,-0.12529534848783852,-0.12529534848783852
1790949439.207353,1790949441.207353,0,0,1,0,-0.12529534848783852,-0.12529534848783852
1790949440.207353,1790949442.207353,0,0,1,0,-0.12529534848783852,-0.12529534848783852
1790949441.207353,1790949443.207353,0,0,1,0,-0.12529534848783852,-0.12529534848783852
1790949442.207353,1790949444.207353,0,0,1,0,-0.12529534848783852,-0.12529534848783852
1790949443.207353,1790949445.207353,0,0,1,0,-0.12529534848783852,-0.12529534848783852
1790949444.207353,1790949446.207353,0,0,1,0,-0.12529534848783852,-0.12529534848783852
1790949445.207353,1790949447.207353,0,0,1,0,-0.12529534848783852,-0.12529534848783852
1790949446.207353,1790949448.207353,0,0,1,0,-0.12529534848783852,-0.12529534848783852
1790949447.207353,1790949449.207353,0,0,1,0,-0.12529534848783852,-0.12529534848783852
1790949448.207353,1790949450.207353,0,0,1,0,-0.12529534848783852,-0.12529534848783852
1790949449.207353,1790949451.207353,0,0,1,0,-0.12529534848783852,-0.12529534848783852
1790949450.207353,1790949452.207353,0,0,1,0,-0.12529534848783852,-0.12529534848783852
1790949451.207353,1790949453.207353,0,0,1,0,-0.12529534848783852,-0.12529534848783852
1790949452.207353,1790949454.207353,0,0,1,0,-0.12529534848783852,-0.12529534848783852
1790949453.207353,1790949455.207353,0,0,1,0,-0.12529534848783852,-0.12529534848783852
1790949454.207353,1790949456.207353,0,0,1,0,-0.12529534848783852,-0.12529534848783852
1790949455.207353,1790949457.207353,0,0,1,0,-0.12529534848783852,-0.12529534848783852
1790949456.207353,1790949458.207353,0,0,1,0,-0.12529534848783852,-0.12529534848783852
1790949457.207353,1790949459.207353,0,0,1,0,-0.12529534848783852,-0.12529534848783852
1790949458.207353,1790949460.207353,0,0,1,0,-0.12529534848783852,-0.12529534848783852
1790949459.207353,1790949461.207353,0,0,1,0,-0.12529534848783852,-0.12529534848783852
1790949460.207353,1790949462.207353,0,0,1,0,-0.12529534848783852,-0.12529534848783852
1790949461.207353,1790949463.207353,0,0,1,0,-0.12529534848783852,-0.12529534848783852
1790949462.207353,1790949464.207353,0,0,1,0,-0.12529534848783852,-0.12529534848783852
1790949463.207353,1790949465.207353,0,0,1,0,-0.12529534848783852,-0.12529534848783852
1790949464.207353,1790949466.207353,0,0,1,0,-0.12529534848783852,-0.12529534848783852
1790949465.207353,1790949467.207353,0,0,1,0,-0.12529534848783852,-0.12529534848783852
1790949466.207353,1790949468.207353,0,0,1,0,-0.12529534848783852,-0.12529534848783852
1790949467.207353,1790949469.207353,0,0,1,0,-0.12529534848783852,-0.12529534848783852
1790949468.207353,1790949470.207353,0,0,1,0,-0.12529534848783852,-0.12529534848783852
1790949469.207353,1790949471.207353,0,0,1,0,-0.12529534848783852,-0.12529534848783852
1790949470.207353,1790949472.207353,0,0,1,0,-0.12529534848783852,-0.12529534848783852
1790949471.207353,1790949473.207353,0,0,1,0,-0.12529534848783852,-0.12529534848783852
1790949472.207353,1790949474.207353,0,0,1,0,-0.12529534848783852,-0.12529534848783852
1790949473.207353,1790949475.207353,0,0,1,0,-0.12529534848783852,-0.12529534848783852
1790949474.207353,1790949476.207353,0,0,1,0,-0.12529534848783852,-0.12529534848783852
1790949475.207353,1790949477.207353,0,0,1,0,-0.12529534848783852,-0.12529534848783852
1790949476.207353,1790949478.207353,0,0,1,0,-0.12529534848783852,-0.12529534848783852
1790949477.207353,1790949479.207353,0,0,1,0,-0.12529534848783852,-0.12529534848783852
1790949478.207353,1790949480.207353,0,0,1,0,-0.12529534848783852,-0.12529534848783852
1790949479.207353,1790949481.207353,0,0,1,0,-0.12529534848783852,-0.12529534848783852
1790949480.207353,1790949482.207353,0,0,1,0,-0.12529534848783852,-0.12529534848783852
1790949481.207353,1790949483.207353,0,0,1,0,-0.12529534848783852,-0.12529534848783852
1790949482.207353,1790949484.207353,0,0,1,0,-0.12529534848783852,-0.12529534848783852
1790949483.207353,1790949485.207353,0,0,1,0,-0.12529534848783852,-0.12529534848783852
1790949484.207353,1790949486.207353,0,0,1,0,-0.12529534848783852,-0.12529534848783852
1790949485.207353,1790949487.207353,0,0,1,0,-0.12529534848783852,-0.12529534848783852
1790949486.207353,1790949488.207353,0,0,1,0,-0.12529534848783852,-0.12529534848783852
1790949487.207353,1790949489.207353,0,0,1,0,-0.12529534848783852,-0.12529534848783852
1790949488.207353,1790949490.207353,0,0,1,0,-0.12529534848783852,-0.12529534848783852
1790949489.207353,1790949491.207353,0,0,1,0,-0.12529534848783852,-0.12529534848783852
1790949490.207353,1790949492.207353,0,0,1,0,-0.12529534848783852,-0.12529534848783852
1790949491.207353,1790949493.207353,0,0,1,0,-0.12529534848783852,-0.12529534848783852
1790949492.207353,1790949494.207353,0,0,1,0,-0.12529534848783852,-0.12529534848783852
1790949493.207353,1790949495.207353,0,0,1,0,-0.12529534848783852,-0.12529534848783852
1790949494.207353,1790949496.207353,0,0,1,0,-0.12529534848783852,-0.12529534848783852
1790949495.207353,1790949497.207353,0,0,1,0,-0.12529534848783852,-0.12529534848783852
1790949496.207353,1790949498.207353,0,0,1,0,-0.12529534848783852,-0.12529534848783852
1790949497.207353,1790949499.207353,0,0,1,0,-0.12529534848783852,-0.12529534848783852
1790949498.207353,1790949500.207353,0,0,1,0,-0.12529534848783852,-0.12529534848783852
1790949499.207353,1790949501.207353,0,0,1,0,-0.12529534848783852,-0.12529534848783852
1790949500.207353,1790949502.207353,0,0,1,0,-0.12529534848783852,-0.12529534848783852
1790949501.207353,1790949503.207353,0,0,1,0,-0.12529534848783852,-0.12529534848783852
1790949502.207353,1790949504.207353,0,0,1,0,-0.12529534848783852,-0.12529534848783852
1790949503.207353,1790949505.207353,0,0,1,0,-0.12529534848783852,-0.12529534848783852
1790949504.207353,1790949506.207353,0,0,1,0,-0.12529534848783852,-0.12529534848783852
1790949505.207353,1790949507.207353,0,0,1,0,-0.12529534848783852,-0.12529534848783852
1790949506.207353,1790949508.207353,0,0,1,0,-0.12529534848783852,-0.12529534848783852
1790949507.207353,1790949509.207353,0,0,1,0,-0.12529534848783852,-0.12529534848783852
1790949508.207353,1790949510.207353,0,0,1,0,-0.12529534848783852,-0.12529534848783852
1790949509.207353,1790949511.207353,0,0,1,0,-0.12529534848783852,-0.12529534848783852
1790949510.207353,1790949512.207353,0,0,1,0,-0.12529534848783852,-0.12529534848783852
1790949511.207353,1790949513.207353,0,0,1,0,-0.12529534848783852,-0.12529534848783852
1790949512.207353,1790949514.207353,0,0,1,0,-0.12529534848783852,-0.12529534848783852
1790949513.207353,1790949515.207353,0,0,1,0,-0.12529534848783852,-0.12529534848783852
1790949514.207353,1790949516.207353,0,0,1,0,-0.12529534848783852,-0.12529534848783852
1790949515.207353,1790949517.207353,0,0,1,0,-0.12529534848783852,-0.12529534848783852
1790949516.207353,1790949518.207353,0,0,1,0,-0.12529534848783852,-0.12529534848783852
1790949517.207353,1790949519.207353,0,0,1,0,-0.12529534848783852,-0.12529534848783852
1790949518.207353,1790949520.207353,0,0,1,0,-0.12529534848783852,-0.12529534848783852
1790949519.207353,1790949521.207353,0,0,1,0,-0.12529534848783852,-0.12529534848783852
1790949520.207353,1790949522.207353,0,0,1,0,-0.12529534848783852,-0.12529534848783852
1790949521.207353,1790949523.207353,0,0,1,0,-0.12529534848783852,-0.12529534848783852
1790949522.207353,1790949524.207353,0,0,1,0,-0.12529534848783852,-0.12529534848783852
1790949523.207353,1790949525.207353,0,0,1,0,-0.12529534848783852,-0.12529534848783852
1790949524.207353,1790949526.207353,0,0,1,0,-0.12529534848783852,-0.12529534848783852
1790949525.207353,1790949527.207353,0,0,1,0,-0.12529534848783852,-0.12529534848783852
1790949526.207353,1790949528.207353,0,0,1,0,-0.12529534848783852,-0.12529534848783852
1790949527.207353,1790949529.207353,0,0,1,0,-0.12529534848783852,-0.12529534848783852
1790949528.207353,1790949530.207353,0,0,1,0,-0.12529534848783852,-0.12529534848783852
1790949529.207353,1790949531.207353,0,0,1,0,-0.12529534848783852,-0.12529534848783852
1790949530.207353,1790949532.207353,0,0,1,0,-0.12529534848783852,-0.12529534848783852
1790949531.207353,1790949533.207353,0,0,1,0,-0.12529534848783852,-0.12529534848783852
1790949532.207353,1790949534.207353,0,0,1,0,-0.12529534848783852,-0.12529534848783852
1790949533.207353,1790949535.207353,0,0,1,0,-0.12529534848783852,-0.12529534848783852
1790949534.207353,1790949536.207353,0,0,1,0,-0.12529534848783852,-0.12529534848783852
1790949535.207353,1790949537.207353,0,0,1,0,-0.12529534848783852,-0.12529534848783852
1790949536.207353,1790949538.207353,0,0,1,0,-0.12529534848783852,-0.12529534848783852
1790949537.207353,1790949539.207353,0,0,1,0,-0.12529534848783852,-0.12529534848783852
1790949538.207353,1790949540.207353,0,0,1,0,-0.12529534848783852,-0.12529534848783852
1790949539.207353,1790949541.207353,0,0,1,0,-0.12529534848783852,-0.12529534848783852
1790949540.207353,1790949542.207353,0,0,1,0,-0.12529534848783852,-0.12529534848783852
1790949541.207353,1790949543.207353,0,0,1,0,-0.12529534848783852,-0.12529534848783852
1790949542.207353,1790949544.207353,0,0,1,0,-0.12529534848783852,-0.12529534848783852
1790949543.207353,1790949545.207353,0,0,1,0,-0.12529534848783852,-0.12529534848783852
1790949544.207353,1790949546.207353,0,0,1,0,-0.12529534848783852,-0.12529534848783852
1790949545.207353,1790949547.207353,0,0,1,0,-0.12529534848783852,-0.12529534848783852
1790949546.207353,1790949548.207353,0,0,1,0,-0.12529534848783852,-0.12529534848783852
1790949547.207353,1790949549.207353,0,0,1,0,-0.12529534848783852,-0.12529534848783852
1790949548.207353,1790949550.207353,0,0,1,0,-0.12529534848783852,-0.12529534848783852
1790949549.207353,1790949551.207353,0,0,1,0,-0.12529534848783852,-0.12529534848783852
1790949550.207353,1790949552.207353,0,0,1,0,-0.12529534848783852,-0.12529534848783852
1790949551.207353,1790949553.207353,0,0,1,0,-0.12529534848783852,-0.12529534848783852
1790949552.207353,1790949554.207353,0,0,1,0,-0.12529534848783852,-0.12529534848783852
1790949553.207353,1790949555.207353,0,0,1,0,-0.12529534848783852,-0.12529534848783852
1790949554.207353,1790949556.207353,0,0,1,0,-0.12529534848783852,-0.12529534848783852
1790949555.207353,1790949557.207353,0,0,1,0,-0.12529534848783852,-0.12529534848783852
1790949556.207353,1790949558.207353,0,0,1,0,-0.12529534848783852,-0.12529534848783852
1790949557.207353,1790949559.207353,0,0,1,0,-0.12529534848783852,-0.12529534848783852
1790949558.207353,1790949560.207353,0,0,1,0,-0.12529534848783852,-0.12529534848783852
1790949559.207353,1790949561.207353,0,0,1,0,-0.12529534848783852,-0.12529534848783852
1790949560.207353,1790949562.207353,0,0,1,0,-0.12529534848783852,-0.12529534848783852
1790949561.207353,1790949563.207353,0,0,1,0,-0.12529534848783852,-0.12529534848783852
1790949562.207353,1790949564.207353,0,0,1,0,-0.12529534848783852,-0.12529534848783852
1790949563.207353,1790949565.207353,0,0,1,0,-0.12529534848783852,-0.12529534848783852
1790949564.207353,1790949566.207353,0,0,1,0,-0.12529534848783852,-0.12529534848783852
1790949565.207353,1790949567.207353,0,0,1,0,-0.12529534848783852,-0.12529534848783852
1790949566.207353,1790949568.207353,0,0,1,0,-0.12529534848783852,-0.12529534848783852
1790949567.207353,1790949569.207353,0,0,1,0,-0.12529534848783852,-0.12529534848783852
1790949568.207353,1790949570.207353,0,0,1,0,-0.12529534848783852,-0.12529534848783852
1790949569.207353,1790949571.207353,0,0,1,0,-0.12529534848783852,-0.12529534848783852
1790949570.207353,1790949572.207353,0,0,1,0,-0.12529534848783852,-0.12529534848783852
1790949571.207353,1790949573.207353,0,0,1,0,-0.12529534848783852,-0.12529534848783852
1790949572.207353,1790949574.207353,0,0,1,0,-0.12529534848783852,-0.12529534848783852
1790949573.207353,1790949575.207353,0,0,1,0,-0.12529534848783852,-0.12529534848783852
1790949574.207353,1790949576.207353,0,0,1,0,-0.12529534848783852,-0.12529534848783852
1790949575.207353,1790949577.207353,0,0,1,0,-0.12529534848783852,-0.12529534848783852
1790949576.207353,1790949578.207353,0,0,1,0,-0.12529534848783852,-0.12529534848783852
1790949577.207353,1790949579.207353,0,0,1,0,-0.12529534848783852,-0.12529534848783852
1790949578.207353,1790949580.207353,0,0,1,0,-0.12529534848783852,-0.12529534848783852
1790949579.207353,1790949581.207353,0,0,1,0,-0.12529534848783852,-0.12529534848783852
1790949580.207353,1790949582.207353,0,0,1,0,-0.12529534848783852,-0.12529534848783852
1790949581.207353,1790949583.207353,0,0,1,0,-0.12529534848783852,-0.12529534848783852
1790949582.207353,1790949584.207353,0,0,1,0,-0.12529534848783852,-0.12529534848783852
1790949583.207353,1790949585.207353,0,0,1,0,-0.12529534848783852,-0.12529534848783852
1790949584.207353,1790949586.207353,0,0,1,0,-0.12529534848783852,-0.12529534848783852
1790949585.207353,1790949587.207353,0,0,1,0,-0.12529534848783852,-0.12529534848783852
1790949586.207353,1790949588.207353,0,0,1,0,-0.12529534848783852,-0.12529534848783852
1790949587.207353,1790949589.207353,0,0,1,0,-0.12529534848783852,-0.12529534848783852
1790949588.207353,1790949590.207353,0,0,1,0,-0.12529534848783852,-0.12529534848783852
1790949589.207353,1790949591.207353,0,0,1,0,-0.12529534848783852,-0.12529534848783852
1790949590.207353,1790949592.207353,0,0,1,0,-0.12529534848783852,-0.12529534848783852
1790949591.207353,1790949593.207353,0,0,1,0,-0.12529534848783852,-0.12529534848783852
1790949592.207353,1790949594.207353,0,0,1,0,-0.12529534848783852,-0.12529534848783852
1790949593.207353,1790949595.207353,0,0,1,0,-0.12529534848783852,-0.12529534848783852
1790949594.207353,1790949596.207353,0,0,1,0,-0.12529534848783852,-0.12529534848783852
1790949595.207353,1790949597.207353,0,0,1,0,-0.12529534848783852,-0.12529534848783852
1790949596.207353,1790949598.207353,0,0,1,0,-0.12529534848783852,-0.12529534848783852
1790949597.207353,1790949599.207353,0,0,1,0,-0.12529534848783852,-0.12529534848783852
1790949598.207353,1790949600.207353,0,0,1,0,-0.12529534848783852,-0.12529534848783852
1790949599.207353,1790949601.207353,0,0,1,0,-0.12529534848783852,-0.12529534848783852
1790949600.207353,1790949602.207353,0,0,1,0,-0.12529534848783852,-0.12529534848783852
1790949601.207353,1790949603.207353,0,0,1,0,-0.12529534848783852,-0.12529534848783852
1790949602.207353,1790949604.207353,0,0,1,0,-0.12529534848783852,-0.12529534848783852
1790949603.207353,1790949605.207353,0,0,1,0,-0.12529534848783852,-0.12529534848783852
1790949604.207353,1790949606.207353,0,0,1,0,-0.12529534848783852,-0.12529534848783852
1790949605.207353,1790949607.207353,0,0,1,0,-0.12529534848783852,-0.12529534848783852
1790949606.207353,1790949608.207353,0,0,1,0,-0.12529534848783852,-0.12529534848783852
1790949607.207353,1790949609.207353,0,0,1,0,-0.12529534848783852,-0.12529534848783852
1790949608.207353,1790949610.207353,0,0,1,0,-0.12529534848783852,-0.12529534848783852
1790949609.207353,1790949611.207353,0,0,1,0,-0.12529534848783852,-0.12529534848783852
1790949610.207353,1790949612.207353,0,0,1,0,-0.12529534848783852,-0.12529534848783852
1790949611.207353,1790949613.207353,0,0,1,0,-0.12529534848783852,-0.12529534848783852
1790949612.207353,1790949614.207353,0,0,1,0,-0.12529534848783852,-0.12529534848783852
1790949613.207353,1790949615.207353,0,0,1,0,-0.12529534848783852,-0.12529534848783852
1790949614.207353,1790949616.207353,0,0,1,0,-0.12529534848783852,-0.12529534848783852
1790949615.207353,1790949617.207353,0,0,1,0,-0.12529534848783852,-0.12529534848783852
1790949616.207353,1790949618.207353,0,0,1,0,-0.12529534848783852,-0.12529534848783852
1790949617.207353,1790949619.207353,0,0,1,0,-0.12529534848783852,-0.12529534848783852
1790949618.207353,1790949620.207353,0,0,1,0,-0.12529534848783852,-0.12529534848783852
1790949619.207353,1790949621.207353,0,0,1,0,-0.12529534848783852,-0.12529534848783852
1790949620.207353,1790949622.207353,0,0,1,0,-0.12529534848783852,-0.12529534848783852
1790949621.207353,1790949623.207353,0,0,1,0,-0.12529534848783852,-0.12529534848783852
1790949622.207353,1790949624.207353,0,0,1,0,-0.12529534848783852,-0.12529534848783852
1790949623.207353,1790949625.207353,0,0,1,0,-0.12529534848783852,-0.12529534848783852
1790949624.207353,1790949626.207353,0,0,1,0,-0.12529534848783852,-0.12529534848783852
1790949625.207353,1790949627.207353,0,0,1,0,-0.12529534848783852,-0.12529534848783852
1790949626.207353,1790949628.207353,0,0,1,0,-0.12529534848783852,-0.12529534848783852
1790949627.207353,1790949629.207353,0,0,1,0,-0.12529534848783852,-0.12529534848783852
1790949628.207353,1790949630.207353,0,0,1,0,-0.12529534848783852,-0.12529534848783852
1790949629.207353,1790949631.207353,0,0,1,0,-0.12529534848783852,-0.12529534848783852
1790949630.207353,1790949632.207353,0,0,1,0,-0.12529534848783852,-0.12529534848783852
1790949631.207353,1790949633.207353,0,0,1,0,-0.12529534848783852,-0.12529534848783852
1790949632.207353,1790949634.207353,0,0,1,0,-0.12529534848783852,-0.12529534848783852
1790949633.207353,1790949635.207353,0,0,1,0,-0.12529534848783852,-0.12529534848783852
1790949634.207353,1790949636.207353,0,0,1,0,-0.12529534848783852,-0.12529534848783852
1790949635.207353,1790949637.207353,0,0,1,0,-0.12529534848783852,-0.12529534848783852
1790949636.207353,1790949638.207353,0,0,1,0,-0.12529534848783852,-0.12529534848783852
1790949637.207353,1790949639.207353,0,0,1,0,-0.12529534848783852,-0.12529534848783852
1790949638.207353,1790949640.207353,0,0,1,0,-0.12529534848783852,-0.12529534848783852
1790949639.207353,1790949641.207353,0,0,1,0,-0.12529534848783852,-0.12529534848783852
1790949640.207353,1790949642.207353,0,0,1,0,-0.12529534848783852,-0.12529534848783852
1790949641.207353,1790949643.207353,0,0,1,0,-0.12529534848783852,-0.12529534848783852
1790949642.207353,1790949644.207353,0,0,1,0,-0.12529534848783852,-0.12529534848783852
1790949643.207353,1790949645.207353,0,0,1,0,-0.12529534848783852,-0.12529534848783852
1790949644.207353,1790949646.207353,0,0,1,0,-0.12529534848783852,-0.12529534848783852
1790949645.207353,1790949647.207353,0,0,1,0,-0.12529534848783852,-0.12529534848783852
1790949646.207353,1790949648.207353,0,0,1,0,-0.12529534848783852,-0.12529534848783852
1790949647.207353,1790949649.207353,0,0,1,0,-0.12529534848783852,-0.12529534848783852
1790949648.207353,1790949650.207353,0,0,1,0,-0.12529534848783852,-0.12529534848783852
1790949649.207353,1790949651.207353,0,0,1,0,-0.12529534848783852,-0.12529534848783852
1790949650.207353,1790949652.207353,0,0,1,0,-0.12529534848783852,-0.12529534848783852
1790949651.207353,1790949653.207353,0,0,1,0,-0.12529534848783852,-0.12529534848783852
1790949652.207353,1790949654.207353,0,0,1,0,-0.12529534848783852,-0.12529534848783852
1790949653.207353,1790949655.207353,0,0,1,0,-0.12529534848783852,-0.12529534848783852
1790949654.207353,1790949656.207353,0,0,1,0,-0.12529534848783852,-0.12529534848783852
1790949655.207353,1790949657.207353,0,0,1,0,-0.12529534848783852,-0.12529534848783852
1790949656.207353,1790949658.207353,0,0,1,0,-0.12529534848783852,-0.12529534848783852
1790949657.207353,1790949659.207353,0,0,1,0,-0.12529534848783852,-0.12529534848783852
1790949658.207353,1790949660.207353,0,0,1,0,-0.12529534848783852,-0.12529534848783852
1790949659.207353,1790949661.207353,0,0,1,0,-0.12529534848783852,-0.12529534848783852
1790949660.207353,1790949662.207353,0,0,1,0,-0.12529534848783852,-0.12529534848783852
1790949661.207353,1790949663.207353,0,0,1,0,-0.12529534848783852,-0.12529534848783852
1790949662.207353,1790949664.207353,0,0,1,0,-0.12529534848783852,-0.12529534848783852
1790949663.207353,1790949665.207353,0,0,1,0,-0.12529534848783852,-0.12529534848783852
1790949664.207353,1790949666.207353,0,0,1,0,-0.12529534848783852,-0.12529534848783852
1790949665.207353,1790949667.207353,0,0,1,0,-0.12529534848783852,-0.12529534848783852
1790949666.207353,1790949668.207353,0,0,1,0,-0.12529534848783852,-0.12529534848783852
1790949667.207353,1790949669.207353,0,0,1,0,-0.12529534848783852,-0.12529534848783852
1790949668.207353,1790949670.207353,0,0,1,0,-0.12529534848783852,-0.12529534848783852
1790949669.207353,1790949671.207353,0,0,1,0,-0.12529534848783852,-0.12529534848783852
1790949670.207353,1790949672.207353,0,0,1,0,-0.12529534848783852,-0.12529534848783852
1790949671.207353,1790949673.207353,0,0,1,0,-0.12529534848783852,-0.12529534848783852
1790949672.207353,1790949674.207353,0,0,1,0,-0.12529534848783852,-0.12529534848783852
1790949673.207353,1790949675.207353,0,0,1,0,-0.12529534848783852,-0.12529534848783852
1790949674.207353,1790949676.207353,0,0,1,0,-0.12529534848783852,-0.12529534848783852
1790949675.207353,1790949677.207353,0,0,1,0,-0.12529534848783852,-0.12529534848783852
1790949676.207353,1790949678.207353,0,0,1,0,-0.12529534848783852,-0.12529534848783852
1790949677.207353,1790949679.207353,0,0,1,0,-0.12529534848783852,-0.12529534848783852
1790949678.207353,1790949680.207353,0,0,1,0,-0.12529534848783852,-0.12529534848783852
1790949679.207353,1790949681.207353,0,0,1,0,-0.12529534848783852,-0.12529534848783852
1790949680.207353,1790949682.207353,0,0,1,0,-0.12529534848783852,-0.12529534848783852
1790949681.207353,1790949683.207353,0,0,1,0,-0.12529534848783852,-0.12529534848783852
1790949682.207353,1790949684.207353,0,0,1,0,-0.12529534848783852,-0.12529534848783852
1790949683.207353,1790949685.207353,0,0,1,0,-0.12529534848783852,-0.12529534848783852
1790949684.207353,1790949686.207353,0,0,1,0,-0.12529534848783852,-0.12529534848783852
1790949685.207353,1790949687.207353,0,0,1,0,-0.12529534848783852,-0.12529534848783852
1790949686.207353,1790949688.207353,0,0,1,0,-0.12529534848783852,-0.12529534848783852
1790949687.207353,1790949689.207353,0,0,1,0,-0.12529534848783852,-0.12529534848783852
1790949688.207353,1790949690.207353,0,0,1,0,-0.12529534848783852,-0.12529534848783852
1790949689.207353,1790949691.207353,0,0,1,0,-0.12529534848783852,-0.12529534848783852
1790949690.207353,1790949692.207353,0,0,1,0,-0.12529534848783852,-0.12529534848783852
1790949691.207353,1790949693.207353,0,0,1,0,-0.12529534848783852,-0.12529534848783852
1790949692.207353,1790949694.207353,0,0,1,0,-0.12529534848783852,-0.12529534848783852
1790949693.207353,1790949695.207353,0,0,1,0,-0.12529534848783852,-0.12529534848783852
1790949694.207353,1790949696.207353,0,0,1,0,-0.12529534848783852,-0.12529534848783852
1790949695.207353,1790949697.207353,0,0,1,0,-0.12529534848783852,-0.12529534848783852
1790949696.207353,1790949698.207353,0,0,1,0,-0.12529534848783852,-0.12529534848783852
1790949697.207353,1790949699.207353,0,0,1,0,-0.12529534848783852,-0.12529534848783852
1790949698.207353,1790949700.207353,0,0,1,0,-0.12529534848783852,-0.12529534848783852
1790949699.207353,1790949701.207353,0,0,1,0,-0.12529534848783852,-0.12529534848783852
1790949700.207353,1790949702.207353,0,0,1,0,-0.12529534848783852,-0.12529534848783852
1790949701.207353,1790949703.207353,0,0,1,0,-0.12529534848783852,-0.12529534848783852
1790949702.207353,1790949704.207353,0,0,1,0,-0.12529534848783852,-0.12529534848783852
1790949703.207353,1790949705.207353,0,0,1,0,-0.12529534848783852,-0.12529534848783852
1790949704.207353,1790949706.207353,0,0,1,0,-0.12529534848783852,-0.12529534848783852
1790949705.207353,1790949707.207353,0,0,1,0,-0.12529534848783852,-0.12529534848783852
1790949706.207353,1790949708.207353,0,0,1,0,-0.12529534848783852,-0.12529534848783852
1790949707.207353,1790949709.207353,0,0,1,0,-0.12529534848783852,-0.12529534848783852
1790949708.207353,1790949710.207353,0,0,1,0,-0.12529534848783852,-0.12529534848783852
1790949709.207353,1790949711.207353,0,0,1,0,-0.12529534848783852,-0.12529534848783852
1790949710.207353,1790949712.207353,0,0,1,0,-0.12529534848783852,-0.12529534848783852
1790949711.207353,1790949713.207353,0,0,1,0,-0.12529534848783852,-0.12529534848783852
1790949712.207353,1790949714.207353,0,0,1,0,-0.12529534848783852,-0.12529534848783852
1790949713.207353,1790949715.207353,0,0,1,0,-0.12529534848783852,-0.12529534848783852
1790949714.207353,1790949716.207353,0,0,1,0,-0.12529534848783852,-0.12529534848783852
1790949715.207353,1790949717.207353,0,0,1,0,-0.12529534848783852,-0.12529534848783852
1790949716.207353,1790949718.207353,0,0,1,0,-0.12529534848783852,-0.12529534848783852
1790949717.207353,1790949719.207353,0,0,1,0,-0.12529534848783852,-0.12529534848783852
1790949718.207353,1790949720.207353,0,0,1,0,-0.12529534848783852,-0.12529534848783852
1790949719.207353,1790949721.207353,0,0,1,0,-0.12529534848783852,-0.12529534848783852
1790949720.207353,1790949722.207353,0,0,1,0,-0.12529534848783852,-0.12529534848783852
1790949721.207353,1790949723.207353,0,0,1,0,-0.12529534848783852,-0.12529534848783852
1790949722.207353,1790949724.207353,0,0,1,0,-0.12529534848783852,-0.12529534848783852
1790949723.207353,1790949725.207353,0,0,1,0,-0.12529534848783852,-0.12529534848783852
1790949724.207353,1790949726.207353,0,0,1,0,-0.12529534848783852,-0.12529534848783852
1790949725.207353,1790949727.207353,0,0,1,0,-0.12529534848783852,-0.12529534848783852
1790949726.207353,1790949728.207353,0,0,1,0,-0.12529534848783852,-0.12529534848783852
1790949727.207353,1790949729.207353,0,0,1,0,-0.12529534848783852,-0.12529534848783852
1790949728.207353,1790949730.207353,0,0,1,0,-0.12529534848783852,-0.12529534848783852
1790949729.207353,1790949731.207353,0,0,1,0,-0.12529534848783852,-0.12529534848783852
1790949730.207353,1790949732.207353,0,0,1,0,-0.12529534848783852,-0.12529534848783852
1790949731.207353,1790949733.207353,0,0,1,0,-0.12529534848783852,-0.12529534848783852
1790949732.207353,1790949734.207353,0,0,1,0,-0.12529534848783852,-0.12529534848783852
1790949733.207353,1790949735.207353,0,0,1,0,-0.12529534848783852,-0.12529534848783852
1790949734.207353,1790949736.207353,0,0,1,0,-0.12529534848783852,-0.12529534848783852
1790949735.207353,1790949737.207353,0,0,1,0,-0.12529534848783852,-0.12529534848783852
1790949736.207353,1790949738.207353,0,0,1,0,-0.12529534848783852,-0.12529534848783852
1790949737.207353,1790949739.207353,0,0,1,0,-0.12529534848783852,-0.12529534848783852
1790949738.207353,1790949740.207353,0,0,1,0,-0.12529534848783852,-0.12529534848783852
1790949739.207353,1790949741.207353,0,0,1,0,-0.12529534848783852,-0.12529534848783852
1790949740.207353,1790949742.207353,0,0,1,0,-0.12529534848783852,-0.12529534848783852
1790949741.207353,1790949743.207353,0,0,1,0,-0.12529534848783852,-0.12529534848783852
1790949742.207353,1790949744.207353,0,0,1,0,-0.12529534848783852,-0.12529534848783852
1790949743.207353,1790949745.207353,0,0,1,0,-0.12529534848783852,-0.12529534848783852
1790949744.207353,1790949746.207353,0,0,1,0,-0.12529534848783852,-0.12529534848783852
1790949745.207353,1790949747.207353,0,0,1,0,-0.12529534848783852,-0.12529534848783852
1790949746.207353,1790949748.207353,0,0,1,0,-0.12529534848783852,-0.12529534848783852
1790949747.207353,1790949749.207353,0,0,1,0,-0.12529534848783852,-0.12529534848783852
1790949748.207353,1790949750.207353,0,0,1,0,-0.12529534848783852,-0.12529534848783852
1790949749.207353,1790949751.207353,0,0,1,0,-0.12529534848783852,-0.12529534848783852
1790949750.207353,1790949752.207353,0,0,1,0,-0.12529534848783852,-0.12529534848783852
1790949751.207353,1790949753.207353,0,0,1,0,-0.12529534848783852,-0.12529534848783852
1790949752.207353,1790949754.207353,0,0,1,0,-0.12529534848783852,-0.12529534848783852
1790949753.207353,1790949755.207353,0,0,1,0,-0.12529534848783852,-0.12529534848783852
1790949754.207353,1790949756.207353,0,0,1,0,-0.12529534848783852,-0.12529534848783852
1790949755.207353,1790949757.207353,0,0,1,0,-0.12529534848783852,-0.12529534848783852
1790949756.207353,1790949758.207353,0,0,1,0,-0.12529534848783852,-0.12529534848783852
1790949757.207353,1790949759.207353,0,0,1,0,-0.12529534848783852,-0.12529534848783852
1790949758.207353,1790949760.207353,0,0,1,0,-0.12529534848783852,-0.12529534848783852
1790949759.207353,1790949761.207353,0,0,1,0,-0.12529534848783852,-0.12529534848783852
1790949760.207353,1790949762.207353,0,0,1,0,-0.12529534848783852,-0.12529534848783852
1790949761.207353,1790949763.207353,0,0,1,0,-0.12529534848783852,-0.12529534848783852
1790949762.207353,1790949764.207353,0,0,1,0,-0.12529534848783852,-0.12529534848783852
1790949763.207353,1790949765.207353,0,0,1,0,-0.12529534848783852,-0.12529534848783852
1790949764.207353,1790949766.207353,0,0,1,0,-0.12529534848783852,-0.12529534848783852
1790949765.207353,1790949767.207353,0,0,1,0,-0.12529534848783852,-0.12529534848783852
1790949766.207353,1790949768.207353,0,0,1,0,-0.12529534848783852,-0.12529534848783852
1790949767.207353,1790949769.207353,0,0,1,0,-0.12529534848783852,-0.12529534848783852
1790949768.207353,1790949770.207353,0,0,1,0,-0.12529534848783852,-0.12529534848783852
1790949769.207353,1790949771.207353,0,0,1,0,-0.12529534848783852,-0.12529534848783852
1790949770.207353,1790949772.207353,0,0,1,0,-0.12529534848783852,-0.12529534848783852
1790949771.207353,1790949773.207353,0,0,1,0,-0.12529534848783852,-0.12529534848783852
1790949772.207353,1790949774.207353,0,0,1,0,-0.12529534848783852,-0.12529534848783852
1790949773.207353,1790949775.207353,0,0,1,0,-0.12529534848783852,-0.12529534848783852
1790949774.207353,1790949776.207353,0,0,1,0,-0.12529534848783852,-0.12529534848783852
1790949775.207353,1790949777.207353,0,0,1,0,-0.12529534848783852,-0.12529534848783852
1790949776.207353,1790949778.207353,0,0,1,0,-0.12529534848783852,-0.12529534848783852
1790949777.207353,1790949779.207353,0,0,1,0,-0.12529534848783852,-0.12529534848783852
1790949778.207353,1790949780.207353,0,0,1,0,-0.12529534848783852,-0.12529534848783852
1790949779.207353,1790949781.207353,0,0,1,0,-0.12529534848783852,-0.12529534848783852
1790949780.207353,1790949782.207353,0,0,1,0,-0.12529534848783852,-0.12529534848783852
1790949781.207353,1790949783.207353,0,0,1,0,-0.12529534848783852,-0.12529534848783852
1790949782.207353,1790949784.207353,0,0,1,0,-0.12529534848783852,-0.12529534848783852
1790949783.207353,1790949785.207353,0,0,1,0,-0.12529534848783852,-0.12529534848783852
1790949784.207353,1790949786.207353,0,0,1,0,-0.12529534848783852,-0.12529534848783852
1790949785.207353,1790949787.207353,0,0,1,0,-0.12529534848783852,-0.12529534848783852
1790949786.207353,1790949788.207353,0,0,1,0,-0.12529534848783852,-0.12529534848783852
1790949787.207353,1790949789.207353,0,0,1,0,-0.12529534848783852,-0.12529534848783852
1790949788.207353,1790949790.207353,0,0,1,0,-0.12529534848783852,-0.12529534848783852
1790949789.207353,1790949791.207353,0,0,1,0,-0.12529534848783852,-0.12529534848783852
1790949790.207353,1790949792.207353,0,0,1,0,-0.12529534848783852,-0.12529534848783852
1790949791.207353,1790949793.207353,0,0,1,0,-0.12529534848783852,-0.12529534848783852
1790949792.207353,1790949794.207353,0,0,1,0,-0.12529534848783852,-0.12529534848783852
1790949793.207353,1790949795.207353,0,0,1,0,-0.12529534848783852,-0.12529534848783852
1790949794.207353,1790949796.207353,0,0,1,0,-0.12529534848783852,-0.12529534848783852
1790949795.207353,1790949797.207353,0,0,1,0,-0.12529534848783852,-0.12529534848783852
1790949796.207353,1790949798.207353,0,0,1,0,-0.12529534848783852,-0.12529534848783852
1790949797.207353,1790949799.207353,0,0,1,0,-0.12529534848783852,-0.12529534848783852
1790949798.207353,1790949800.207353,0,0,1,0,-0.12529534848783852,-0.12529534848783852
1790949799.207353,1790949801.207353,0,0,1,0,-0.12529534848783852,-0.12529534848783852
1790949800.207353,1790949802.207353,0,0,1,0,-0.12529534848783852,-0.12529534848783852
1790949801.207353,1790949803.207353,0,0,1,0,-0.12529534848783852,-0.12529534848783852
1790949802.207353,1790949804.207353,0,0,1,0,-0.12529534848783852,-0.12529534848783852
1790949803.207353,1790949805.207353,0,0,1,0,-0.12529534848783852,-0.12529534848783852
1790949804.207353,1790949806.207353,0,0,1,0,-0.12529534848783852,-0.12529534848783852
1790949805.207353,1790949807.207353,0,0,1,0,-0.12529534848783852,-0.12529534848783852
1790949806.207353,1790949808.207353,0,0,1,0,-0.12529534848783852,-0.12529534848783852
1790949807.207353,1790949809.207353,0,0,1,0,-0.12529534848783852,-0.12529534848783852
1790949808.207353,1790949810.207353,0,0,1,0,-0.12529534848783852,-0.12529534848783852
1790949809.207353,1790949811.207353,0,0,1,0,-0.12529534848783852,-0.12529534848783852
1790949810.207353,1790949812.207353,0,0,1,0,-0.12529534848783852,-0.12529534848783852
1790949811.207353,1790949813.207353,0,0,1,0,-0.12529534848783852,-0.12529534848783852
1790949812.207353,1790949814.207353,0,0,1,0,-0.12529534848783852,-0.12529534848783852
1790949813.207353,1790949815.207353,0,0,1,0,-0.12529534848783852,-0.12529534848783852
1790949814.207353,1790949816.207353,0,0,1,0,-0.12529534848783852,-0.12529534848783852
1790949815.207353,1790949817.207353,0,0,1,0,-0.12529534848783852,-0.12529534848783852
1790949816.207353,1790949818.207353,0,0,1,0,-0.12529534848783852,-0.12529534848783852
1790949817.207353,1790949819.207353,0,0,1,0,-0.12529534848783852,-0.12529534848783852
1790949818.207353,1790949820.207353,0,0,1,0,-0.12529534848783852,-0.12529534848783852
1790949819.207353,1790949821.207353,0,0,1,0,-0.12529534848783852,-0.12529534848783852
1790949820.207353,1790949822.207353,0,0,1,0,-0.12529534848783852,-0.12529534848783852
1790949821.207353,1790949823.207353,0,0,1,0,-0.12529534848783852,-0.12529534848783852
1790949822.207353,1790949824.207353,0,0,1,0,-0.12529534848783852,-0.12529534848783852
1790949823.207353,1790949825.207353,0,0,1,0,-0.12529534848783852,-0.12529534848783852
1790949824.207353,1790949826.207353,0,0,1,0,-0.12529534848783852,-0.12529534848783852
1790949825.207353,1790949827.207353,0,0,1,0,-0.12529534848783852,-0.12529534848783852
1790949826.207353,1790949828.207353,0,0,1,0,-0.12529534848783852,-0.12529534848783852
1790949827.207353,1790949829.207353,0,0,1,0,-0.12529534848783852,-0.12529534848783852
1790949828.207353,1790949830.207353,0,0,1,0,-0.12529534848783852,-0.12529534848783852
1790949829.207353,1790949831.207353,0,0,1,0,-0.12529534848783852,-0.12529534848783852
1790949830.207353,1790949832.207353,0,0,1,0,-0.12529534848783852,-0.12529534848783852
1790949831.207353,1790949833.207353,0,0,1,0,-0.12529534848783852,-0.12529534848783852
1790949832.207353,1790949834.207353,0,0,1,0,-0.12529534848783852,-0.12529534848783852
1790949833.207353,1790949835.207353,0,0,1,0,-0.12529534848783852,-0.12529534848783852
1790949834.207353,1790949836.207353,0,0,1,0,-0.12529534848783852,-0.12529534848783852
1790949835.207353,1790949837.207353,0,0,1,0,-0.12529534848783852,-0.12529534848783852
1790949836.207353,1790949838.207353,0,0,1,0,-0.12529534848783852,-0.12529534848783852
1790949837.207353,1790949839.207353,0,0,1,0,-0.12529534848783852,-0.12529534848783852
1790949838.207353,1790949840.207353,0,0,1,0,-0.12529534848783852,-0.12529534848783852
1790949839.207353,1790949841.207353,0,0,1,0,-0.12529534848783852,-0.12529534848783852
1790949840.207353,1790949842.207353,0,0,1,0,-0.12529534848783852,-0.12529534848783852
1790949841.207353,1790949843.207353,0,0,1,0,-0.12529534848783852,-0.12529534848783852
1790949842.207353,1790949844.207353,0,0,1,0,-0.12529534848783852,-0.12529534848783852
1790949843.207353,1790949845.207353,0,0,1,0,-0.12529534848783852,-0.12529534848783852
1790949844.207353,1790949846.207353,0,0,1,0,-0.12529534848783852,-0.12529534848783852
1790949845.207353,1790949847.207353,0,0,1,0,-0.12529534848783852,-0.12529534848783852
1790949846.207353,1790949848.207353,0,0,1,0,-0.12529534848783852,-0.12529534848783852
1790949847.207353,1790949849.207353,0,0,1,0,-0.12529534848783852,-0.12529534848783852
1790949848.207353,1790949850.207353,0,0,1,0,-0.12529534848783852,-0.12529534848783852
1790949849.207353,1790949851.207353,0,0,1,0,-0.12529534848783852,-0.12529534848783852
1790949850.207353,1790949852.207353,0,0,1,0,-0.12529534848783852,-0.12529534848783852
1790949851.207353,1790949853.207353,0,0,1,0,-0.12529534848783852,-0.12529534848783852
1790949852.207353,1790949854.207353,0,0,1,0,-0.12529534848783852,-0.12529534848783852
1790949853.207353,1790949855.207353,0,0,1,0,-0.12529534848783852,-0.12529534848783852
1790949854.207353,1790949856.207353,0,0,1,0,-0.12529534848783852,-0.12529534848783852
1790949855.207353,1790949857.207353,0,0,1,0,-0.12529534848783852,-0.12529534848783852
1790949856.207353,1790949858.207353,0,0,1,0,-0.12529534848783852,-0.12529534848783852
1790949857.207353,1790949859.207353,0,0,1,0,-0.12529534848783852,-0.12529534848783852
1790949858.207353,1790949860.207353,0,0,1,0,-0.12529534848783852,-0.12529534848783852
1790949859.207353,1790949861.207353,0,0,1,0,-0.12529534848783852,-0.12529534848783852
1790949860.207353,1790949862.207353,0,0,1,0,-0.12529534848783852,-0.12529534848783852
1790949861.207353,1790949863.207353,0,0,1,0,-0.12529534848783852,-0.12529534848783852
1790949862.207353,1790949864.207353,0,0,1,0,-0.12529534848783852,-0.12529534848783852
1790949863.207353,1790949865.207353,0,0,1,0,-0.12529534848783852,-0.12529534848783852
1790949864.207353,1790949866.207353,0,0,1,0,-0.12529534848783852,-0.12529534848783852
1790949865.207353,1790949867.207353,0,0,1,0,-0.12529534848783852,-0.12529534848783852
1790949866.207353,1790949868.207353,0,0,1,0,-0.12529534848783852,-0.12529534848783852
1790949867.207353,1790949869.207353,0,0,1,0,-0.12529534848783852,-0.12529534848783852
1790949868.207353,1790949870.207353,0,0,1,0,-0.12529534848783852,-0.12529534848783852
1790949869.207353,1790949871.207353,0,0,1,0,-0.12529534848783852,-0.12529534848783852
1790949870.207353,1790949872.207353,0,0,1,0,-0.12529534848783852,-0.12529534848783852
1790949871.207353,1790949873.207353,0,0,1,0,-0.12529534848783852,-0.12529534848783852
1790949872.207353,1790949874.207353,0,0,1,0,-0.12529534848783852,-0.12529534848783852
1790949873.207353,1790949875.207353,0,0,1,0,-0.12529534848783852,-0.12529534848783852
1790949874.207353,1790949876.207353,0,0,1,0,-0.12529534848783852,-0.12529534848783852
1790949875.207353,1790949877.207353,0,0,1,0,-0.12529534848783852,-0.12529534848783852
1790949876.207353,1790949878.207353,0,0,1,0,-0.12529534848783852,-0.12529534848783852
1790949877.207353,1790949879.207353,0,0,1,0,-0.12529534848783852,-0.12529534848783852
1790949878.207353,1790949880.207353,0,0,1,0,-0.12529534848783852,-0.12529534848783852
1790949879.207353,1790949881.207353,0,0,1,0,-0.12529534848783852,-0.12529534848783852
1790949880.207353,1790949882.207353,0,0,1,0,-0.12529534848783852,-0.12529534848783852
1790949881.207353,1790949883.207353,0,0,1,0,-0.12529534848783852,-0.12529534848783852
1790949882.207353,1790949884.207353,0,0,1,0,-0.12529534848783852,-0.12529534848783852
1790949883.207353,1790949885.207353,0,0,1,0,-0.12529534848783852,-0.12529534848783852
1790949884.207353,1790949886.207353,0,0,1,0,-0.12529534848783852,-0.12529534848783852
1790949885.207353,1790949887.207353,0,0,1,0,-0.12529534848783852,-0.12529534848783852
1790949886.207353,1790949888.207353,0,0,1,0,-0.12529534848783852,-0.12529534848783852
1790949887.207353,1790949889.207353,0,0,1,0,-0.12529534848783852,-0.12529534848783852
1790949888.207353,1790949890.207353,0,0,1,0,-0.12529534848783852,-0.12529534848783852
1790949889.207353,1790949891.207353,0,0,1,0,-0.12529534848783852,-0.12529534848783852
1790949890.207353,1790949892.207353,0,0,1,0,-0.12529534848783852,-0.12529534848783852
1790949891.207353,1790949893.207353,0,0,1,0,-0.12529534848783852,-0.12529534848783852
1790949892.207353,1790949894.207353,0,0,1,0,-0.12529534848783852,-0.12529534848783852
1790949893.207353,1790949895.207353,0,0,1,0,-0.12529534848783852,-0.12529534848783852
1790949894.207353,1790949896.207353,0,0,1,0,-0.12529534848783852,-0.12529534848783852
1790949895.207353,1790949897.207353,0,0,1,0,-0.12529534848783852,-0.12529534848783852
1790949896.207353,1790949898.207353,0,0,1,0,-0.12529534848783852,-0.12529534848783852
1790949897.207353,1790949899.207353,0,0,1,0,-0.12529534848783852,-0.12529534848783852
1790949898.207353,1790949900.207353,0,0,1,0,-0.12529534848783852,-0.12529534848783852
1790949899.207353,1790949901.207353,0,0,1,0,-0.12529534848783852,-0.12529534848783852
1790949900.207353,1790949902.207353,0,0,1,0,-0.12529534848783852,-0.12529534848783852
1790949901.207353,1790949903.207353,0,0,1,0,-0.12529534848783852,-0.12529534848783852
1790949902.207353,1790949904.207353,0,0,1,0,-0.12529534848783852,-0.12529534848783852
1790949903.207353,1790949905.207353,0,0,1,0,-0.12529534848783852,-0.12529534848783852
1790949904.207353,1790949906.207353,0,0,1,0,-0.12529534848783852,-0.12529534848783852
1790949905.207353,1790949907.207353,0,0,1,0,-0.12529534848783852,-0.12529534848783852
1790949906.207353,1790949908.207353,0,0,1,0,-0.12529534848783852,-0.12529534848783852
1790949907.207353,1790949909.207353,0,0,1,0,-0.12529534848783852,-0.12529534848783852
1790949908.207353,1790949910.207353,0,0,1,0,-0.12529534848783852,-0.12529534848783852
1790949909.207353,1790949911.207353,0,0,1,0,-0.12529534848783852,-0.12529534848783852
1790949910.207353,1790949912.207353,0,0,1,0,-0.12529534848783852,-0.12529534848783852
1790949911.207353,1790949913.207353,0,0,1,0,-0.12529534848783852,-0.12529534848783852
1790949912.207353,1790949914.207353,0,0,1,0,-0.12529534848783852,-0.12529534848783852
1790949913.207353,1790949915.207353,0,0,1,0,-0.12529534848783852,-0.12529534848783852
1790949914.207353,1790949916.207353,0,0,1,0,-0.12529534848783852,-0.12529534848783852
1790949915.207353,1790949917.207353,0,0,1,0,-0.12529534848783852,-0.12529534848783852
1790949916.207353,1790949918.207353,0,0,1,0,-0.12529534848783852,-0.12529534848783852
1790949917.207353,1790949919.207353,0,0,1,0,-0.12529534848783852,-0.12529534848783852
1790949918.207353,1790949920.207353,0,0,1,0,-0.12529534848783852,-0.12529534848783852
1790949919.207353,1790949921.207353,0,0,1,0,-0.12529534848783852,-0.12529534848783852
1790949920.207353,1790949922.207353,0,0,1,0,-0.12529534848783852,-0.12529534848783852
1790949921.207353,1790949923.207353,0,0,1,0,-0.12529534848783852,-0.12529534848783852
1790949922.207353,1790949924.207353,0,0,1,0,-0.12529534848783852,-0.12529534848783852
1790949923.207353,1790949925.207353,0,0,1,0,-0.12529534848783852,-0.12529534848783852
1790949924.207353,1790949926.207353,0,0,1,0,-0.12529534848783852,-0.12529534848783852
1790949925.207353,1790949927.207353,0,0,1,0,-0.12529534848783852,-0.12529534848783852
1790949926.207353,1790949928.207353,0,0,1,0,-0.12529534848783852,-0.12529534848783852
1790949927.207353,1790949929.207353,0,0,1,0,-0.12529534848783852,-0.12529534848783852
1790949928.207353,1790949930.207353,0,0,1,0,-0.12529534848783852,-0.12529534848783852
1790949929.207353,1790949931.207353,0,0,1,0,-0.12529534848783852,-0.12529534848783852
1790949930.207353,1790949932.207353,0,0,1,0,-0.12529534848783852,-0.12529534848783852
1790949931.207353,1790949933.207353,0,0,1,0,-0.12529534848783852,-0.12529534848783852
1790949932.207353,1790949934.207353,0,0,1,0,-0.12529534848783852,-0.12529534848783852
1790949933.207353,1790949935.207353,0,0,1,0,-0.12529534848783852,-0.12529534848783852
1790949934.207353,1790949936.207353,0,0,1,0,-0.12529534848783852,-0.12529534848783852
1790949935.207353,1790949937.207353,0,0,1,0,-0.12529534848783852,-0.12529534848783852
1790949936.207353,1790949938.207353,0,0,1,0,-0.12529534848783852,-0.12529534848783852
1790949937.207353,1790949939.207353,0,0,1,0,-0.12529534848783852,-0.12529534848783852
1790949938.207353,1790949940.207353,0,0,1,0,-0.12529534848783852,-0.12529534848783852
1790949939.207353,1790949941.207353,0,0,1,0,-0.12529534848783852,-0.12529534848783852
1790949940.207353,1790949942.207353,0,0,1,0,-0.12529534848783852,-0.12529534848783852
1790949941.207353,1790949943.207353,0,0,1,0,-0.12529534848783852,-0.12529534848783852
1790949942.207353,1790949944.207353,0,0,1,0,-0.12529534848783852,-0.12529534848783852
1790949943.207353,1790949945.207353,0,0,1,0,-0.12529534848783852,-0.12529534848783852
1790949944.207353,1790949946.207353,0,0,1,0,-0.12529534848783852,-0.12529534848783852
1790949945.207353,1790949947.207353,0,0,1,0,-0.12529534848783852,-0.12529534848783852
1790949946.207353,1790949948.207353,0,0,1,0,-0.12529534848783852,-0.12529534848783852
1790949947.207353,1790949949.207353,0,0,1,0,-0.12529534848783852,-0.12529534848783852
1790949948.207353,1790949950.207353,0,0,1,0,-0.12529534848783852,-0.12529534848783852
1790949949.207353,1790949951.207353,0,0,1,0,-0.12529534848783852,-0.12529534848783852
1790949950.207353,1790949952.207353,0,0,1,0,-0.12529534848783852,-0.12529534848783852
1790949951.207353,1790949953.207353,0,0,1,0,-0.12529534848783852,-0.12529534848783852
1790949952.207353,1790949954.207353,0,0,1,0,-0.12529534848783852,-0.12529534848783852
1790949953.207353,1790949955.207353,0,0,1,0,-0.12529534848783852,-0.12529534848783852
1790949954.207353,1790949956.207353,0,0,1,0,-0.12529534848783852,-0.12529534848783852
1790949955.207353,1790949957.207353,0,0,1,0,-0.12529534848783852,-0.12529534848783852
1790949956.207353,1790949958.207353,0,0,1,0,-0.12529534848783852,-0.12529534848783852
1790949957.207353,1790949959.207353,0,0,1,0,-0.12529534848783852,-0.12529534848783852
1790949958.207353,1790949960.207353,0,0,1,0,-0.12529534848783852,-0.12529534848783852
1790949959.207353,1790949961.207353,0,0,1,0,-0.12529534848783852,-0.12529534848783852
1790949960.207353,1790949962.207353,0,0,1,0,-0.12529534848783852,-0.12529534848783852
1790949961.207353,1790949963.207353,0,0,1,0,-0.12529534848783852,-0.12529534848783852
1790949962.207353,1790949964.207353,0,0,1,0,-0.12529534848783852,-0.12529534848783852
1790949963.207353,1790949965.207353,0,0,1,0,-0.12529534848783852,-0.12529534848783852
1790949964.207353,1790949966.207353,0,0,1,0,-0.12529534848783852,-0.12529534848783852
1790949965.207353,1790949967.207353,0,0,1,0,-0.12529534848783852,-0.12529534848783852
1790949966.207353,1790949968.207353,0,0,1,0,-0.12529534848783852,-0.12529534848783852
1790949967.207353,1790949969.207353,0,0,1,0,-0.12529534848783852,-0.12529534848783852
1790949968.207353,1790949970.207353,0,0,1,0,-0.12529534848783852,-0.12529534848783852
1790949969.207353,1790949971.207353,0,0,1,0,-0.12529534848783852,-0.12529534848783852
1790949970.207353,1790949972.207353,0,0,1,0,-0.12529534848783852,-0.12529534848783852
1790949971.207353,1790949973.207353,0,0,1,0,-0.12529534848783852,-0.12529534848783852
1790949972.207353,1790949974.207353,0,0,1,0,-0.12529534848783852,-0.12529534848783852
1790949973.207353,1790949975.207353,0,0,1,0,-0.12529534848783852,-0.12529534848783852
1790949974.207353,1790949976.207353,0,0,1,0,-0.12529534848783852,-0.12529534848783852
1790949975.207353,1790949977.207353,0,0,1,0,-0.12529534848783852,-0.12529534848783852
1790949976.207353,1790949978.207353,0,0,1,0,-0.12529534848783852,-0.12529534848783852
1790949977.207353,1790949979.207353,0,0,1,0,-0.12529534848783852,-0.12529534848783852
1790949978.207353,1790949980.207353,0,0,1,0,-0.12529534848783852,-0.12529534848783852
1790949979.207353,1790949981.207353,0,0,1,0,-0.12529534848783852,-0.12529534848783852
1790949980.207353,1790949982.207353,0,0,1,0,-0.12529534848783852,-0.12529534848783852
1790949981.207353,1790949983.207353,0,0,1,0,-0.12529534848783852,-0.12529534848783852
1790949982.207353,1790949984.207353,0,0,1,0,-0.12529534848783852,-0.12529534848783852
1790949983.207353,1790949985.207353,0,0,1,0,-0.12529534848783852,-0.12529534848783852
1790949984.207353,1790949986.207353,0,0,1,0,-0.12529534848783852,-0.12529534848783852
1790949985.207353,1790949987.207353,0,0,1,0,-0.12529534848783852,-0.12529534848783852
1790949986.207353,1790949988.207353,0,0,1,0,-0.12529534848783852,-0.12529534848783852
1790949987.207353,1790949989.207353,0,0,1,0,-0.12529534848783852,-0.12529534848783852
1790949988.207353,1790949990.207353,0,0,1,0,-0.12529534848783852,-0.12529534848783852
1790949989.207353,1790949991.207353,0,0,1,0,-0.12529534848783852,-0.12529534848783852
1790949990.207353,1790949992.207353,0,0,1,0,-0.12529534848783852,-0.12529534848783852
1790949991.207353,1790949993.207353,0,0,1,0,-0.12529534848783852,-0.12529534848783852
1790949992.207353,1790949994.207353,0,0,1,0,-0.12529534848783852,-0.12529534848783852
1790949993.207353,1790949995.207353,0,0,1,0,-0.12529534848783852,-0.12529534848783852
1790949994.207353,1790949996.207353,0,0,1,0,-0.12529534848783852,-0.12529534848783852
1790949995.207353,1790949997.207353,0,0,1,0,-0.12529534848783852,-0.12529534848783852
1790949996.207353,1790949998.207353,0,0,1,0,-0.12529534848783852,-0.12529534848783852
1790949997.207353,1790949999.207353,0,0,1,0,-0.12529534848783852,-0.12529534848783852
1790949998.207353,1790950000.207353,0,0,1,0,-0.12529534848783852,-0.12529534848783852
1790949999.207353,1790950001.207353,0,0,1,0,-0.12529534848783852,-0.12529534848783852
1790950000.207353,1790950002.207353,0,0,1,0,-0.12529534848783852,-0.12529534848783852
1790950001.207353,1790950003.207353,0,0,1,0,-0.12529534848783852,-0.12529534848783852
1790950002.207353,1790950004.207353,0,0,1,0,-0.12529534848783852,-0.12529534848783852
1790950003.207353,1790950005.207353,0,0,1,0,-0.12529534848783852,-0.12529534848783852
1790950004.207353,1790950006.207353,0,0,1,0,-0.12529534848783852,-0.12529534848783852
1790950005.207353,1790950007.207353,0,0,1,0,-0.12529534848783852,-0.12529534848783852
1790950006.207353,1790950008.207353,0,0,1,0,-0.12529534848783852,-0.12529534848783852
1790950007.207353,1790950009.207353,0,0,1,0,-0.12529534848783852,-0.12529534848783852
1790950008.207353,1790950010.207353,0,0,1,0,-0.12529534848783852,-0.12529534848783852
1790950009.207353,1790950011.207353,0,0,1,0,-0.12529534848783852,-0.12529534848783852
1790950010.207353,1790950012.207353,0,0,1,0,-0.12529534848783852,-0.12529534848783852
1790950011.207353,1790950013.207353,0,0,1,0,-0.12529534848783852,-0.12529534848783852
1790950012.207353,1790950014.207353,0,0,1,0,-0.12529534848783852,-0.12529534848783852
1790950013.207353,1790950015.207353,0,0,1,0,-0.12529534848783852,-0.12529534848783852
1790950014.207353,1790950016.207353,0,0,1,0,-0.12529534848783852,-0.12529534848783852
1790950015.207353,1790950017.207353,0,0,1,0,-0.12529534848783852,-0.12529534848783852
1790950016.207353,1790950018.207353,0,0,1,0,-0.12529534848783852,-0.12529534848783852
1790950017.207353,1790950019.207353,0,0,1,0,-0.12529534848783852,-0.12529534848783852
1790950018.207353,1790950020.207353,0,0,1,0,-0.12529534848783852,-0.12529534848783852
1790950019.207353,1790950021.207353,0,0,1,0,-0.12529534848783852,-0.12529534848783852
1790950020.207353,1790950022.207353,0,0,1,0,-0.12529534848783852,-0.12529534848783852
1790950021.207353,1790950023.207353,0,0,1,0,-0.12529534848783852,-0.12529534848783852
1790950022.207353,1790950024.207353,0,0,1,0,-0.12529534848783852,-0.12529534848783852
1790950023.207353,1790950025.207353,0,0,1,0,-0.12529534848783852,-0.12529534848783852
1790950024.207353,1790950026.207353,0,0,1,0,-0.12529534848783852,-0.12529534848783852
1790950025.207353,1790950027.207353,0,0,1,0,-0.12529534848783852,-0.12529534848783852
1790950026.207353,1790950028.207353,0,0,1,0,-0.12529534848783852,-0.12529534848783852
1790950027.207353,1790950029.207353,0,0,1,0,-0.12529534848783852,-0.12529534848783852
1790950028.207353,1790950030.207353,0,0,1,0,-0.12529534848783852,-0.12529534848783852
1790950029.207353,1790950031.207353,0,0,1,0,-0.12529534848783852,-0.12529534848783852
1790950030.207353,1790950032.207353,0,0,1,0,-0.12529534848783852,-0.12529534848783852
1790950031.207353,1790950033.207353,0,0,1,0,-0.12529534848783852,-0.12529534848783852
1790950032.207353,1790950034.207353,0,0,1,0,-0.12529534848783852,-0.12529534848783852
1790950033.207353,1790950035.207353,0,0,1,0,-0.12529534848783852,-0.12529534848783852
1790950034.207353,1790950036.207353,0,0,1,0,-0.12529534848783852,-0.12529534848783852
1790950035.207353,1790950037.207353,0,0,1,0,-0.12529534848783852,-0.12529534848783852
1790950036.207353,1790950038.207353,0,0,1,0,-0.12529534848783852,-0.12529534848783852
1790950037.207353,1790950039.207353,0,0,1,0,-0.12529534848783852,-0.12529534848783852
1790950038.207353,1790950040.207353,0,0,1,0,-0.12529534848783852,-0.12529534848783852
1790950039.207353,1790950041.207353,0,0,1,0,-0.12529534848783852,-0.12529534848783852
1790950040.207353,1790950042.207353,0,0,1,0,-0.12529534848783852,-0.12529534848783852
1790950041.207353,1790950043.207353,0,0,1,0,-0.12529534848783852,-0.12529534848783852
1790950042.207353,1790950044.207353,0,0,1,0,-0.12529534848783852,-0.12529534848783852
1790950043.207353,1790950045.207353,0,0,1,0,-0.12529534848783852,-0.12529534848783852
1790950044.207353,1790950046.207353,0,0,1,0,-0.12529534848783852,-0.12529534848783852
1790950045.207353,1790950047.207353,0,0,1,0,-0.12529534848783852,-0.12529534848783852
1790950046.207353,1790950048.207353,0,0,1,0,-0.12529534848783852,-0.12529534848783852
1790950047.207353,1790950049.207353,0,0,1,0,-0.12529534848783852,-0.12529534848783852
1790950048.207353,1790950050.207353,0,0,1,0,-0.12529534848783852,-0.12529534848783852
1790950049.207353,1790950051.207353,0,0,1,0,-0.12529534848783852,-0.12529534848783852
1790950050.207353,1790950052.207353,0,0,1,0,-0.12529534848783852,-0.12529534848783852
1790950051.207353,1790950053.207353,0,0,1,0,-0.12529534848783852,-0.12529534848783852
1790950052.207353,1790950054.207353,0,0,1,0,-0.12529534848783852,-0.12529534848783852
1790950053.207353,1790950055.207353,0,0,1,0,-0.12529534848783852,-0.12529534848783852
1790950054.207353,1790950056.207353,0,0,1,0,-0.12529534848783852,-0.12529534848783852
1790950055.207353,1790950057.207353,0,0,1,0,-0.12529534848783852,-0.12529534848783852
1790950056.207353,1790950058.207353,0,0,1,0,-0.12529534848783852,-0.12529534848783852
1790950057.207353,1790950059.207353,0,0,1,0,-0.12529534848783852,-0.12529534848783852
1790950058.207353,1790950060.207353,0,0,1,0,-0.12529534848783852,-0.12529534848783852
1790950059.207353,1790950061.207353,0,0,1,0,-0.12529534848783852,-0.12529534848783852
1790950060.207353,1790950062.207353,0,0,1,0,-0.12529534848783852,-0.12529534848783852
1790950061.207353,1790950063.207353,0,0,1,0,-0.12529534848783852,-0.12529534848783852
1790950062.207353,1790950064.207353,0,0,1,0,-0.12529534848783852,-0.12529534848783852
1790950063.207353,1790950065.207353,0,0,1,0,-0.12529534848783852,-0.12529534848783852
1790950064.207353,1790950066.207353,0,0,1,0,-0.12529534848783852,-0.12529534848783852
1790950065.207353,1790950067.207353,0,0,1,0,-0.12529534848783852,-0.12529534848783852
1790950066.207353,1790950068.207353,0,0,1,0,-0.12529534848783852,-0.12529534848783852
1790950067.207353,1790950069.207353,0,0,1,0,-0.12529534848783852,-0.12529534848783852
1790950068.207353,1790950070.207353,0,0,1,0,-0.12529534848783852,-0.12529534848783852
1790950069.207353,1790950071.207353,0,0,1,0,-0.12529534848783852,-0.12529534848783852
1790950070.207353,1790950072.207353,0,0,1,0,-0.12529534848783852,-0.12529534848783852
1790950071.207353,1790950073.207353,0,0,1,0,-0.12529534848783852,-0.12529534848783852
1790950072.207353,1790950074.207353,0,0,1,0,-0.12529534848783852,-0.12529534848783852
1790950073.207353,1790950075.207353,0,0,1,0,-0.12529534848783852,-0.12529534848783852
1790950074.207353,1790950076.207353,0,0,1,0,-0.12529534848783852,-0.12529534848783852
1790950075.207353,1790950077.207353,0,0,1,0,-0.12529534848783852,-0.12529534848783852
1790950076.207353,1790950078.207353,0,0,1,0,-0.12529534848783852,-0.12529534848783852
1790950077.207353,1790950079.207353,0,0,1,0,-0.12529534848783852,-0.12529534848783852
1790950078.207353,1790950080.207353,0,0,1,0,-0.12529534848783852,-0.12529534848783852
1790950079.207353,1790950081.207353,0,0,1,0,-0.12529534848783852,-0.12529534848783852
1790950080.207353,1790950082.207353,0,0,1,0,-0.12529534848783852,-0.12529534848783852
1790950081.207353,1790950083.207353,0,0,1,0,-0.12529534848783852,-0.12529534848783852
1790950082.207353,1790950084.207353,0,0,1,0,-0.12529534848783852,-0.12529534848783852
1790950083.207353,1790950085.207353,0,0,1,0,-0.12529534848783852,-0.12529534848783852
1790950084.207353,1790950086.207353,0,0,1,0,-0.12529534848783852,-0.12529534848783852
1790950085.207353,1790950087.207353,0,0,1,0,-0.12529534848783852,-0.12529534848783852
1790950086.207353,1790950088.207353,0,0,1,0,-0.12529534848783852,-0.12529534848783852
1790950087.207353,1790950089.207353,0,0,1,0,-0.12529534848783852,-0.12529534848783852
1790950088.207353,1790950090.207353,0,0,1,0,-0.12529534848783852,-0.12529534848783852
1790950089.207353,1790950091.207353,0,0,1,0,-0.12529534848783852,-0.12529534848783852
1790950090.207353,1790950092.207353,0,0,1,0,-0.12529534848783852,-0.12529534848783852
1790950091.207353,1790950093.207353,0,0,1,0,-0.12529534848783852,-0.12529534848783852
1790950092.207353,1790950094.207353,0,0,1,0,-0.12529534848783852,-0.12529534848783852
1790950093.207353,1790950095.207353,0,0,1,0,-0.12529534848783852,-0.12529534848783852
1790950094.207353,1790950096.207353,0,0,1,0,-0.12529534848783852,-0.12529534848783852
1790950095.207353,1790950097.207353,0,0,1,0,-0.12529534848783852,-0.12529534848783852
1790950096.207353,1790950098.207353,0,0,1,0,-0.12529534848783852,-0.12529534848783852
1790950097.207353,1790950099.207353,0,0,1,0,-0.12529534848783852,-0.12529534848783852
1790950098.207353,1790950100.207353,0,0,1,0,-0.12529534848783852,-0.12529534848783852
1790950099.207353,1790950101.207353,0,0,1,0,-0.12529534848783852,-0.12529534848783852
1790950100.207353,1790950102.207353,0,0,1,0,-0.12529534848783852,-0.12529534848783852
1790950101.207353,1790950103.207353,0,0,1,0,-0.12529534848783852,-0.12529534848783852
1790950102.207353,1790950104.207353,0,0,1,0,-0.12529534848783852,-0.12529534848783852
1790950103.207353,1790950105.207353,0,0,1,0,-0.12529534848783852,-0.12529534848783852
1790950104.207353,1790950106.207353,0,0,1,0,-0.12529534848783852,-0.12529534848783852
1790950105.207353,1790950107.207353,0,0,1,0,-0.12529534848783852,-0.12529534848783852
1790950106.207353,1790950108.207353,0,0,1,0,-0.12529534848783852,-0.12529534848783852
1790950107.207353,1790950109.207353,0,0,1,0,-0.12529534848783852,-0.12529534848783852
1790950108.207353,1790950110.207353,0,0,1,0,-0.12529534848783852,-0.12529534848783852
1790950109.207353,1790950111.207353,0,0,1,0,-0.12529534848783852,-0.12529534848783852
1790950110.207353,1790950112.207353,0,0,1,0,-0.12529534848783852,-0.12529534848783852
1790950111.207353,1790950113.207353,0,0,1,0,-0.12529534848783852,-0.12529534848783852
1790950112.207353,1790950114.207353,0,0,1,0,-0.12529534848783852,-0.12529534848783852
1790950113.207353,1790950115.207353,0,0,1,0,-0.12529534848783852,-0.12529534848783852
1790950114.207353,1790950116.207353,0,0,1,0,-0.12529534848783852,-0.12529534848783852
1790950115.207353,1790950117.207353,0,0,1,0,-0.12529534848783852,-0.12529534848783852
1790950116.207353,1790950118.207353,0,0,1,0,-0.12529534848783852,-0.12529534848783852
1790950117.207353,1790950119.207353,0,0,1,0,-0.12529534848783852,-0.12529534848783852
1790950118.207353,1790950120.207353,0,0,1,0,-0.12529534848783852,-0.12529534848783852
1790950119.207353,1790950121.207353,0,0,1,0,-0.12529534848783852,-0.12529534848783852
1790950120.207353,1790950122.207353,0,0,1,0,-0.12529534848783852,-0.12529534848783852
1790950121.207353,1790950123.207353,0,0,1,0,-0.12529534848783852,-0.12529534848783852
1790950122.207353,1790950124.207353,0,0,1,0,-0.12529534848783852,-0.12529534848783852
1790950123.207353,1790950125.207353,0,0,1,0,-0.12529534848783852,-0.12529534848783852
1790950124.207353,1790950126.207353,0,0,1,0,-0.12529534848783852,-0.12529534848783852
1790950125.207353,1790950127.207353,0,0,1,0,-0.12529534848783852,-0.12529534848783852
1790950126.207353,1790950128.207353,0,0,1,0,-0.12529534848783852,-0.12529534848783852
1790950127.207353,1790950129.207353,0,0,1,0,-0.12529534848783852,-0.12529534848783852
1790950128.207353,1790950130.207353,0,0,1,0,-0.12529534848783852,-0.12529534848783852
1790950129.207353,1790950131.207353,0,0,1,0,-0.12529534848783852,-0.12529534848783852
1790950130.207353,1790950132.207353,0,0,1,0,-0.12529534848783852,-0.12529534848783852
1790950131.207353,1790950133.207353,0,0,1,0,-0.12529534848783852,-0.12529534848783852
1790950132.207353,1790950134.207353,0,0,1,0,-0.12529534848783852,-0.12529534848783852
1790950133.207353,1790950135.207353,0,0,1,0,-0.12529534848783852,-0.12529534848783852
1790950134.207353,1790950136.207353,0,0,1,0,-0.12529534848783852,-0.12529534848783852
1790950135.207353,1790950137.207353,0,0,1,0,-0.12529534848783852,-0.12529534848783852
1790950136.207353,1790950138.207353,0,0,1,0,-0.12529534848783852,-0.12529534848783852
1790950137.207353,1790950139.207353,0,0,1,0,-0.12529534848783852,-0.12529534848783852
1790950138.207353,1790950140.207353,0,0,1,0,-0.12529534848783852,-0.12529534848783852
1790950139.207353,1790950141.207353,0,0,1,0,-0.12529534848783852,-0.12529534848783852
1790950140.207353,1790950142.207353,0,0,1,0,-0.12529534848783852,-0.12529534848783852
1790950141.207353,1790950143.207353,0,0,1,0,-0.12529534848783852,-0.12529534848783852
1790950142.207353,1790950144.207353,0,0,1,0,-0.12529534848783852,-0.12529534848783852
1790950143.207353,1790950145.207353,0,0,1,0,-0.12529534848783852,-0.12529534848783852
1790950144.207353,1790950146.207353,0,0,1,0,-0.12529534848783852,-0.12529534848783852
1790950145.207353,1790950147.207353,0,0,1,0,-0.12529534848783852,-0.12529534848783852
1790950146.207353,1790950148.207353,0,0,1,0,-0.12529534848783852,-0.12529534848783852
1790950147.207353,1790950149.207353,0,0,1,0,-0.12529534848783852,-0.12529534848783852
1790950148.207353,1790950150.207353,0,0,1,0,-0.12529534848783852,-0.12529534848783852
1790950149.207353,1790950151.207353,0,0,1,0,-0.12529534848783852,-0.12529534848783852
1790950150.207353,1790950152.207353,0,0,1,0,-0.12529534848783852,-0.12529534848783852
1790950151.207353,1790950153.207353,0,0,1,0,-0.12529534848783852,-0.12529534848783852
1790950152.207353,1790950154.207353,0,0,1,0,-0.12529534848783852,-0.12529534848783852
1790950153.207353,1790950155.207353,0,0,1,0,-0.12529534848783852,-0.12529534848783852
1790950154.207353,1790950156.207353,0,0,1,0,-0.12529534848783852,-0.12529534848783852
1790950155.207353,1790950157.207353,0,0,1,0,-0.12529534848783852,-0.12529534848783852
1790950156.207353,1790950158.207353,0,0,1,0,-0.12529534848783852,-0.12529534848783852
1790950157.207353,1790950159.207353,0,0,1,0,-0.12529534848783852,-0.12529534848783852
1790950158.207353,1790950160.207353,0,0,1,0,-0.12529534848783852,-0.12529534848783852
1790950159.207353,1790950161.207353,0,0,1,0,-0.12529534848783852,-0.12529534848783852
1790950160.207353,1790950162.207353,0,0,1,0,-0.12529534848783852,-0.12529534848783852
1790950161.207353,1790950163.207353,0,0,1,0,-0.12529534848783852,-0.12529534848783852
1790950162.207353,1790950164.207353,0,0,1,0,-0.12529534848783852,-0.12529534848783852
1790950163.207353,1790950165.207353,0,0,1,0,-0.12529534848783852,-0.12529534848783852
1790950164.207353,1790950166.207353,0,0,1,0,-0.12529534848783852,-0.12529534848783852
1790950165.207353,1790950167.207353,0,0,1,0,-0.12529534848783852,-0.12529534848783852
1790950166.207353,1790950168.207353,0,0,1,0,-0.12529534848783852,-0.12529534848783852
1790950167.207353,1790950169.207353,0,0,1,0,-0.12529534848783852,-0.12529534848783852
1790950168.207353,1790950170.207353,0,0,1,0,-0.12529534848783852,-0.12529534848783852
1790950169.207353,1790950171.207353,0,0,1,0,-0.12529534848783852,-0.12529534848783852
1790950170.207353,1790950172.207353,0,0,1,0,-0.12529534848783852,-0.12529534848783852
1790950171.207353,1790950173.207353,0,0,1,0,-0.12529534848783852,-0.12529534848783852
1790950172.207353,1790950174.207353,0,0,1,0,-0.12529534848783852,-0.12529534848783852
1790950173.207353,1790950175.207353,0,0,1,0,-0.12529534848783852,-0.12529534848783852
1790950174.207353,1790950176.207353,0,0,1,0,-0.12529534848783852,-0.12529534848783852
1790950175.207353,1790950177.207353,0,0,1,0,-0.12529534848783852,-0.12529534848783852
1790950176.207353,1790950178.207353,0,0,1,0,-0.12529534848783852,-0.12529534848783852
1790950177.207353,1790950179.207353,0,0,1,0,-0.12529534848783852,-0.12529534848783852
1790950178.207353,1790950180.207353,0,0,1,0,-0.12529534848783852,-0.12529534848783852
1790950179.207353,1790950181.207353,0,0,1,0,-0.12529534848783852,-0.12529534848783852
1790950180.207353,1790950182.207353,0,0,1,0,-0.12529534848783852,-0.12529534848783852
1790950181.207353,1790950183.207353,0,0,1,0,-0.12529534848783852,-0.12529534848783852
1790950182.207353,1790950184.207353,0,0,1,0,-0.12529534848783852,-0.12529534848783852
1790950183.207353,1790950185.207353,0,0,1,0,-0.12529534848783852,-0.12529534848783852
1790950184.207353,1790950186.207353,0,0,1,0,-0.12529534848783852,-0.12529534848783852
1790950185.207353,1790950187.207353,0,0,1,0,-0.12529534848783852,-0.12529534848783852
1790950186.207353,1790950188.207353,0,0,1,0,-0.12529534848783852,-0.12529534848783852
1790950187.207353,1790950189.207353,0,0,1,0,-0.12529534848783852,-0.12529534848783852
1790950188.207353,1790950190.207353,0,0,1,0,-0.12529534848783852,-0.12529534848783852
1790950189.207353,1790950191.207353,0,0,1,0,-0.12529534848783852,-0.12529534848783852
1790950190.207353,1790950192.207353,0,0,1,0,-0.12529534848783852,-0.12529534848783852
1790950191.207353,1790950193.207353,0,0,1,0,-0.12529534848783852,-0.12529534848783852
1790950192.207353,1790950194.207353,0,0,1,0,-0.12529534848783852,-0.12529534848783852
1790950193.207353,1790950195.207353,0,0,1,0,-0.12529534848783852,-0.12529534848783852
1790950194.207353,1790950196.207353,0,0,1,0,-0.12529534848783852,-0.12529534848783852
1790950195.207353,1790950197.207353,0,0,1,0,-0.12529534848783852,-0.12529534848783852
1790950196.207353,1790950198.207353,0,0,1,0,-0.12529534848783852,-0.12529534848783852
1790950197.207353,1790950199.207353,0,0,1,0,-0.12529534848783852,-0.12529534848783852
1790950198.207353,1790950200.207353,0,0,1,0,-0.12529534848783852,-0.12529534848783852
1790950199.207353,1790950201.207353,0,0,1,0,-0.12529534848783852,-0.12529534848783852
1790950200.207353,1790950202.207353,0,0,1,0,-0.12529534848783852,-0.12529534848783852
1790950201.207353,1790950203.207353,0,0,1,0,-0.12529534848783852,-0.12529534848783852
1790950202.207353,1790950204.207353,0,0,1,0,-0.12529534848783852,-0.12529534848783852
1790950203.207353,1790950205.207353,0,0,1,0,-0.12529534848783852,-0.12529534848783852
1790950204.207353,1790950206.207353,0,0,1,0,-0.12529534848783852,-0.12529534848783852
1790950205.207353,1790950207.207353,0,0,1,0,-0.12529534848783852,-0.12529534848783852
1790950206.207353,1790950208.207353,0,0,1,0,-0.12529534848783852,-0.12529534848783852
1790950207.207353,1790950209.207353,0,0,1,0,-0.12529534848783852,-0.12529534848783852
1790950208.207353,1790950210.207353,0,0,1,0,-0.12529534848783852,-0.12529534848783852
1790950209.207353,1790950211.207353,0,0,1,0,-0.12529534848783852,-0.12529534848783852
1790950210.207353,1790950212.207353,0,0,1,0,-0.12529534848783852,-0.12529534848783852
1790950211.207353,1790950213.207353,0,0,1,0,-0.12529534848783852,-0.12529534848783852
1790950212.207353,1790950214.207353,0,0,1,0,-0.12529534848783852,-0.12529534848783852
1790950213.207353,1790950215.207353,0,0,1,0,-0.12529534848783852,-0.12529534848783852
1790950214.207353,1790950216.207353,0,0,1,0,-0.12529534848783852,-0.12529534848783852
1790950215.207353,1790950217.207353,0,0,1,0,-0.12529534848783852,-0.12529534848783852
1790950216.207353,1790950218.207353,0,0,1,0,-0.12529534848783852,-0.12529534848783852
1790950217.207353,1790950219.207353,0,0,1,0,-0.12529534848783852,-0.12529534848783852
1790950218.207353,1790950220.207353,0,0,1,0,-0.12529534848783852,-0.12529534848783852
1790950219.207353,1790950221.207353,0,0,1,0,-0.12529534848783852,-0.12529534848783852
1790950220.207353,1790950222.207353,0,0,1,0,-0.12529534848783852,-0.12529534848783852
1790950221.207353,1790950223.207353,0,0,1,0,-0.12529534848783852,-0.12529534848783852
1790950222.207353,1790950224.207353,0,0,1,0,-0.12529534848783852,-0.12529534848783852
1790950223.207353,1790950225.207353,0,0,1,0,-0.12529534848783852,-0.12529534848783852
1790950224.207353,1790950226.207353,0,0,1,0,-0.12529534848783852,-0.12529534848783852
1790950225.207353,1790950227.207353,0,0,1,0,-0.12529534848783852,-0.12529534848783852
1790950226.207353,1790950228.207353,0,0,1,0,-0.12529534848783852,-0.12529534848783852
1790950227.207353,1790950229.207353,0,0,1,0,-0.12529534848783852,-0.12529534848783852
1790950228.207353,1790950230.207353,0,0,1,0,-0.12529534848783852,-0.12529534848783852
1790950229.207353,1790950231.207353,0,0,1,0,-0.12529534848783852,-0.12529534848783852
1790950230.207353,1790950232.207353,0,0,1,0,-0.12529534848783852,-0.12529534848783852
1790950231.207353,1790950233.207353,0,0,1,0,-0.12529534848783852,-0.12529534848783852
1790950232.207353,1790950234.207353,0,0,1,0,-0.12529534848783852,-0.12529534848783852
1790950233.207353,1790950235.207353,0,0,1,0,-0.12529534848783852,-0.12529534848783852
1790950234.207353,1790950236.207353,0,0,1,0,-0.12529534848783852,-0.12529534848783852
1790950235.207353,1790950237.207353,0,0,1,0,-0.12529534848783852,-0.12529534848783852
1790950236.207353,1790950238.207353,0,0,1,0,-0.12529534848783852,-0.12529534848783852
1790950237.207353,1790950239.207353,0,0,1,0,-0.12529534848783852,-0.12529534848783852
1790950238.207353,1790950240.207353,0,0,1,0,-0.12529534848783852,-0.12529534848783852
1790950239.207353,1790950241.207353,0,0,1,0,-0.12529534848783852,-0.12529534848783852
1790950240.207353,1790950242.207353,0,0,1,0,-0.12529534848783852,-0.12529534848783852
1790950241.207353,1790950243.207353,0,0,1,0,-0.12529534848783852,-0.12529534848783852
1790950242.207353,1790950244.207353,0,0,1,0,-0.12529534848783852,-0.12529534848783852
1790950243.207353,1790950245.207353,0,0,1,0,-0.12529534848783852,-0.12529534848783852
1790950244.207353,1790950246.207353,0,0,1,0,-0.12529534848783852,-0.12529534848783852
1790950245.207353,1790950247.207353,0,0,1,0,-0.12529534848783852,-0.12529534848783852
1790950246.207353,1790950248.207353,0,0,1,0,-0.12529534848783852,-0.12529534848783852
1790950247.207353,1790950249.207353,0,0,1,0,-0.12529534848783852,-0.12529534848783852
1790950248.207353,1790950250.207353,0,0,1,0,-0.12529534848783852,-0.12529534848783852
1790950249.207353,1790950251.207353,0,0,1,0,-0.12529534848783852,-0.12529534848783852
1790950250.207353,1790950252.207353,0,0,1,0,-0.12529534848783852,-0.12529534848783852
1790950251.207353,1790950253.207353,0,0,1,0,-0.12529534848783852,-0.12529534848783852
1790950252.207353,1790950254.207353,0,0,1,0,-0.12529534848783852,-0.12529534848783852
1790950253.207353,1790950255.207353,0,0,1,0,-0.12529534848783852,-0.12529534848783852
1790950254.207353,1790950256.207353,0,0,1,0,-0.12529534848783852,-0.12529534848783852
1790950255.207353,1790950257.207353,0,0,1,0,-0.12529534848783852,-0.12529534848783852
1790950256.207353,1790950258.207353,0,0,1,0,-0.12529534848783852,-0.12529534848783852
1790950257.207353,1790950259.207353,0,0,1,0,-0.12529534848783852,-0.12529534848783852
1790950258.207353,1790950260.207353,0,0,1,0,-0.12529534848783852,-0.12529534848783852
1790950259.207353,1790950261.207353,0,0,1,0,-0.12529534848783852,-0.12529534848783852
1790950260.207353,1790950262.207353,0,0,1,0,-0.12529534848783852,-0.12529534848783852
1790950261.207353,1790950263.207353,0,0,1,0,-0.12529534848783852,-0.12529534848783852
1790950262.207353,1790950264.207353,0,0,1,0,-0.12529534848783852,-0.12529534848783852
1790950263.207353,1790950265.207353,0,0,1,0,-0.12529534848783852,-0.12529534848783852
1790950264.207353,1790950266.207353,0,0,1,0,-0.12529534848783852,-0.12529534848783852
1790950265.207353,1790950267.207353,0,0,1,0,-0.12529534848783852,-0.12529534848783852
1790950266.207353,1790950268.207353,0,0,1,0,-0.12529534848783852,-0.12529534848783852
1790950267.207353,1790950269.207353,0,0,1,0,-0.12529534848783852,-0.12529534848783852
1790950268.207353,1790950270.207353,0,0,1,0,-0.12529534848783852,-0.12529534848783852
1790950269.207353,1790950271.207353,0,0,1,0,-0.12529534848783852,-0.12529534848783852
1790950270.207353,1790950272.207353,0,0,1,0,-0.12529534848783852,-0.12529534848783852
1790950271.207353,1790950273.207353,0,0,1,0,-0.12529534848783852,-0.12529534848783852
1790950272.207353,1790950274.207353,0,0,1,0,-0.12529534848783852,-0.12529534848783852
1790950273.207353,1790950275.207353,0,0,1,0,-0.12529534848783852,-0.12529534848783852
1790950274.207353,1790950276.207353,0,0,1,0,-0.12529534848783852,-0.12529534848783852
1790950275.207353,1790950277.207353,0,0,1,0,-0.12529534848783852,-0.12529534848783852
1790950276.207353,1790950278.207353,0,0,1,0,-0.12529534848783852,-0.12529534848783852
1790950277.207353,1790950279.207353,0,0,1,0,-0.12529534848783852,-0.12529534848783852
1790950278.207353,1790950280.207353,0,0,1,0,-0.12529534848783852,-0.12529534848783852
1790950279.207353,1790950281.207353,0,0,1,0,-0.12529534848783852,-0.12529534848783852
1790950280.207353,1790950282.207353,0,0,1,0,-0.12529534848783852,-0.12529534848783852
1790950281.207353,1790950283.207353,0,0,1,0,-0.12529534848783852,-0.12529534848783852
1790950282.207353,1790950284.207353,0,0,1,0,-0.12529534848783852,-0.12529534848783852
1790950283.207353,1790950285.207353,0,0,1,0,-0.12529534848783852,-0.12529534848783852
1790950284.207353,1790950286.207353,0,0,1,0,-0.12529534848783852,-0.12529534848783852
1790950285.207353,1790950287.207353,0,0,1,0,-0.12529534848783852,-0.12529534848783852
1790950286.207353,1790950288.207353,0,0,1,0,-0.12529534848783852,-0.12529534848783852
1790950287.207353,1790950289.207353,0,0,1,0,-0.12529534848783852,-0.12529534848783852
1790950288.207353,1790950290.207353,0,0,1,0,-0.12529534848783852,-0.12529534848783852
1790950289.207353,1790950291.207353,0,0,1,0,-0.12529534848783852,-0.12529534848783852
1790950290.207353,1790950292.207353,0,0,1,0,-0.12529534848783852,-0.12529534848783852
1790950291.207353,1790950293.207353,0,0,1,0,-0.12529534848783852,-0.12529534848783852
1790950292.207353,1790950294.207353,0,0,1,0,-0.12529534848783852,-0.12529534848783852
1790950293.207353,1790950295.207353,0,0,1,0,-0.12529534848783852,-0.12529534848783852
1790950294.207353,1790950296.207353,0,0,1,0,-0.12529534848783852,-0.12529534848783852
1790950295.207353,1790950297.207353,0,0,1,0,-0.12529534848783852,-0.12529534848783852
1790950296.207353,1790950298.207353,0,0,1,0,-0.12529534848783852,-0.12529534848783852
1790950297.207353,1790950299.207353,0,0,1,0,-0.12529534848783852,-0.12529534848783852
1790950298.207353,1790950300.207353,0,0,1,0,-0.12529534848783852,-0.12529534848783852
1790950299.207353,1790950301.207353,0,0,1,0,-0.12529534848783852,-0.12529534848783852
1790950300.207353,1790950302.207353,0,0,1,0,-0.12529534848783852,-0.12529534848783852
1790950301.207353,1790950303.207353,0,0,1,0,-0.12529534848783852,-0.12529534848783852
1790950302.207353,1790950304.207353,0,0,1,0,-0.12529534848783852,-0.12529534848783852
1790950303.207353,1790950305.207353,0,0,1,0,-0.12529534848783852,-0.12529534848783852
1790950304.207353,1790950306.207353,0,0,1,0,-0.12529534848783852,-0.12529534848783852
1790950305.207353,1790950307.207353,0,0,1,0,-0.12529534848783852,-0.12529534848783852
1790950306.207353,1790950308.207353,0,0,1,0,-0.12529534848783852,-0.12529534848783852
1790950307.207353,1790950309.207353,0,0,1,0,-0.12529534848783852,-0.12529534848783852
1790950308.207353,1790950310.207353,0,0,1,0,-0.12529534848783852,-0.12529534848783852
1790950309.207353,1790950311.207353,0,0,1,0,-0.12529534848783852,-0.12529534848783852
1790950310.207353,1790950312.207353,0,0,1,0,-0.12529534848783852,-0.12529534848783852
1790950311.207353,1790950313.207353,0,0,1,0,-0.12529534848783852,-0.12529534848783852
1790950312.207353,1790950314.207353,0,0,1,0,-0.12529534848783852,-0.12529534848783852
1790950313.207353,1790950315.207353,0,0,1,0,-0.12529534848783852,-0.12529534848783852
1790950314.207353,1790950316.207353,0,0,1,0,-0.12529534848783852,-0.12529534848783852
1790950315.207353,1790950317.207353,0,0,1,0,-0.12529534848783852,-0.12529534848783852
1790950316.207353,1790950318.207353,0,0,1,0,-0.12529534848783852,-0.12529534848783852
1790950317.207353,1790950319.207353,0,0,1,0,-0.12529534848783852,-0.12529534848783852
1790950318.207353,1790950320.207353,0,0,1,0,-0.12529534848783852,-0.12529534848783852
1790950319.207353,1790950321.207353,0,0,1,0,-0.12529534848783852,-0.12529534848783852
1790950320.207353,1790950322.207353,0,0,1,0,-0.12529534848783852,-0.12529534848783852
1790950321.207353,1790950323.207353,0,0,1,0,-0.12529534848783852,-0.12529534848783852
1790950322.207353,1790950324.207353,0,0,1,0,-0.12529534848783852,-0.12529534848783852
1790950323.207353,1790950325.207353,0,0,1,0,-0.12529534848783852,-0.12529534848783852
1790950324.207353,1790950326.207353,0,0,1,0,-0.12529534848783852,-0.12529534848783852
1790950325.207353,1790950327.207353,0,0,1,0,-0.12529534848783852,-0.12529534848783852
1790950326.207353,1790950328.207353,0,0,1,0,-0.12529534848783852,-0.12529534848783852
1790950327.207353,1790950329.207353,0,0,1,0,-0.12529534848783852,-0.12529534848783852
1790950328.207353,1790950330.207353,0,0,1,0,-0.12529534848783852,-0.12529534848783852
1790950329.207353,1790950331.207353,0,0,1,0,-0.12529534848783852,-0.12529534848783852
1790950330.207353,1790950332.207353,0,0,1,0,-0.12529534848783852,-0.12529534848783852
1790950331.207353,1790950333.207353,0,0,1,0,-0.12529534848783852,-0.12529534848783852
1790950332.207353,1790950334.207353,0,0,1,0,-0.12529534848783852,-0.12529534848783852
1790950333.207353,1790950335.207353,0,0,1,0,-0.12529534848783852,-0.12529534848783852
1790950334.207353,1790950336.207353,0,0,1,0,-0.12529534848783852,-0.12529534848783852
1790950335.207353,1790950337.207353,0,0,1,0,-0.12529534848783852,-0.12529534848783852
1790950336.207353,1790950338.207353,0,0,1,0,-0.12529534848783852,-0.12529534848783852
1790950337.207353,1790950339.207353,0,0,1,0,-0.12529534848783852,-0.12529534848783852
1790950338.207353,1790950340.207353,0,0,1,0,-0.12529534848783852,-0.12529534848783852
1790950339.207353,1790950341.207353,0,0,1,0,-0.12529534848783852,-0.12529534848783852
1790950340.207353,1790950342.207353,0,0,1,0,-0.12529534848783852,-0.12529534848783852
1790950341.207353,1790950343.207353,0,0,1,0,-0.12529534848783852,-0.12529534848783852
1790950342.207353,1790950344.207353,0,0,1,0,-0.12529534848783852,-0.12529534848783852
1790950343.207353,1790950345.207353,0,0,1,0,-0.12529534848783852,-0.12529534848783852
1790950344.207353,1790950346.207353,0,0,1,0,-0.12529534848783852,-0.12529534848783852
1790950345.207353,1790950347.207353,0,0,1,0,-0.12529534848783852,-0.12529534848783852
1790950346.207353,1790950348.207353,0,0,1,0,-0.12529534848783852,-0.12529534848783852
1790950347.207353,1790950349.207353,0,0,1,0,-0.12529534848783852,-0.12529534848783852
1790950348.207353,1790950350.207353,0,0,1,0,-0.12529534848783852,-0.12529534848783852
1790950349.207353,1790950351.207353,0,0,1,0,-0.12529534848783852,-0.12529534848783852
1790950350.207353,1790950352.207353,0,0,1,0,-0.12529534848783852,-0.12529534848783852
1790950351.207353,1790950353.207353,0,0,1,0,-0.12529534848783852,-0.12529534848783852
1790950352.207353,1790950354.207353,0,0,1,0,-0.12529534848783852,-0.12529534848783852
1790950353.207353,1790950355.207353,0,0,1,0,-0.12529534848783852,-0.12529534848783852
1790950354.207353,1790950356.207353,0,0,1,0,-0.12529534848783852,-0.12529534848783852
1790950355.207353,1790950357.207353,0,0,1,0,-0.12529534848783852,-0.12529534848783852
1790950356.207353,1790950358.207353,0,0,1,0,-0.12529534848783852,-0.12529534848783852
1790950357.207353,1790950359.207353,0,0,1,0,-0.12529534848783852,-0.12529534848783852
1790950358.207353,1790950360.207353,0,0,1,0,-0.12529534848783852,-0.12529534848783852
1790950359.207353,1790950361.207353,0,0,1,0,-0.12529534848783852,-0.12529534848783852
1790950360.207353,1790950362.207353,0,0,1,0,-0.12529534848783852,-0.12529534848783852
1790950361.207353,1790950363.207353,0,0,1,0,-0.12529534848783852,-0.12529534848783852
1790950362.207353,1790950364.207353,0,0,1,0,-0.12529534848783852,-0.12529534848783852
1790950363.207353,1790950365.207353,0,0,1,0,-0.12529534848783852,-0.12529534848783852
1790950364.207353,1790950366.207353,0,0,1,0,-0.12529534848783852,-0.12529534848783852
1790950365.207353,1790950367.207353,0,0,1,0,-0.12529534848783852,-0.12529534848783852
1790950366.207353,1790950368.207353,0,0,1,0,-0.12529534848783852,-0.12529534848783852
1790950367.207353,1790950369.207353,0,0,1,0,-0.12529534848783852,-0.12529534848783852
1790950368.207353,1790950370.207353,0,0,1,0,-0.12529534848783852,-0.12529534848783852
1790950369.207353,1790950371.207353,0,0,1,0,-0.12529534848783852,-0.12529534848783852
1790950370.207353,1790950372.207353,0,0,1,0,-0.12529534848783852,-0.12529534848783852
1790950371.207353,1790950373.207353,0,0,1,0,-0.12529534848783852,-0.12529534848783852
1790950372.207353,1790950374.207353,0,0,1,0,-0.12529534848783852,-0.12529534848783852
1790950373.207353,1790950375.207353,0,0,1,0,-0.12529534848783852,-0.12529534848783852
1790950374.207353,1790950376.207353,0,0,1,0,-0.12529534848783852,-0.12529534848783852
1790950375.207353,1790950377.207353,0,0,1,0,-0.12529534848783852,-0.12529534848783852
1790950376.207353,1790950378.207353,0,0,1,0,-0.12529534848783852,-0.12529534848783852
1790950377.207353,1790950379.207353,0,0,1,0,-0.12529534848783852,-0.12529534848783852
1790950378.207353,1790950380.207353,0,0,1,0,-0.12529534848783852,-0.12529534848783852
1790950379.207353,1790950381.207353,0,0,1,0,-0.12529534848783852,-0.12529534848783852
1790950380.207353,1790950382.207353,0,0,1,0,-0.12529534848783852,-0.12529534848783852
1790950381.207353,1790950383.207353,0,0,1,0,-0.12529534848783852,-0.12529534848783852
1790950382.207353,1790950384.207353,0,0,1,0,-0.12529534848783852,-0.12529534848783852
1790950383.207353,1790950385.207353,0,0,1,0,-0.12529534848783852,-0.12529534848783852
1790950384.207353,1790950386.207353,0,0,1,0,-0.12529534848783852,-0.12529534848783852
1790950385.207353,1790950387.207353,0,0,1,0,-0.12529534848783852,-0.12529534848783852
1790950386.207353,1790950388.207353,0,0,1,0,-0.12529534848783852,-0.12529534848783852
1790950387.207353,1790950389.207353,0,0,1,0,-0.12529534848783852,-0.12529534848783852
1790950388.207353,1790950390.207353,0,0,1,0,-0.12529534848783852,-0.12529534848783852
1790950389.207353,1790950391.207353,0,0,1,0,-0.12529534848783852,-0.12529534848783852
1790950390.207353,1790950392.207353,0,0,1,0,-0.12529534848783852,-0.12529534848783852
1790950391.207353,1790950393.207353,0,0,1,0,-0.12529534848783852,-0.12529534848783852
1790950392.207353,1790950394.207353,0,0,1,0,-0.12529534848783852,-0.12529534848783852
1790950393.207353,1790950395.207353,0,0,1,0,-0.12529534848783852,-0.12529534848783852
1790950394.207353,1790950396.207353,0,0,1,0,-0.12529534848783852,-0.12529534848783852
1790950395.207353,1790950397.207353,0,0,1,0,-0.12529534848783852,-0.12529534848783852
1790950396.207353,1790950398.207353,0,0,1,0,-0.12529534848783852,-0.12529534848783852
1790950397.207353,1790950399.207353,0,0,1,0,-0.12529534848783852,-0.12529534848783852
1790950398.207353,1790950400.207353,0,0,1,0,-0.12529534848783852,-0.12529534848783852
1790950399.207353,1790950401.207353,0,0,1,0,-0.12529534848783852,-0.12529534848783852
1790950400.207353,1790950402.207353,0,0,1,0,-0.12529534848783852,-0.12529534848783852
1790950401.207353,1790950403.207353,0,0,1,0,-0.12529534848783852,-0.12529534848783852
1790950402.207353,1790950404.207353,0,0,1,0,-0.12529534848783852,-0.12529534848783852
1790950403.207353,1790950405.207353,0,0,1,0,-0.12529534848783852,-0.12529534848783852
1790950404.207353,1790950406.207353,0,0,1,0,-0.12529534848783852,-0.12529534848783852
1790950405.207353,1790950407.207353,0,0,1,0,-0.12529534848783852,-0.12529534848783852
1790950406.207353,1790950408.207353,0,0,1,0,-0.12529534848783852,-0.12529534848783852
1790950407.207353,1790950409.207353,0,0,1,0,-0.12529534848783852,-0.12529534848783852
1790950408.207353,1790950410.207353,0,0,1,0,-0.12529534848783852,-0.12529534848783852
1790950409.207353,1790950411.207353,0,0,1,0,-0.12529534848783852,-0.12529534848783852
1790950410.207353,1790950412.207353,0,0,1,0,-0.12529534848783852,-0.12529534848783852
1790950411.207353,1790950413.207353,0,0,1,0,-0.12529534848783852,-0.12529534848783852
1790950412.207353,1790950414.207353,0,0,1,0,-0.12529534848783852,-0.12529534848783852
1790950413.207353,1790950415.207353,0,0,1,0,-0.12529534848783852,-0.12529534848783852
1790950414.207353,1790950416.207353,0,0,1,0,-0.12529534848783852,-0.12529534848783852
1790950415.207353,1790950417.207353,0,0,1,0,-0.12529534848783852,-0.12529534848783852
1790950416.207353,1790950418.207353,0,0,1,0,-0.12529534848783852,-0.12529534848783852
1790950417.207353,1790950419.207353,0,0,1,0,-0.12529534848783852,-0.12529534848783852
1790950418.207353,1790950420.207353,0,0,1,0,-0.12529534848783852,-0.12529534848783852
1790950419.207353,1790950421.207353,0,0,1,0,-0.12529534848783852,-0.12529534848783852
1790950420.207353,1790950422.207353,0,0,1,0,-0.12529534848783852,-0.12529534848783852
1790950421.207353,1790950423.207353,0,0,1,0,-0.12529534848783852,-0.12529534848783852
1790950422.207353,1790950424.207353,0,0,1,0,-0.12529534848783852,-0.12529534848783852
1790950423.207353,1790950425.207353,0,0,1,0,-0.12529534848783852,-0.12529534848783852
1790950424.207353,1790950426.207353,0,0,1,0,-0.12529534848783852,-0.12529534848783852
1790950425.207353,1790950427.207353,0,0,1,0,-0.12529534848783852,-0.12529534848783852
1790950426.207353,1790950428.207353,0,0,1,0,-0.12529534848783852,-0.12529534848783852
1790950427.207353,1790950429.207353,0,0,1,0,-0.12529534848783852,-0.12529534848783852
1790950428.207353,1790950430.207353,0,0,1,0,-0.12529534848783852,-0.12529534848783852
1790950429.207353,1790950431.207353,0,0,1,0,-0.12529534848783852,-0.12529534848783852
1790950430.207353,1790950432.207353,0,0,1,0,-0.12529534848783852,-0.12529534848783852
1790950431.207353,1790950433.207353,0,0,1,0,-0.12529534848783852,-0.12529534848783852
1790950432.207353,1790950434.207353,0,0,1,0,-0.12529534848783852,-0.12529534848783852
1790950433.207353,1790950435.207353,0,0,1,0,-0.12529534848783852,-0.12529534848783852
1790950434.207353,1790950436.207353,0,0,1,0,-0.12529534848783852,-0.12529534848783852
1790950435.207353,1790950437.207353,0,0,1,0,-0.12529534848783852,-0.12529534848783852
1790950436.207353,1790950438.207353,0,0,1,0,-0.12529534848783852,-0.12529534848783852
1790950437.207353,1790950439.207353,0,0,1,0,-0.12529534848783852,-0.12529534848783852
1790950438.207353,1790950440.207353,0,0,1,0,-0.12529534848783852,-0.12529534848783852
1790950439.207353,1790950441.207353,0,0,1,0,-0.12529534848783852,-0.12529534848783852
1790950440.207353,1790950442.207353,0,0,1,0,-0.12529534848783852,-0.12529534848783852
1790950441.207353,1790950443.207353,0,0,1,0,-0.12529534848783852,-0.12529534848783852
1790950442.207353,1790950444.207353,0,0,1,0,-0.12529534848783852,-0.12529534848783852
1790950443.207353,1790950445.207353,0,0,1,0,-0.12529534848783852,-0.12529534848783852
1790950444.207353,1790950446.207353,0,0,1,0,-0.12529534848783852,-0.12529534848783852
1790950445.207353,1790950447.207353,0,0,1,0,-0.12529534848783852,-0.12529534848783852
1790950446.207353,1790950448.207353,0,0,1,0,-0.12529534848783852,-0.12529534848783852
1790950447.207353,1790950449.207353,0,0,1,0,-0.12529534848783852,-0.12529534848783852
1790950448.207353,1790950450.207353,0,0,1,0,-0.12529534848783852,-0.12529534848783852
1790950449.207353,1790950451.207353,0,0,1,0,-0.12529534848783852,-0.12529534848783852
1790950450.207353,1790950452.207353,0,0,1,0,-0.12529534848783852,-0.12529534848783852
1790950451.207353,1790950453.207353,0,0,1,0,-0.12529534848783852,-0.12529534848783852
1790950452.207353,1790950454.207353,0,0,1,0,-0.12529534848783852,-0.12529534848783852
1790950453.207353,1790950455.207353,0,0,1,0,-0.12529534848783852,-0.12529534848783852
1790950454.207353,1790950456.207353,0,0,1,0,-0.12529534848783852,-0.12529534848783852
1790950455.207353,1790950457.207353,0,0,1,0,-0.12529534848783852,-0.12529534848783852
1790950456.207353,1790950458.207353,0,0,1,0,-0.12529534848783852,-0.12529534848783852
1790950457.207353,1790950459.207353,0,0,1,0,-0.12529534848783852,-0.12529534848783852
1790950458.207353,1790950460.207353,0,0,1,0,-0.12529534848783852,-0.12529534848783852
1790950459.207353,1790950461.207353,0,0,1,0,-0.12529534848783852,-0.12529534848783852
1790950460.207353,1790950462.207353,0,0,1,0,-0.12529534848783852,-0.12529534848783852
1790950461.207353,1790950463.207353,0,0,1,0,-0.12529534848783852,-0.12529534848783852
1790950462.207353,1790950464.207353,0,0,1,0,-0.12529534848783852,-0.12529534848783852
1790950463.207353,1790950465.207353,0,0,1,0,-0.12529534848783852,-0.12529534848783852
1790950464.207353,1790950466.207353,0,0,1,0,-0.12529534848783852,-0.12529534848783852
1790950465.207353,1790950467.207353,0,0,1,0,-0.12529534848783852,-0.12529534848783852
1790950466.207353,1790950468.207353,0,0,1,0,-0.12529534848783852,-0.12529534848783852
1790950467.207353,1790950469.207353,0,0,1,0,-0.12529534848783852,-0.12529534848783852
1790950468.207353,1790950470.207353,0,0,1,0,-0.12529534848783852,-0.12529534848783852
1790950469.207353,1790950471.207353,0,0,1,0,-0.12529534848783852,-0.12529534848783852
1790950470.207353,1790950472.207353,0,0,1,0,-0.12529534848783852,-0.12529534848783852
1790950471.207353,1790950473.207353,0,0,1,0,-0.12529534848783852,-0.12529534848783852
1790950472.207353,1790950474.207353,0,0,1,0,-0.12529534848783852,-0.12529534848783852
1790950473.207353,1790950475.207353,0,0,1,0,-0.12529534848783852,-0.12529534848783852
1790950474.207353,1790950476.207353,0,0,1,0,-0.12529534848783852,-0.12529534848783852
1790950475.207353,1790950477.207353,0,0,1,0,-0.12529534848783852,-0.12529534848783852
1790950476.207353,1790950478.207353,0,0,1,0,-0.12529534848783852,-0.12529534848783852
1790950477.207353,1790950479.207353,0,0,1,0,-0.12529534848783852,-0.12529534848783852
1790950478.207353,1790950480.207353,0,0,1,0,-0.12529534848783852,-0.12529534848783852
1790950479.207353,1790950481.207353,0,0,1,0,-0.12529534848783852,-0.12529534848783852
1790950480.207353,1790950482.207353,0,0,1,0,-0.12529534848783852,-0.12529534848783852
1790950481.207353,1790950483.207353,0,0,1,0,-0.12529534848783852,-0.12529534848783852
1790950482.207353,1790950484.207353,0,0,1,0,-0.12529534848783852,-0.12529534848783852
1790950483.207353,1790950485.207353,0,0,1,0,-0.12529534848783852,-0.12529534848783852
1790950484.207353,1790950486.207353,0,0,1,0,-0.12529534848783852,-0.12529534848783852
1790950485.207353,1790950487.207353,0,0,1,0,-0.12529534848783852,-0.12529534848783852
1790950486.207353,1790950488.207353,0,0,1,0,-0.12529534848783852,-0.12529534848783852
1790950487.207353,1790950489.207353,0,0,1,0,-0.12529534848783852,-0.12529534848783852
1790950488.207353,1790950490.207353,0,0,1,0,-0.12529534848783852,-0.12529534848783852
1790950489.207353,1790950491.207353,0,0,1,0,-0.12529534848783852,-0.12529534848783852
1790950490.207353,1790950492.207353,0,0,1,0,-0.12529534848783852,-0.12529534848783852
1790950491.207353,1790950493.207353,0,0,1,0,-0.12529534848783852,-0.12529534848783852
1790950492.207353,1790950494.207353,0,0,1,0,-0.12529534848783852,-0.12529534848783852
1790950493.207353,1790950495.207353,0,0,1,0,-0.12529534848783852,-0.12529534848783852
1790950494.207353,1790950496.207353,0,0,1,0,-0.12529534848783852,-0.12529534848783852
1790950495.207353,1790950497.207353,0,0,1,0,-0.12529534848783852,-0.12529534848783852
1790950496.207353,1790950498.207353,0,0,1,0,-0.12529534848783852,-0.12529534848783852
1790950497.207353,1790950499.207353,0,0,1,0,-0.12529534848783852,-0.12529534848783852
1790950498.207353,1790950500.207353,0,0,1,0,-0.12529534848783852,-0.12529534848783852
1790950499.207353,1790950501.207353,0,0,1,0,-0.12529534848783852,-0.12529534848783852
1790950500.207353,1790950502.207353,0,0,1,0,-0.12529534848783852,-0.12529534848783852
1790950501.207353,1790950503.207353,0,0,1,0,-0.12529534848783852,-0.12529534848783852
1790950502.207353,1790950504.207353,0,0,1,0,-0.12529534848783852,-0.12529534848783852
1790950503.207353,1790950505.207353,0,0,1,0,-0.12529534848783852,-0.12529534848783852
1790950504.207353,1790950506.207353,0,0,1,0,-0.12529534848783852,-0.12529534848783852
1790950505.207353,1790950507.207353,0,0,1,0,-0.12529534848783852,-0.12529534848783852
1790950506.207353,1790950508.207353,0,0,1,0,-0.12529534848783852,-0.12529534848783852
1790950507.207353,1790950509.207353,0,0,1,0,-0.12529534848783852,-0.12529534848783852
1790950508.207353,1790950510.207353,0,0,1,0,-0.12529534848783852,-0.12529534848783852
1790950509.207353,1790950511.207353,0,0,1,0,-0.12529534848783852,-0.12529534848783852
1790950510.207353,1790950512.207353,0,0,1,0,-0.12529534848783852,-0.12529534848783852
1790950511.207353,1790950513.207353,0,0,1,0,-0.12529534848783852,-0.12529534848783852
1790950512.207353,1790950514.207353,0,0,1,0,-0.12529534848783852,-0.12529534848783852
1790950513.207353,1790950515.207353,0,0,1,0,-0.12529534848783852,-0.12529534848783852
1790950514.207353,1790950516.207353,0,0,1,0,-0.12529534848783852,-0.12529534848783852
1790950515.207353,1790950517.207353,0,0,1,0,-0.12529534848783852,-0.12529534848783852
1790950516.207353,1790950518.207353,0,0,1,0,-0.12529534848783852,-0.12529534848783852
1790950517.207353,1790950519.207353,0,0,1,0,-0.12529534848783852,-0.12529534848783852
1790950518.207353,1790950520.207353,0,0,1,0,-0.12529534848783852,-0.12529534848783852
1790950519.207353,1790950521.207353,0,0,1,0,-0.12529534848783852,-0.12529534848783852
1790950520.207353,1790950522.207353,0,0,1,0,-0.12529534848783852,-0.12529534848783852
1790950521.207353,1790950523.207353,0,0,1,0,-0.12529534848783852,-0.12529534848783852
1790950522.207353,1790950524.207353,0,0,1,0,-0.12529534848783852,-0.12529534848783852
1790950523.207353,1790950525.207353,0,0,1,0,-0.12529534848783852,-0.12529534848783852
1790950524.207353,1790950526.207353,0,0,1,0,-0.12529534848783852,-0.12529534848783852
1790950525.207353,1790950527.207353,0,0,1,0,-0.12529534848783852,-0.12529534848783852
1790950526.207353,1790950528.207353,0,0,1,0,-0.12529534848783852,-0.12529534848783852
1790950527.207353,1790950529.207353,0,0,1,0,-0.12529534848783852,-0.12529534848783852
1790950528.207353,1790950530.207353,0,0,1,0,-0.12529534848783852,-0.12529534848783852
1790950529.207353,1790950531.207353,0,0,1,0,-0.12529534848783852,-0.12529534848783852
1790950530.207353,1790950532.207353,0,0,1,0,-0.12529534848783852,-0.12529534848783852
1790950531.207353,1790950533.207353,0,0,1,0,-0.12529534848783852,-0.12529534848783852
1790950532.207353,1790950534.207353,0,0,1,0,-0.12529534848783852,-0.12529534848783852
1790950533.207353,1790950535.207353,0,0,1,0,-0.12529534848783852,-0.12529534848783852
1790950534.207353,1790950536.207353,0,0,1,0,-0.12529534848783852,-0.12529534848783852
1790950535.207353,1790950537.207353,0,0,1,0,-0.12529534848783852,-0.12529534848783852
1790950536.207353,1790950538.207353,0,0,1,0,-0.12529534848783852,-0.12529534848783852
1790950537.207353,1790950539.207353,0,0,1,0,-0.12529534848783852,-0.12529534848783852
1790950538.207353,1790950540.207353,0,0,1,0,-0.12529534848783852,-0.12529534848783852
1790950539.207353,1790950541.207353,0,0,1,0,-0.12529534848783852,-0.12529534848783852
1790950540.207353,1790950542.207353,0,0,1,0,-0.12529534848783852,-0.12529534848783852
1790950541.207353,1790950543.207353,0,0,1,0,-0.12529534848783852,-0.12529534848783852
1790950542.207353,1790950544.207353,0,0,1,0,-0.12529534848783852,-0.12529534848783852
1790950543.207353,1790950545.207353,0,0,1,0,-0.12529534848783852,-0.12529534848783852
1790950544.207353,1790950546.207353,0,0,1,0,-0.12529534848783852,-0.12529534848783852
1790950545.207353,1790950547.207353,0,0,1,0,-0.12529534848783852,-0.12529534848783852
1790950546.207353,1790950548.207353,0,0,1,0,-0.12529534848783852,-0.12529534848783852
1790950547.207353,1790950549.207353,0,0,1,0,-0.12529534848783852,-0.12529534848783852
1790950548.207353,1790950550.207353,0,0,1,0,-0.12529534848783852,-0.12529534848783852
1790950549.207353,1790950551.207353,0,0,1,0,-0.12529534848783852,-0.12529534848783852
1790950550.207353,1790950552.207353,0,0,1,0,-0.12529534848783852,-0.12529534848783852
1790950551.207353,1790950553.207353,0,0,1,0,-0.12529534848783852,-0.12529534848783852
1790950552.207353,1790950554.207353,0,0,1,0,-0.12529534848783852,-0.12529534848783852
1790950553.207353,1790950555.207353,0,0,1,0,-0.12529534848783852,-0.12529534848783852
1790950554.207353,1790950556.207353,0,0,1,0,-0.12529534848783852,-0.12529534848783852
1790950555.207353,1790950557.207353,0,0,1,0,-0.12529534848783852,-0.12529534848783852
1790950556.207353,1790950558.207353,0,0,1,0,-0.12529534848783852,-0.12529534848783852
1790950557.207353,1790950559.207353,0,0,1,0,-0.12529534848783852,-0.12529534848783852
1790950558.207353,1790950560.207353,0,0,1,0,-0.12529534848783852,-0.12529534848783852
1790950559.207353,1790950561.207353,0,0,1,0,-0.12529534848783852,-0.12529534848783852
1790950560.207353,1790950562.207353,0,0,1,0,-0.12529534848783852,-0.12529534848783852
1790950561.207353,1790950563.207353,0,0,1,0,-0.12529534848783852,-0.12529534848783852
1790950562.207353,1790950564.207353,0,0,1,0,-0.12529534848783852,-0.12529534848783852
1790950563.207353,1790950565.207353,0,0,1,0,-0.12529534848783852,-0.12529534848783852
1790950564.207353,1790950566.207353,0,0,1,0,-0.12529534848783852,-0.12529534848783852
1790950565.207353,1790950567.207353,0,0,1,0,-0.12529534848783852,-0.12529534848783852
1790950566.207353,1790950568.207353,0,0,1,0,-0.12529534848783852,-0.12529534848783852
1790950567.207353,1790950569.207353,0,0,1,0,-0.12529534848783852,-0.12529534848783852
1790950568.207353,1790950570.207353,0,0,1,0,-0.12529534848783852,-0.12529534848783852
1790950569.207353,1790950571.207353,0,0,1,0,-0.12529534848783852,-0.12529534848783852
1790950570.207353,1790950572.207353,0,0,1,0,-0.12529534848783852,-0.12529534848783852
1790950571.207353,1790950573.207353,0,0,1,0,-0.12529534848783852,-0.12529534848783852
1790950572.207353,1790950574.207353,0,0,1,0,-0.12529534848783852,-0.12529534848783852
1790950573.207353,1790950575.207353,0,0,1,0,-0.12529534848783852,-0.12529534848783852
1790950574.207353,1790950576.207353,0,0,1,0,-0.12529534848783852,-0.12529534848783852
1790950575.207353,1790950577.207353,0,0,1,0,-0.12529534848783852,-0.12529534848783852
1790950576.207353,1790950578.207353,0,0,1,0,-0.12529534848783852,-0.12529534848783852
1790950577.207353,1790950579.207353,0,0,1,0,-0.12529534848783852,-0.12529534848783852
1790950578.207353,1790950580.207353,0,0,1,0,-0.12529534848783852,-0.12529534848783852
1790950579.207353,1790950581.207353,0,0,1,0,-0.12529534848783852,-0.12529534848783852
1790950580.207353,1790950582.207353,0,0,1,0,-0.12529534848783852,-0.12529534848783852
1790950581.207353,1790950583.207353,0,0,1,0,-0.12529534848783852,-0.12529534848783852
1790950582.207353,1790950584.207353,0,0,1,0,-0.12529534848783852,-0.12529534848783852
1790950583.207353,1790950585.207353,0,0,1,0,-0.12529534848783852,-0.12529534848783852
1790950584.207353,1790950586.207353,0,0,1,0,-0.12529534848783852,-0.12529534848783852
1790950585.207353,1790950587.207353,0,0,1,0,-0.12529534848783852,-0.12529534848783852
1790950586.207353,1790950588.207353,0,0,1,0,-0.12529534848783852,-0.12529534848783852
1790950587.207353,1790950589.207353,0,0,1,0,-0.12529534848783852,-0.12529534848783852
1790950588.207353,1790950590.207353,0,0,1,0,-0.12529534848783852,-0.12529534848783852
1790950589.207353,1790950591.207353,0,0,1,0,-0.12529534848783852,-0.12529534848783852
1790950590.207353,1790950592.207353,0,0,1,0,-0.12529534848783852,-0.12529534848783852
1790950591.207353,1790950593.207353,0,0,1,0,-0.12529534848783852,-0.12529534848783852
1790950592.207353,1790950594.207353,0,0,1,0,-0.12529534848783852,-0.12529534848783852
1790950593.207353,1790950595.207353,0,0,1,0,-0.12529534848783852,-0.12529534848783852
1790950594.207353,1790950596.207353,0,0,1,0,-0.12529534848783852,-0.12529534848783852
1790950595.207353,1790950597.207353,0,0,1,0,-0.12529534848783852,-0.12529534848783852
1790950596.207353,1790950598.207353,0,0,1,0,-0.12529534848783852,-0.12529534848783852
1790950597.207353,1790950599.207353,0,0,1,0,-0.12529534848783852,-0.12529534848783852
1790950598.207353,1790950600.207353,0,0,1,0,-0.12529534848783852,-0.12529534848783852
1790950599.207353,1790950601.207353,0,0,1,0,-0.12529534848783852,-0.12529534848783852
1790950600.207353,1790950602.207353,0,0,1,0,-0.12529534848783852,-0.12529534848783852
1790950601.207353,1790950603.207353,0,0,1,0,-0.12529534848783852,-0.12529534848783852
1790950602.207353,1790950604.207353,0,0,1,0,-0.12529534848783852,-0.12529534848783852
1790950603.207353,1790950605.207353,0,0,1,0,-0.12529534848783852,-0.12529534848783852
1790950604.207353,1790950606.207353,0,0,1,0,-0.12529534848783852,-0.12529534848783852
1790950605.207353,1790950607.207353,0,0,1,0,-0.12529534848783852,-0.12529534848783852
1790950606.207353,1790950608.207353,0,0,1,0,-0.12529534848783852,-0.12529534848783852
1790950607.207353,1790950609.207353,0,0,1,0,-0.12529534848783852,-0.12529534848783852
1790950608.207353,1790950610.207353,0,0,1,0,-0.12529534848783852,-0.12529534848783852
1790950609.207353,1790950611.207353,0,0,1,0,-0.12529534848783852,-0.12529534848783852
1790950610.207353,1790950612.207353,0,0,1,0,-0.12529534848783852,-0.12529534848783852
1790950611.207353,1790950613.207353,0,0,1,0,-0.12529534848783852,-0.12529534848783852
1790950612.207353,1790950614.207353,0,0,1,0,-0.12529534848783852,-0.12529534848783852
1790950613.207353,1790950615.207353,0,0,1,0,-0.12529534848783852,-0.12529534848783852
1790950614.207353,1790950616.207353,0,0,1,0,-0.12529534848783852,-0.12529534848783852
1790950615.207353,1790950617.207353,0,0,1,0,-0.12529534848783852,-0.12529534848783852
1790950616.207353,1790950618.207353,0,0,1,0,-0.12529534848783852,-0.12529534848783852
1790950617.207353,1790950619.207353,0,0,1,0,-0.12529534848783852,-0.12529534848783852
1790950618.207353,1790950620.207353,0,0,1,0,-0.12529534848783852,-0.12529534848783852
1790950619.207353,1790950621.207353,0,0,1,0,-0.12529534848783852,-0.12529534848783852
1790950620.207353,1790950622.207353,0,0,1,0,-0.12529534848783852,-0.12529534848783852
1790950621.207353,1790950623.207353,0,0,1,0,-0.12529534848783852,-0.12529534848783852
1790950622.207353,1790950624.207353,0,0,1,0,-0.12529534848783852,-0.12529534848783852
1790950623.207353,1790950625.207353,0,0,1,0,-0.12529534848783852,-0.12529534848783852
1790950624.207353,1790950626.207353,0,0,1,0,-0.12529534848783852,-0.12529534848783852
1790950625.207353,1790950627.207353,0,0,1,0,-0.12529534848783852,-0.12529534848783852
1790950626.207353,1790950628.207353,0,0,1,0,-0.12529534848783852,-0.12529534848783852
1790950627.207353,1790950629.207353,0,0,1,0,-0.12529534848783852,-0.12529534848783852
1790950628.207353,1790950630.207353,0,0,1,0,-0.12529534848783852,-0.12529534848783852
1790950629.207353,1790950631.207353,0,0,1,0,-0.12529534848783852,-0.12529534848783852
1790950630.207353,1790950632.207353,0,0,1,0,-0.12529534848783852,-0.12529534848783852
1790950631.207353,1790950633.207353,0,0,1,0,-0.12529534848783852,-0.12529534848783852
1790950632.207353,1790950634.207353,0,0,1,0,-0.12529534848783852,-0.12529534848783852
1790950633.207353,1790950635.207353,0,0,1,0,-0.12529534848783852,-0.12529534848783852
1790950634.207353,1790950636.207353,0,0,1,0,-0.12529534848783852,-0.12529534848783852
1790950635.207353,1790950637.207353,0,0,1,0,-0.12529534848783852,-0.12529534848783852
1790950636.207353,1790950638.207353,0,0,1,0,-0.12529534848783852,-0.12529534848783852
1790950637.207353,1790950639.207353,0,0,1,0,-0.12529534848783852,-0.12529534848783852
1790950638.207353,1790950640.207353,0,0,1,0,-0.12529534848783852,-0.12529534848783852
1790950639.207353,1790950641.207353,0,0,1,0,-0.12529534848783852,-0.12529534848783852
1790950640.207353,1790950642.207353,0,0,1,0,-0.12529534848783852,-0.12529534848783852
1790950641.207353,1790950643.207353,0,0,1,0,-0.12529534848783852,-0.12529534848783852
1790950642.207353,1790950644.207353,0,0,1,0,-0.12529534848783852,-0.12529534848783852
1790950643.207353,1790950645.207353,0,0,1,0,-0.12529534848783852,-0.12529534848783852
1790950644.207353,1790950646.207353,0,0,1,0,-0.12529534848783852,-0.12529534848783852
1790950645.207353,1790950647.207353,0,0,1,0,-0.12529534848783852,-0.12529534848783852
1790950646.207353,1790950648.207353,0,0,1,0,-0.12529534848783852,-0.12529534848783852
1790950647.207353,1790950649.207353,0,0,1,0,-0.12529534848783852,-0.12529534848783852
1790950648.207353,1790950650.207353,0,0,1,0,-0.12529534848783852,-0.12529534848783852
1790950649.207353,1790950651.207353,0,0,1,0,-0.12529534848783852,-0.12529534848783852
1790950650.207353,1790950652.207353,0,0,1,0,-0.12529534848783852,-0.12529534848783852
1790950651.207353,1790950653.207353,0,0,1,0,-0.12529534848783852,-0.12529534848783852
1790950652.207353,1790950654.207353,0,0,1,0,-0.12529534848783852,-0.12529534848783852
1790950653.207353,1790950655.207353,0,0,1,0,-0.12529534848783852,-0.12529534848783852
1790950654.207353,1790950656.207353,0,0,1,0,-0.12529534848783852,-0.12529534848783852
1790950655.207353,1790950657.207353,0,0,1,0,-0.12529534848783852,-0.12529534848783852
1790950656.207353,1790950658.207353,0,0,1,0,-0.12529534848783852,-0.12529534848783852
1790950657.207353,1790950659.207353,0,0,1,0,-0.12529534848783852,-0.12529534848783852
1790950658.207353,1790950660.207353,0,0,1,0,-0.12529534848783852,-0.12529534848783852
1790950659.207353,1790950661.207353,0,0,1,0,-0.12529534848783852,-0.12529534848783852
1790950660.207353,1790950662.207353,0,0,1,0,-0.12529534848783852,-0.12529534848783852
1790950661.207353,1790950663.207353,0,0,1,0,-0.12529534848783852,-0.12529534848783852
1790950662.207353,1790950664.207353,0,0,1,0,-0.12529534848783852,-0.12529534848783852
1790950663.207353,1790950665.207353,0,0,1,0,-0.12529534848783852,-0.12529534848783852
1790950664.207353,1790950666.207353,0,0,1,0,-0.12529534848783852,-0.12529534848783852
1790950665.207353,1790950667.207353,0,0,1,0,-0.12529534848783852,-0.12529534848783852
1790950666.207353,1790950668.207353,0,0,1,0,-0.12529534848783852,-0.12529534848783852
1790950667.207353,1790950669.207353,0,0,1,0,-0.12529534848783852,-0.12529534848783852
1790950668.207353,1790950670.207353,0,0,1,0,-0.12529534848783852,-0.12529534848783852
1790950669.207353,1790950671.207353,0,0,1,0,-0.12529534848783852,-0.12529534848783852
1790950670.207353,1790950672.207353,0,0,1,0,-0.12529534848783852,-0.12529534848783852
1790950671.207353,1790950673.207353,0,0,1,0,-0.12529534848783852,-0.12529534848783852
1790950672.207353,1790950674.207353,0,0,1,0,-0.12529534848783852,-0.12529534848783852
1790950673.207353,1790950675.207353,0,0,1,0,-0.12529534848783852,-0.12529534848783852
1790950674.207353,1790950676.207353,0,0,1,0,-0.12529534848783852,-0.12529534848783852
1790950675.207353,1790950677.207353,0,0,1,0,-0.12529534848783852,-0.12529534848783852
1790950676.207353,1790950678.207353,0,0,1,0,-0.12529534848783852,-0.12529534848783852
1790950677.207353,1790950679.207353,0,0,1,0,-0.12529534848783852,-0.12529534848783852
1790950678.207353,1790950680.207353,0,0,1,0,-0.12529534848783852,-0.12529534848783852
1790950679.207353,1790950681.207353,0,0,1,0,-0.12529534848783852,-0.12529534848783852
1790950680.207353,1790950682.207353,0,0,1,0,-0.12529534848783852,-0.12529534848783852
1790950681.207353,1790950683.207353,0,0,1,0,-0.12529534848783852,-0.12529534848783852
1790950682.207353,1790950684.207353,0,0,1,0,-0.12529534848783852,-0.12529534848783852
1790950683.207353,1790950685.207353,0,0,1,0,-0.12529534848783852,-0.12529534848783852
1790950684.207353,1790950686.207353,0,0,1,0,-0.12529534848783852,-0.12529534848783852
1790950685.207353,1790950687.207353,0,0,1,0,-0.12529534848783852,-0.12529534848783852
1790950686.207353,1790950688.207353,0,0,1,0,-0.12529534848783852,-0.12529534848783852
1790950687.207353,1790950689.207353,0,0,1,0,-0.12529534848783852,-0.12529534848783852
1790950688.207353,1790950690.207353,0,0,1,0,-0.12529534848783852,-0.12529534848783852
1790950689.207353,1790950691.207353,0,0,1,0,-0.12529534848783852,-0.12529534848783852
1790950690.207353,1790950692.207353,0,0,1,0,-0.12529534848783852,-0.12529534848783852
1790950691.207353,1790950693.207353,0,0,1,0,-0.12529534848783852,-0.12529534848783852
1790950692.207353,1790950694.207353,0,0,1,0,-0.12529534848783852,-0.12529534848783852
1790950693.207353,1790950695.207353,0,0,1,0,-0.12529534848783852,-0.12529534848783852
1790950694.207353,1790950696.207353,0,0,1,0,-0.12529534848783852,-0.12529534848783852
1790950695.207353,1790950697.207353,0,0,1,0,-0.12529534848783852,-0.12529534848783852
1790950696.207353,1790950698.207353,0,0,1,0,-0.12529534848783852,-0.12529534848783852
1790950697.207353,1790950699.207353,0,0,1,0,-0.12529534848783852,-0.12529534848783852
1790950698.207353,1790950700.207353,0,0,1,0,-0.12529534848783852,-0.12529534848783852
1790950699.207353,1790950701.207353,0,0,1,0,-0.12529534848783852,-0.12529534848783852
1790950700.207353,1790950702.207353,0,0,1,0,-0.12529534848783852,-0.12529534848783852
1790950701.207353,1790950703.207353,0,0,1,0,-0.12529534848783852,-0.12529534848783852
1790950702.207353,1790950704.207353,0,0,1,0,-0.12529534848783852,-0.12529534848783852
1790950703.207353,1790950705.207353,0,0,1,0,-0.12529534848783852,-0.12529534848783852
1790950704.207353,1790950706.207353,0,0,1,0,-0.12529534848783852,-0.12529534848783852
1790950705.207353,1790950707.207353,0,0,1,0,-0.12529534848783852,-0.12529534848783852
1790950706.207353,1790950708.207353,0,0,1,0,-0.12529534848783852,-0.12529534848783852
1790950707.207353,1790950709.207353,0,0,1,0,-0.12529534848783852,-0.12529534848783852
1790950708.207353,1790950710.207353,0,0,1,0,-0.12529534848783852,-0.12529534848783852
1790950709.207353,1790950711.207353,0,0,1,0,-0.12529534848783852,-0.12529534848783852
1790950710.207353,1790950712.207353,0,0,1,0,-0.12529534848783852,-0.12529534848783852
1790950711.207353,1790950713.207353,0,0,1,0,-0.12529534848783852,-0.12529534848783852
1790950712.207353,1790950714.207353,0,0,1,0,-0.12529534848783852,-0.12529534848783852
1790950713.207353,1790950715.207353,0,0,1,0,-0.12529534848783852,-0.12529534848783852
1790950714.207353,1790950716.207353,0,0,1,0,-0.12529534848783852,-0.12529534848783852
1790950715.207353,1790950717.207353,0,0,1,0,-0.12529534848783852,-0.12529534848783852
1790950716.207353,1790950718.207353,0,0,1,0,-0.12529534848783852,-0.12529534848783852
1790950717.207353,1790950719.207353,0,0,1,0,-0.12529534848783852,-0.12529534848783852
1790950718.207353,1790950720.207353,0,0,1,0,-0.12529534848783852,-0.12529534848783852
1790950719.207353,1790950721.207353,0,0,1,0,-0.12529534848783852,-0.12529534848783852
1790950720.207353,1790950722.207353,0,0,1,0,-0.12529534848783852,-0.12529534848783852
1790950721.207353,1790950723.207353,0,0,1,0,-0.12529534848783852,-0.12529534848783852
1790950722.207353,1790950724.207353,0,0,1,0,-0.12529534848783852,-0.12529534848783852
1790950723.207353,1790950725.207353,0,0,1,0,-0.12529534848783852,-0.12529534848783852
1790950724.207353,1790950726.207353,0,0,1,0,-0.12529534848783852,-0.12529534848783852
1790950725.207353,1790950727.207353,0,0,1,0,-0.12529534848783852,-0.12529534848783852
1790950726.207353,1790950728.207353,0,0,1,0,-0.12529534848783852,-0.12529534848783852
1790950727.207353,1790950729.207353,0,0,1,0,-0.12529534848783852,-0.12529534848783852
1790950728.207353,1790950730.207353,0,0,1,0,-0.12529534848783852,-0.12529534848783852
1790950729.207353,1790950731.207353,0,0,1,0,-0.12529534848783852,-0.12529534848783852
1790950730.207353,1790950732.207353,0,0,1,0,-0.12529534848783852,-0.12529534848783852
1790950731.207353,1790950733.207353,0,0,1,0,-0.12529534848783852,-0.12529534848783852
1790950732.207353,1790950734.207353,0,0,1,0,-0.12529534848783852,-0.12529534848783852
1790950733.207353,1790950735.207353,0,0,1,0,-0.12529534848783852,-0.12529534848783852
1790950734.207353,1790950736.207353,0,0,1,0,-0.12529534848783852,-0.12529534848783852
1790950735.207353,1790950737.207353,0,0,1,0,-0.12529534848783852,-0.12529534848783852
1790950736.207353,1790950738.207353,0,0,1,0,-0.12529534848783852,-0.12529534848783852
1790950737.207353,1790950739.207353,0,0,1,0,-0.12529534848783852,-0.12529534848783852
1790950738.207353,1790950740.207353,0,0,1,0,-0.12529534848783852,-0.12529534848783852
1790950739.207353,1790950741.207353,0,0,1,0,-0.12529534848783852,-0.12529534848783852
1790950740.207353,1790950742.207353,0,0,1,0,-0.12529534848783852,-0.12529534848783852
1790950741.207353,1790950743.207353,0,0,1,0,-0.12529534848783852,-0.12529534848783852
1790950742.207353,1790950744.207353,0,0,1,0,-0.12529534848783852,-0.12529534848783852
1790950743.207353,1790950745.207353,0,0,1,0,-0.12529534848783852,-0.12529534848783852
1790950744.207353,1790950746.207353,0,0,1,0,-0.12529534848783852,-0.12529534848783852
1790950745.207353,1790950747.207353,0,0,1,0,-0.12529534848783852,-0.12529534848783852
1790950746.207353,1790950748.207353,0,0,1,0,-0.12529534848783852,-0.12529534848783852
1790950747.207353,1790950749.207353,0,0,1,0,-0.12529534848783852,-0.12529534848783852
1790950748.207353,1790950750.207353,0,0,1,0,-0.12529534848783852,-0.12529534848783852
1790950749.207353,1790950751.207353,0,0,1,0,-0.12529534848783852,-0.12529534848783852
1790950750.207353,1790950752.207353,0,0,1,0,-0.12529534848783852,-0.12529534848783852
1790950751.207353,1790950753.207353,0,0,1,0,-0.12529534848783852,-0.12529534848783852
1790950752.207353,1790950754.207353,0,0,1,0,-0.12529534848783852,-0.12529534848783852
1790950753.207353,1790950755.207353,0,0,1,0,-0.12529534848783852,-0.12529534848783852
1790950754.207353,1790950756.207353,0,0,1,0,-0.12529534848783852,-0.12529534848783852
1790950755.207353,1790950757.207353,0,0,1,0,-0.12529534848783852,-0.12529534848783852
1790950756.207353,1790950758.207353,0,0,1,0,-0.12529534848783852,-0.12529534848783852
1790950757.207353,1790950759.207353,0,0,1,0,-0.12529534848783852,-0.12529534848783852
1790950758.207353,1790950760.207353,0,0,1,0,-0.12529534848783852,-0.12529534848783852
1790950759.207353,1790950761.207353,0,0,1,0,-0.12529534848783852,-0.12529534848783852
1790950760.207353,1790950762.207353,0,0,1,0,-0.12529534848783852,-0.12529534848783852
1790950761.207353,1790950763.207353,0,0,1,0,-0.12529534848783852,-0.12529534848783852
1790950762.207353,1790950764.207353,0,0,1,0,-0.12529534848783852,-0.12529534848783852
1790950763.207353,1790950765.207353,0,0,1,0,-0.12529534848783852,-0.12529534848783852
1790950764.207353,1790950766.207353,0,0,1,0,-0.12529534848783852,-0.12529534848783852
1790950765.207353,1790950767.207353,0,0,1,0,-0.12529534848783852,-0.12529534848783852
1790950766.207353,1790950768.207353,0,0,1,0,-0.12529534848783852,-0.12529534848783852
1790950767.207353,1790950769.207353,0,0,1,0,-0.12529534848783852,-0.12529534848783852
1790950768.207353,1790950770.207353,0,0,1,0,-0.12529534848783852,-0.12529534848783852
1790950769.207353,1790950771.207353,0,0,1,0,-0.12529534848783852,-0.12529534848783852
1790950770.207353,1790950772.207353,0,0,1,0,-0.12529534848783852,-0.12529534848783852
1790950771.207353,1790950773.207353,0,0,1,0,-0.12529534848783852,-0.12529534848783852
1790950772.207353,1790950774.207353,0,0,1,0,-0.12529534848783852,-0.12529534848783852
1790950773.207353,1790950775.207353,0,0,1,0,-0.12529534848783852,-0.12529534848783852
1790950774.207353,1790950776.207353,0,0,1,0,-0.12529534848783852,-0.12529534848783852
1790950775.207353,1790950777.207353,0,0,1,0,-0.12529534848783852,-0.12529534848783852
1790950776.207353,1790950778.207353,0,0,1,0,-0.12529534848783852,-0.12529534848783852
1790950777.207353,1790950779.207353,0,0,1,0,-0.12529534848783852,-0.12529534848783852
1790950778.207353,1790950780.207353,0,0,1,0,-0.12529534848783852,-0.12529534848783852
1790950779.207353,1790950781.207353,0,0,1,0,-0.12529534848783852,-0.12529534848783852
1790950780.207353,1790950782.207353,0,0,1,0,-0.12529534848783852,-0.12529534848783852
1790950781.207353,1790950783.207353,0,0,1,0,-0.12529534848783852,-0.12529534848783852
1790950782.207353,1790950784.207353,0,0,1,0,-0.12529534848783852,-0.12529534848783852
1790950783.207353,1790950785.207353,0,0,1,0,-0.12529534848783852,-0.12529534848783852
1790950784.207353,1790950786.207353,0,0,1,0,-0.12529534848783852,-0.12529534848783852
1790950785.207353,1790950787.207353,0,0,1,0,-0.12529534848783852,-0.12529534848783852
1790950786.207353,1790950788.207353,0,0,1,0,-0.12529534848783852,-0.12529534848783852
1790950787.207353,1790950789.207353,0,0,1,0,-0.12529534848783852,-0.12529534848783852
1790950788.207353,1790950790.207353,0,0,1,0,-0.12529534848783852,-0.12529534848783852
1790950789.207353,1790950791.207353,0,0,1,0,-0.12529534848783852,-0.12529534848783852
1790950790.207353,1790950792.207353,0,0,1,0,-0.12529534848783852,-0.12529534848783852
1790950791.207353,1790950793.207353,0,0,1,0,-0.12529534848783852,-0.12529534848783852
1790950792.207353,1790950794.207353,0,0,1,0,-0.12529534848783852,-0.12529534848783852
1790950793.207353,1790950795.207353,0,0,1,0,-0.12529534848783852,-0.12529534848783852
1790950794.207353,1790950796.207353,0,0,1,0,-0.12529534848783852,-0.12529534848783852
1790950795.207353,1790950797.207353,0,0,1,0,-0.12529534848783852,-0.12529534848783852
1790950796.207353,1790950798.207353,0,0,1,0,-0.12529534848783852,-0.12529534848783852
1790950797.207353,1790950799.207353,0,0,1,0,-0.12529534848783852,-0.12529534848783852
1790950798.207353,1790950800.207353,0,0,1,0,-0.12529534848783852,-0.12529534848783852
1790950799.207353,1790950801.207353,0,0,1,0,-0.12529534848783852,-0.12529534848783852
1790950800.207353,1790950802.207353,0,0,1,0,-0.12529534848783852,-0.12529534848783852
1790950801.207353,1790950803.207353,0,0,1,0,-0.12529534848783852,-0.12529534848783852
1790950802.207353,1790950804.207353,0,0,1,0,-0.12529534848783852,-0.12529534848783852
1790950803.207353,1790950805.207353,0,0,1,0,-0.12529534848783852,-0.12529534848783852
1790950804.207353,1790950806.207353,0,0,1,0,-0.12529534848783852,-0.12529534848783852
1790950805.207353,1790950807.207353,0,0,1,0,-0.12529534848783852,-0.12529534848783852
1790950806.207353,1790950808.207353,0,0,1,0,-0.12529534848783852,-0.12529534848783852
1790950807.207353,1790950809.207353,0,0,1,0,-0.12529534848783852,-0.12529534848783852
1790950808.207353,1790950810.207353,0,0,1,0,-0.12529534848783852,-0.12529534848783852
1790950809.207353,1790950811.207353,0,0,1,0,-0.12529534848783852,-0.12529534848783852
1790950810.207353,1790950812.207353,0,0,1,0,-0.12529534848783852,-0.12529534848783852
1790950811.207353,1790950813.207353,0,0,1,0,-0.12529534848783852,-0.12529534848783852
1790950812.207353,1790950814.207353,0,0,1,0,-0.12529534848783852,-0.12529534848783852
1790950813.207353,1790950815.207353,0,0,1,0,-0.12529534848783852,-0.12529534848783852
1790950814.207353,1790950816.207353,0,0,1,0,-0.12529534848783852,-0.12529534848783852
1790950815.207353,1790950817.207353,0,0,1,0,-0.12529534848783852,-0.12529534848783852
1790950816.207353,1790950818.207353,0,0,1,0,-0.12529534848783852,-0.12529534848783852
1790950817.207353,1790950819.207353,0,0,1,0,-0.12529534848783852,-0.12529534848783852
1790950818.207353,1790950820.207353,0,0,1,0,-0.12529534848783852,-0.12529534848783852
1790950819.207353,1790950821.207353,0,0,1,0,-0.12529534848783852,-0.12529534848783852
1790950820.207353,1790950822.207353,0,0,1,0,-0.12529534848783852,-0.12529534848783852
1790950821.207353,1790950823.207353,0,0,1,0,-0.12529534848783852,-0.12529534848783852
1790950822.207353,1790950824.207353,0,0,1,0,-0.12529534848783852,-0.12529534848783852
1790950823.207353,1790950825.207353,0,0,1,0,-0.12529534848783852,-0.12529534848783852
1790950824.207353,1790950826.207353,0,0,1,0,-0.12529534848783852,-0.12529534848783852
1790950825.207353,1790950827.207353,0,0,1,0,-0.12529534848783852,-0.12529534848783852
1790950826.207353,1790950828.207353,0,0,1,0,-0.12529534848783852,-0.12529534848783852
1790950827.207353,1790950829.207353,0,0,1,0,-0.12529534848783852,-0.12529534848783852
1790950828.207353,1790950830.207353,0,0,1,0,-0.12529534848783852,-0.12529534848783852
1790950829.207353,1790950831.207353,0,0,1,0,-0.12529534848783852,-0.12529534848783852
1790950830.207353,1790950832.207353,0,0,1,0,-0.12529534848783852,-0.12529534848783852
1790950831.207353,1790950833.207353,0,0,1,0,-0.12529534848783852,-0.12529534848783852
1790950832.207353,1790950834.207353,0,0,1,0,-0.12529534848783852,-0.12529534848783852
1790950833.207353,1790950835.207353,0,0,1,0,-0.12529534848783852,-0.12529534848783852
1790950834.207353,1790950836.207353,0,0,1,0,-0.12529534848783852,-0.12529534848783852
1790950835.207353,1790950837.207353,0,0,1,0,-0.12529534848783852,-0.12529534848783852
1790950836.207353,1790950838.207353,0,0,1,0,-0.12529534848783852,-0.12529534848783852
1790950837.207353,1790950839.207353,0,0,1,0,-0.12529534848783852,-0.12529534848783852
1790950838.207353,1790950840.207353,0,0,1,0,-0.12529534848783852,-0.12529534848783852
1790950839.207353,1790950841.207353,0,0,1,0,-0.12529534848783852,-0.12529534848783852
1790950840.207353,1790950842.207353,0,0,1,0,-0.12529534848783852,-0.12529534848783852
1790950841.207353,1790950843.207353,0,0,1,0,-0.12529534848783852,-0.12529534848783852
1790950842.207353,1790950844.207353,0,0,1,0,-0.12529534848783852,-0.12529534848783852
1790950843.207353,1790950845.207353,0,0,1,0,-0.12529534848783852,-0.12529534848783852
1790950844.207353,1790950846.207353,0,0,1,0,-0.12529534848783852,-0.12529534848783852
1790950845.207353,1790950847.207353,0,0,1,0,-0.12529534848783852,-0.12529534848783852
1790950846.207353,1790950848.207353,0,0,1,0,-0.12529534848783852,-0.12529534848783852
1790950847.207353,1790950849.207353,0,0,1,0,-0.12529534848783852,-0.12529534848783852
1790950848.207353,1790950850.207353,0,0,1,0,-0.12529534848783852,-0.12529534848783852
1790950849.207353,1790950851.207353,0,0,1,0,-0.12529534848783852,-0.12529534848783852
1790950850.207353,1790950852.207353,0,0,1,0,-0.12529534848783852,-0.12529534848783852
1790950851.207353,1790950853.207353,0,0,1,0,-0.12529534848783852,-0.12529534848783852
1790950852.207353,1790950854.207353,0,0,1,0,-0.12529534848783852,-0.12529534848783852
1790950853.207353,1790950855.207353,0,0,1,0,-0.12529534848783852,-0.12529534848783852
1790950854.207353,1790950856.207353,0,0,1,0,-0.12529534848783852,-0.12529534848783852
1790950855.207353,1790950857.207353,0,0,1,0,-0.12529534848783852,-0.12529534848783852
1790950856.207353,1790950858.207353,0,0,1,0,-0.12529534848783852,-0.12529534848783852
1790950857.207353,1790950859.207353,0,0,1,0,-0.12529534848783852,-0.12529534848783852
1790950858.207353,1790950860.207353,0,0,1,0,-0.12529534848783852,-0.12529534848783852
1790950859.207353,1790950861.207353,0,0,1,0,-0.12529534848783852,-0.12529534848783852
1790950860.207353,1790950862.207353,0,0,1,0,-0.12529534848783852,-0.12529534848783852
1790950861.207353,1790950863.207353,0,0,1,0,-0.12529534848783852,-0.12529534848783852
1790950862.207353,1790950864.207353,0,0,1,0,-0.12529534848783852,-0.12529534848783852
1790950863.207353,1790950865.207353,0,0,1,0,-0.12529534848783852,-0.12529534848783852
1790950864.207353,1790950866.207353,0,0,1,0,-0.12529534848783852,-0.12529534848783852
1790950865.207353,1790950867.207353,0,0,1,0,-0.12529534848783852,-0.12529534848783852
1790950866.207353,1790950868.207353,0,0,1,0,-0.12529534848783852,-0.12529534848783852
1790950867.207353,1790950869.207353,0,0,1,0,-0.12529534848783852,-0.12529534848783852
1790950868.207353,1790950870.207353,0,0,1,0,-0.12529534848783852,-0.12529534848783852
1790950869.207353,1790950871.207353,0,0,1,0,-0.12529534848783852,-0.12529534848783852
1790950870.207353,1790950872.207353,0,0,1,0,-0.12529534848783852,-0.12529534848783852
1790950871.207353,1790950873.207353,0,0,1,0,-0.12529534848783852,-0.12529534848783852
1790950872.207353,1790950874.207353,0,0,1,0,-0.12529534848783852,-0.12529534848783852
1790950873.207353,1790950875.207353,0,0,1,0,-0.12529534848783852,-0.12529534848783852
1790950874.207353,1790950876.207353,0,0,1,0,-0.12529534848783852,-0.12529534848783852
1790950875.207353,1790950877.207353,0,0,1,0,-0.12529534848783852,-0.12529534848783852
1790950876.207353,1790950878.207353,0,0,1,0,-0.12529534848783852,-0.12529534848783852
1790950877.207353,1790950879.207353,0,0,1,0,-0.12529534848783852,-0.12529534848783852
1790950878.207353,1790950880.207353,0,0,1,0,-0.12529534848783852,-0.12529534848783852
1790950879.207353,1790950881.207353,0,0,1,0,-0.12529534848783852,-0.12529534848783852
1790950880.207353,1790950882.207353,0,0,1,0,-0.12529534848783852,-0.12529534848783852
1790950881.207353,1790950883.207353,0,0,1,0,-0.12529534848783852,-0.12529534848783852
1790950882.207353,1790950884.207353,0,0,1,0,-0.12529534848783852,-0.12529534848783852
1790950883.207353,1790950885.207353,0,0,1,0,-0.12529534848783852,-0.12529534848783852
1790950884.207353,1790950886.207353,0,0,1,0,-0.12529534848783852,-0.12529534848783852
1790950885.207353,1790950887.207353,0,0,1,0,-0.12529534848783852,-0.12529534848783852
1790950886.207353,1790950888.207353,0,0,1,0,-0.12529534848783852,-0.12529534848783852
1790950887.207353,1790950889.207353,0,0,1,0,-0.12529534848783852,-0.12529534848783852
1790950888.207353,1790950890.207353,0,0,1,0,-0.12529534848783852,-0.12529534848783852
1790950889.207353,1790950891.207353,0,0,1,0,-0.12529534848783852,-0.12529534848783852
1790950890.207353,1790950892.207353,0,0,1,0,-0.12529534848783852,-0.12529534848783852
1790950891.207353,1790950893.207353,0,0,1,0,-0.12529534848783852,-0.12529534848783852
1790950892.207353,1790950894.207353,0,0,1,0,-0.12529534848783852,-0.12529534848783852
1790950893.207353,1790950895.207353,0,0,1,0,-0.12529534848783852,-0.12529534848783852
1790950894.207353,1790950896.207353,0,0,1,0,-0.12529534848783852,-0.12529534848783852
1790950895.207353,1790950897.207353,0,0,1,0,-0.12529534848783852,-0.12529534848783852
1790950896.207353,1790950898.207353,0,0,1,0,-0.12529534848783852,-0.12529534848783852
1790950897.207353,1790950899.207353,0,0,1,0,-0.12529534848783852,-0.12529534848783852
1790950898.207353,1790950900.207353,0,0,1,0,-0.12529534848783852,-0.12529534848783852
1790950899.207353,1790950901.207353,0,0,1,0,-0.12529534848783852,-0.12529534848783852
1790950900.207353,1790950902.207353,0,0,1,0,-0.12529534848783852,-0.12529534848783852
1790950901.207353,1790950903.207353,0,0,1,0,-0.12529534848783852,-0.12529534848783852
1790950902.207353,1790950904.207353,0,0,1,0,-0.12529534848783852,-0.12529534848783852
1790950903.207353,1790950905.207353,0,0,1,0,-0.12529534848783852,-0.12529534848783852
1790950904.207353,1790950906.207353,0,0,1,0,-0.12529534848783852,-0.12529534848783852
1790950905.207353,1790950907.207353,0,0,1,0,-0.12529534848783852,-0.12529534848783852
1790950906.207353,1790950908.207353,0,0,1,0,-0.12529534848783852,-0.12529534848783852
1790950907.207353,1790950909.207353,0,0,1,0,-0.12529534848783852,-0.12529534848783852
1790950908.207353,1790950910.207353,0,0,1,0,-0.12529534848783852,-0.12529534848783852
1790950909.207353,1790950911.207353,0,0,1,0,-0.12529534848783852,-0.12529534848783852
1790950910.207353,1790950912.207353,0,0,1,0,-0.12529534848783852,-0.12529534848783852
1790950911.207353,1790950913.207353,0,0,1,0,-0.12529534848783852,-0.12529534848783852
1790950912.207353,1790950914.207353,0,0,1,0,-0.12529534848783852,-0.12529534848783852
1790950913.207353,1790950915.207353,0,0,1,0,-0.12529534848783852,-0.12529534848783852
1790950914.207353,1790950916.207353,0,0,1,0,-0.12529534848783852,-0.12529534848783852
1790950915.207353,1790950917.207353,0,0,1,0,-0.12529534848783852,-0.12529534848783852
1790950916.207353,1790950918.207353,0,0,1,0,-0.12529534848783852,-0.12529534848783852
1790950917.207353,1790950919.207353,0,0,1,0,-0.12529534848783852,-0.12529534848783852
1790950918.207353,1790950920.207353,0,0,1,0,-0.12529534848783852,-0.12529534848783852
1790950919.207353,1790950921.207353,0,0,1,0,-0.12529534848783852,-0.12529534848783852
1790950920.207353,1790950922.207353,0,0,1,0,-0.12529534848783852,-0.12529534848783852
1790950921.207353,1790950923.207353,0,0,1,0,-0.12529534848783852,-0.12529534848783852
1790950922.207353,1790950924.207353,0,0,1,0,-0.12529534848783852,-0.12529534848783852
1790950923.207353,1790950925.207353,0,0,1,0,-0.12529534848783852,-0.12529534848783852
1790950924.207353,1790950926.207353,0,0,1,0,-0.12529534848783852,-0.12529534848783852
1790950925.207353,1790950927.207353,0,0,1,0,-0.12529534848783852,-0.12529534848783852
1790950926.207353,1790950928.207353,0,0,1,0,-0.12529534848783852,-0.12529534848783852
1790950927.207353,1790950929.207353,0,0,1,0,-0.12529534848783852,-0.12529534848783852
1790950928.207353,1790950930.207353,0,0,1,0,-0.12529534848783852,-0.12529534848783852
1790950929.207353,1790950931.207353,0,0,1,0,-0.12529534848783852,-0.12529534848783852
1790950930.207353,1790950932.207353,0,0,1,0,-0.12529534848783852,-0.12529534848783852
1790950931.207353,1790950933.207353,0,0,1,0,-0.12529534848783852,-0.12529534848783852
1790950932.207353,1790950934.207353,0,0,1,0,-0.12529534848783852,-0.12529534848783852
1790950933.207353,1790950935.207353,0,0,1,0,-0.12529534848783852,-0.12529534848783852
1790950934.207353,1790950936.207353,0,0,1,0,-0.12529534848783852,-0.12529534848783852
1790950935.207353,1790950937.207353,0,0,1,0,-0.12529534848783852,-0.12529534848783852
1790950936.207353,1790950938.207353,0,0,1,0,-0.12529534848783852,-0.12529534848783852
1790950937.207353,1790950939.207353,0,0,1,0,-0.12529534848783852,-0.12529534848783852
1790950938.207353,1790950940.207353,0,0,1,0,-0.12529534848783852,-0.12529534848783852
1790950939.207353,1790950941.207353,0,0,1,0,-0.12529534848783852,-0.12529534848783852
1790950940.207353,1790950942.207353,0,0,1,0,-0.12529534848783852,-0.12529534848783852
1790950941.207353,1790950943.207353,0,0,1,0,-0.12529534848783852,-0.12529534848783852
1790950942.207353,1790950944.207353,0,0,1,0,-0.12529534848783852,-0.12529534848783852
1790950943.207353,1790950945.207353,0,0,1,0,-0.12529534848783852,-0.12529534848783852
1790950944.207353,1790950946.207353,0,0,1,0,-0.12529534848783852,-0.12529534848783852
1790950945.207353,1790950947.207353,0,0,1,0,-0.12529534848783852,-0.12529534848783852
1790950946.207353,1790950948.207353,0,0,1,0,-0.12529534848783852,-0.12529534848783852
1790950947.207353,1790950949.207353,0,0,1,0,-0.12529534848783852,-0.12529534848783852
1790950948.207353,1790950950.207353,0,0,1,0,-0.12529534848783852,-0.12529534848783852
1790950949.207353,1790950951.207353,0,0,1,0,-0.12529534848783852,-0.12529534848783852
1790950950.207353,1790950952.207353,0,0,1,0,-0.12529534848783852,-0.12529534848783852
1790950951.207353,1790950953.207353,0,0,1,0,-0.12529534848783852,-0.12529534848783852
1790950952.207353,1790950954.207353,0,0,1,0,-0.12529534848783852,-0.12529534848783852
1790950953.207353,1790950955.207353,0,0,1,0,-0.12529534848783852,-0.12529534848783852
1790950954.207353,1790950956.207353,0,0,1,0,-0.12529534848783852,-0.12529534848783852
1790950955.207353,1790950957.207353,0,0,1,0,-0.12529534848783852,-0.12529534848783852
1790950956.207353,1790950958.207353,0,0,1,0,-0.12529534848783852,-0.12529534848783852
1790950957.207353,1790950959.207353,0,0,1,0,-0.12529534848783852,-0.12529534848783852
1790950958.207353,1790950960.207353,0,0,1,0,-0.12529534848783852,-0.12529534848783852
1790950959.207353,1790950961.207353,0,0,1,0,-0.12529534848783852,-0.12529534848783852
1790950960.207353,1790950962.207353,0,0,1,0,-0.12529534848783852,-0.12529534848783852
1790950961.207353,1790950963.207353,0,0,1,0,-0.12529534848783852,-0.12529534848783852
1790950962.207353,1790950964.207353,0,0,1,0,-0.12529534848783852,-0.12529534848783852
1790950963.207353,1790950965.207353,0,0,1,0,-0.12529534848783852,-0.12529534848783852
1790950964.207353,1790950966.207353,0,0,1,0,-0.12529534848783852,-0.12529534848783852
1790950965.207353,1790950967.207353,0,0,1,0,-0.12529534848783852,-0.12529534848783852
1790950966.207353,1790950968.207353,0,0,1,0,-0.12529534848783852,-0.12529534848783852
1790950967.207353,1790950969.207353,0,0,1,0,-0.12529534848783852,-0.12529534848783852
1790950968.207353,1790950970.207353,0,0,1,0,-0.12529534848783852,-0.12529534848783852
1790950969.207353,1790950971.207353,0,0,1,0,-0.12529534848783852,-0.12529534848783852
1790950970.207353,1790950972.207353,0,0,1,0,-0.12529534848783852,-0.12529534848783852
1790950971.207353,1790950973.207353,0,0,1,0,-0.12529534848783852,-0.12529534848783852
1790950972.207353,1790950974.207353,0,0,1,0,-0.12529534848783852,-0.12529534848783852
1790950973.207353,1790950975.207353,0,0,1,0,-0.12529534848783852,-0.12529534848783852
1790950974.207353,1790950976.207353,0,0,1,0,-0.12529534848783852,-0.12529534848783852
1790950975.207353,1790950977.207353,0,0,1,0,-0.12529534848783852,-0.12529534848783852
1790950976.207353,1790950978.207353,0,0,1,0,-0.12529534848783852,-0.12529534848783852
1790950977.207353,1790950979.207353,0,0,1,0,-0.12529534848783852,-0.12529534848783852
1790950978.207353,1790950980.207353,0,0,1,0,-0.12529534848783852,-0.12529534848783852
1790950979.207353,1790950981.207353,0,0,1,0,-0.12529534848783852,-0.12529534848783852
1790950980.207353,1790950982.207353,0,0,1,0,-0.12529534848783852,-0.12529534848783852
1790950981.207353,1790950983.207353,0,0,1,0,-0.12529534848783852,-0.12529534848783852
1790950982.207353,1790950984.207353,0,0,1,0,-0.12529534848783852,-0.12529534848783852
1790950983.207353,1790950985.207353,0,0,1,0,-0.12529534848783852,-0.12529534848783852
1790950984.207353,1790950986.207353,0,0,1,0,-0.12529534848783852,-0.12529534848783852
1790950985.207353,1790950987.207353,0,0,1,0,-0.12529534848783852,-0.12529534848783852
1790950986.207353,1790950988.207353,0,0,1,0,-0.12529534848783852,-0.12529534848783852
1790950987.207353,1790950989.207353,0,0,1,0,-0.12529534848783852,-0.12529534848783852
1790950988.207353,1790950990.207353,0,0,1,0,-0.12529534848783852,-0.12529534848783852
1790950989.207353,1790950991.207353,0,0,1,0,-0.12529534848783852,-0.12529534848783852
1790950990.207353,1790950992.207353,0,0,1,0,-0.12529534848783852,-0.12529534848783852
1790950991.207353,1790950993.207353,0,0,1,0,-0.12529534848783852,-0.12529534848783852
1790950992.207353,1790950994.207353,0,0,1,0,-0.12529534848783852,-0.12529534848783852
1790950993.207353,1790950995.207353,0,0,1,0,-0.12529534848783852,-0.12529534848783852
1790950994.207353,1790950996.207353,0,0,1,0,-0.12529534848783852,-0.12529534848783852
1790950995.207353,1790950997.207353,0,0,1,0,-0.12529534848783852,-0.12529534848783852
1790950996.207353,1790950998.207353,0,0,1,0,-0.12529534848783852,-0.12529534848783852
1790950997.207353,1790950999.207353,0,0,1,0,-0.12529534848783852,-0.12529534848783852
1790950998.207353,1790951000.207353,0,0,1,0,-0.12529534848783852,-0.12529534848783852
1790950999.207353,1790951001.207353,0,0,1,0,-0.12529534848783852,-0.12529534848783852
1790951000.207353,1790951002.207353,0,0,1,0,-0.12529534848783852,-0.12529534848783852
1790951001.207353,1790951003.207353,0,0,1,0,-0.12529534848783852,-0.12529534848783852
1790951002.207353,1790951004.207353,0,0,1,0,-0.12529534848783852,-0.12529534848783852
1790951003.207353,1790951005.207353,0,0,1,0,-0.12529534848783852,-0.12529534848783852
1790951004.207353,1790951006.207353,0,0,1,0,-0.12529534848783852,-0.12529534848783852
1790951005.207353,1790951007.207353,0,0,1,0,-0.12529534848783852,-0.12529534848783852
1790951006.207353,1790951008.207353,0,0,1,0,-0.12529534848783852,-0.12529534848783852
1790951007.207353,1790951009.207353,0,0,1,0,-0.12529534848783852,-0.12529534848783852
1790951008.207353,1790951010.207353,0,0,1,0,-0.12529534848783852,-0.12529534848783852
1790951009.207353,1790951011.207353,0,0,1,0,-0.12529534848783852,-0.12529534848783852
1790951010.207353,1790951012.207353,0,0,1,0,-0.12529534848783852,-0.12529534848783852
1790951011.207353,1790951013.207353,0,0,1,0,-0.12529534848783852,-0.12529534848783852
1790951012.207353,1790951014.207353,0,0,1,0,-0.12529534848783852,-0.12529534848783852
1790951013.207353,1790951015.207353,0,0,1,0,-0.12529534848783852,-0.12529534848783852
1790951014.207353,1790951016.207353,0,0,1,0,-0.12529534848783852,-0.12529534848783852
1790951015.207353,1790951017.207353,0,0,1,0,-0.12529534848783852,-0.12529534848783852
1790951016.207353,1790951018.207353,0,0,1,0,-0.12529534848783852,-0.12529534848783852
1790951017.207353,1790951019.207353,0,0,1,0,-0.12529534848783852,-0.12529534848783852
1790951018.207353,1790951020.207353,0,0,1,0,-0.12529534848783852,-0.12529534848783852
1790951019.207353,1790951021.207353,0,0,1,0,-0.12529534848783852,-0.12529534848783852
1790951020.207353,1790951022.207353,0,0,1,0,-0.12529534848783852,-0.12529534848783852
1790951021.207353,1790951023.207353,0,0,1,0,-0.12529534848783852,-0.12529534848783852
1790951022.207353,1790951024.207353,0,0,1,0,-0.12529534848783852,-0.12529534848783852
1790951023.207353,1790951025.207353,0,0,1,0,-0.12529534848783852,-0.12529534848783852
1790951024.207353,1790951026.207353,0,0,1,0,-0.12529534848783852,-0.12529534848783852
1790951025.207353,1790951027.207353,0,0,1,0,-0.12529534848783852,-0.12529534848783852
1790951026.207353,1790951028.207353,0,0,1,0,-0.12529534848783852,-0.12529534848783852
1790951027.207353,1790951029.207353,0,0,1,0,-0.12529534848783852,-0.12529534848783852
1790951028.207353,1790951030.207353,0,0,1,0,-0.12529534848783852,-0.12529534848783852
1790951029.207353,1790951031.207353,0,0,1,0,-0.12529534848783852,-0.12529534848783852
1790951030.207353,1790951032.207353,0,0,1,0,-0.12529534848783852,-0.12529534848783852
1790951031.207353,1790951033.207353,0,0,1,0,-0.12529534848783852,-0.12529534848783852
1790951032.207353,1790951034.207353,0,0,1,0,-0.12529534848783852,-0.12529534848783852
1790951033.207353,1790951035.207353,0,0,1,0,-0.12529534848783852,-0.12529534848783852
1790951034.207353,1790951036.207353,0,0,1,0,-0.12529534848783852,-0.12529534848783852
1790951035.207353,1790951037.207353,0,0,1,0,-0.12529534848783852,-0.12529534848783852
1790951036.207353,1790951038.207353,0,0,1,0,-0.12529534848783852,-0.12529534848783852
1790951037.207353,1790951039.207353,0,0,1,0,-0.12529534848783852,-0.12529534848783852
1790951038.207353,1790951040.207353,0,0,1,0,-0.12529534848783852,-0.12529534848783852
1790951039.207353,1790951041.207353,0,0,1,0,-0.12529534848783852,-0.12529534848783852
1790951040.207353,1790951042.207353,0,0,1,0,-0.12529534848783852,-0.12529534848783852
1790951041.207353,1790951043.207353,0,0,1,0,-0.12529534848783852,-0.12529534848783852
1790951042.207353,1790951044.207353,0,0,1,0,-0.12529534848783852,-0.12529534848783852
1790951043.207353,1790951045.207353,0,0,1,0,-0.12529534848783852,-0.12529534848783852
1790951044.207353,1790951046.207353,0,0,1,0,-0.12529534848783852,-0.12529534848783852
1790951045.207353,1790951047.207353,0,0,1,0,-0.12529534848783852,-0.12529534848783852
1790951046.207353,1790951048.207353,0,0,1,0,-0.12529534848783852,-0.12529534848783852
1790951047.207353,1790951049.207353,0,0,1,0,-0.12529534848783852,-0.12529534848783852
1790951048.207353,1790951050.207353,0,0,1,0,-0.12529534848783852,-0.12529534848783852
1790951049.207353,1790951051.207353,0,0,1,0,-0.12529534848783852,-0.12529534848783852
1790951050.207353,1790951052.207353,0,0,1,0,-0.12529534848783852,-0.12529534848783852
1790951051.207353,1790951053.207353,0,0,1,0,-0.12529534848783852,-0.12529534848783852
1790951052.207353,1790951054.207353,0,0,1,0,-0.12529534848783852,-0.12529534848783852
1790951053.207353,1790951055.207353,0,0,1,0,-0.12529534848783852,-0.12529534848783852
1790951054.207353,1790951056.207353,0,0,1,0,-0.12529534848783852,-0.12529534848783852
1790951055.207353,1790951057.207353,0,0,1,0,-0.12529534848783852,-0.12529534848783852
1790951056.207353,1790951058.207353,0,0,1,0,-0.12529534848783852,-0.12529534848783852
1790951057.207353,1790951059.207353,0,0,1,0,-0.12529534848783852,-0.12529534848783852
1790951058.207353,1790951060.207353,0,0,1,0,-0.12529534848783852,-0.12529534848783852
1790951059.207353,1790951061.207353,0,0,1,0,-0.12529534848783852,-0.12529534848783852
1790951060.207353,1790951062.207353,0,0,1,0,-0.12529534848783852,-0.12529534848783852
1790951061.207353,1790951063.207353,0,0,1,0,-0.12529534848783852,-0.12529534848783852
1790951062.207353,1790951064.207353,0,0,1,0,-0.12529534848783852,-0.12529534848783852
1790951063.207353,1790951065.207353,0,0,1,0,-0.12529534848783852,-0.12529534848783852
1790951064.207353,1790951066.207353,0,0,1,0,-0.12529534848783852,-0.12529534848783852
1790951065.207353,1790951067.207353,0,0,1,0,-0.12529534848783852,-0.12529534848783852
1790951066.207353,1790951068.207353,0,0,1,0,-0.12529534848783852,-0.12529534848783852
1790951067.207353,1790951069.207353,0,0,1,0,-0.12529534848783852,-0.12529534848783852
1790951068.207353,1790951070.207353,0,0,1,0,-0.12529534848783852,-0.12529534848783852
1790951069.207353,1790951071.207353,0,0,1,0,-0.12529534848783852,-0.12529534848783852
1790951070.207353,1790951072.207353,0,0,1,0,-0.12529534848783852,-0.12529534848783852
1790951071.207353,1790951073.207353,0,0,1,0,-0.12529534848783852,-0.12529534848783852
1790951072.207353,1790951074.207353,0,0,1,0,-0.12529534848783852,-0.12529534848783852
1790951073.207353,1790951075.207353,0,0,1,0,-0.12529534848783852,-0.12529534848783852
1790951074.207353,1790951076.207353,0,0,1,0,-0.12529534848783852,-0.12529534848783852
1790951075.207353,1790951077.207353,0,0,1,0,-0.12529534848783852,-0.12529534848783852
1790951076.207353,1790951078.207353,0,0,1,0,-0.12529534848783852,-0.12529534848783852
1790951077.207353,1790951079.207353,0,0,1,0,-0.12529534848783852,-0.12529534848783852
1790951078.207353,1790951080.207353,0,0,1,0,-0.12529534848783852,-0.12529534848783852
1790951079.207353,1790951081.207353,0,0,1,0,-0.12529534848783852,-0.12529534848783852
1790951080.207353,1790951082.207353,0,0,1,0,-0.12529534848783852,-0.12529534848783852
1790951081.207353,1790951083.207353,0,0,1,0,-0.12529534848783852,-0.12529534848783852
1790951082.207353,1790951084.207353,0,0,1,0,-0.12529534848783852,-0.12529534848783852
1790951083.207353,1790951085.207353,0,0,1,0,-0.12529534848783852,-0.12529534848783852
1790951084.207353,1790951086.207353,0,0,1,0,-0.12529534848783852,-0.12529534848783852
1790951085.207353,1790951087.207353,0,0,1,0,-0.12529534848783852,-0.12529534848783852
1790951086.207353,1790951088.207353,0,0,1,0,-0.12529534848783852,-0.12529534848783852
1790951087.207353,1790951089.207353,0,0,1,0,-0.12529534848783852,-0.12529534848783852
1790951088.207353,1790951090.207353,0,0,1,0,-0.12529534848783852,-0.12529534848783852
1790951089.207353,1790951091.207353,0,0,1,0,-0.12529534848783852,-0.12529534848783852
1790951090.207353,1790951092.207353,0,0,1,0,-0.12529534848783852,-0.12529534848783852
1790951091.207353,1790951093.207353,0,0,1,0,-0.12529534848783852,-0.12529534848783852
1790951092.207353,1790951094.207353,0,0,1,0,-0.12529534848783852,-0.12529534848783852
1790951093.207353,1790951095.207353,0,0,1,0,-0.12529534848783852,-0.12529534848783852
1790951094.207353,1790951096.207353,0,0,1,0,-0.12529534848783852,-0.12529534848783852
1790951095.207353,1790951097.207353,0,0,1,0,-0.12529534848783852,-0.12529534848783852
1790951096.207353,1790951098.207353,0,0,1,0,-0.12529534848783852,-0.12529534848783852
1790951097.207353,1790951099.207353,0,0,1,0,-0.12529534848783852,-0.12529534848783852
1790951098.207353,1790951100.207353,0,0,1,0,-0.12529534848783852,-0.12529534848783852
1790951099.207353,1790951101.207353,0,0,1,0,-0.12529534848783852,-0.12529534848783852
1790951100.207353,1790951102.207353,0,0,1,0,-0.12529534848783852,-0.12529534848783852
1790951101.207353,1790951103.207353,0,0,1,0,-0.12529534848783852,-0.12529534848783852
1790951102.207353,1790951104.207353,0,0,1,0,-0.12529534848783852,-0.12529534848783852
1790951103.207353,1790951105.207353,0,0,1,0,-0.12529534848783852,-0.12529534848783852
1790951104.207353,1790951106.207353,0,0,1,0,-0.12529534848783852,-0.12529534848783852
1790951105.207353,1790951107.207353,0,0,1,0,-0.12529534848783852,-0.12529534848783852
1790951106.207353,1790951108.207353,0,0,1,0,-0.12529534848783852,-0.12529534848783852
1790951107.207353,1790951109.207353,0,0,1,0,-0.12529534848783852,-0.12529534848783852
1790951108.207353,1790951110.207353,0,0,1,0,-0.12529534848783852,-0.12529534848783852
1790951109.207353,1790951111.207353,0,0,1,0,-0.12529534848783852,-0.12529534848783852
1790951110.207353,1790951112.207353,0,0,1,0,-0.12529534848783852,-0.12529534848783852
1790951111.207353,1790951113.207353,0,0,1,0,-0.12529534848783852,-0.12529534848783852
1790951112.207353,1790951114.207353,0,0,1,0,-0.12529534848783852,-0.12529534848783852
1790951113.207353,1790951115.207353,0,0,1,0,-0.12529534848783852,-0.12529534848783852
1790951114.207353,1790951116.207353,0,0,1,0,-0.12529534848783852,-0.12529534848783852
1790951115.207353,1790951117.207353,0,0,1,0,-0.12529534848783852,-0.12529534848783852
1790951116.207353,1790951118.207353,0,0,1,0,-0.12529534848783852,-0.12529534848783852
1790951117.207353,1790951119.207353,0,0,1,0,-0.12529534848783852,-0.12529534848783852
1790951118.207353,1790951120.207353,0,0,1,0,-0.12529534848783852,-0.12529534848783852
1790951119.207353,1790951121.207353,0,0,1,0,-0.12529534848783852,-0.12529534848783852
1790951120.207353,1790951122.207353,0,0,1,0,-0.12529534848783852,-0.12529534848783852
1790951121.207353,1790951123.207353,0,0,1,0,-0.12529534848783852,-0.12529534848783852
1790951122.207353,1790951124.207353,0,0,1,0,-0.12529534848783852,-0.12529534848783852
1790951123.207353,1790951125.207353,0,0,1,0,-0.12529534848783852,-0.12529534848783852
1790951124.207353,1790951126.207353,0,0,1,0,-0.12529534848783852,-0.12529534848783852
1790951125.207353,1790951127.207353,0,0,1,0,-0.12529534848783852,-0.12529534848783852
1790951126.207353,1790951128.207353,0,0,1,0,-0.12529534848783852,-0.12529534848783852
1790951127.207353,1790951129.207353,0,0,1,0,-0.12529534848783852,-0.12529534848783852
1790951128.207353,1790951130.207353,0,0,1,0,-0.12529534848783852,-0.12529534848783852
1790951129.207353,1790951131.207353,0,0,1,0,-0.12529534848783852,-0.12529534848783852
1790951130.207353,1790951132.207353,0,0,1,0,-0.12529534848783852,-0.12529534848783852
1790951131.207353,1790951133.207353,0,0,1,0,-0.12529534848783852,-0.12529534848783852
1790951132.207353,1790951134.207353,0,0,1,0,-0.12529534848783852,-0.12529534848783852
1790951133.207353,1790951135.207353,0,0,1,0,-0.12529534848783852,-0.12529534848783852
1790951134.207353,1790951136.207353,0,0,1,0,-0.12529534848783852,-0.12529534848783852
1790951135.207353,1790951137.207353,0,0,1,0,-0.12529534848783852,-0.12529534848783852
1790951136.207353,1790951138.207353,0,0,1,0,-0.12529534848783852,-0.12529534848783852
1790951137.207353,1790951139.207353,0,0,1,0,-0.12529534848783852,-0.12529534848783852
1790951138.207353,1790951140.207353,0,0,1,0,-0.12529534848783852,-0.12529534848783852
1790951139.207353,1790951141.207353,0,0,1,0,-0.12529534848783852,-0.12529534848783852
1790951140.207353,1790951142.207353,0,0,1,0,-0.12529534848783852,-0.12529534848783852
1790951141.207353,1790951143.207353,0,0,1,0,-0.12529534848783852,-0.12529534848783852
1790951142.207353,1790951144.207353,0,0,1,0,-0.12529534848783852,-0.12529534848783852
1790951143.207353,1790951145.207353,0,0,1,0,-0.12529534848783852,-0.12529534848783852
1790951144.207353,1790951146.207353,0,0,1,0,-0.12529534848783852,-0.12529534848783852
1790951145.207353,1790951147.207353,0,0,1,0,-0.12529534848783852,-0.12529534848783852
1790951146.207353,1790951148.207353,0,0,1,0,-0.12529534848783852,-0.12529534848783852
1790951147.207353,1790951149.207353,0,0,1,0,-0.12529534848783852,-0.12529534848783852
1790951148.207353,1790951150.207353,0,0,1,0,-0.12529534848783852,-0.12529534848783852
1790951149.207353,1790951151.207353,0,0,1,0,-0.12529534848783852,-0.12529534848783852
1790951150.207353,1790951152.207353,0,0,1,0,-0.12529534848783852,-0.12529534848783852
1790951151.207353,1790951153.207353,0,0,1,0,-0.12529534848783852,-0.12529534848783852
1790951152.207353,1790951154.207353,0,0,1,0,-0.12529534848783852,-0.12529534848783852
1790951153.207353,1790951155.207353,0,0,1,0,-0.12529534848783852,-0.12529534848783852
1790951154.207353,1790951156.207353,0,0,1,0,-0.12529534848783852,-0.12529534848783852
1790951155.207353,1790951157.207353,0,0,1,0,-0.12529534848783852,-0.12529534848783852
1790951156.207353,1790951158.207353,0,0,1,0,-0.12529534848783852,-0.12529534848783852
1790951157.207353,1790951159.207353,0,0,1,0,-0.12529534848783852,-0.12529534848783852
1790951158.207353,1790951160.207353,0,0,1,0,-0.12529534848783852,-0.12529534848783852
1790951159.207353,1790951161.207353,0,0,1,0,-0.12529534848783852,-0.12529534848783852
1790951160.207353,1790951162.207353,0,0,1,0,-0.12529534848783852,-0.12529534848783852
1790951161.207353,1790951163.207353,0,0,1,0,-0.12529534848783852,-0.12529534848783852
1790951162.207353,1790951164.207353,0,0,1,0,-0.12529534848783852,-0.12529534848783852
1790951163.207353,1790951165.207353,0,0,1,0,-0.12529534848783852,-0.12529534848783852
1790951164.207353,1790951166.207353,0,0,1,0,-0.12529534848783852,-0.12529534848783852
1790951165.207353,1790951167.207353,0,0,1,0,-0.12529534848783852,-0.12529534848783852
1790951166.207353,1790951168.207353,0,0,1,0,-0.12529534848783852,-0.12529534848783852
1790951167.207353,1790951169.207353,0,0,1,0,-0.12529534848783852,-0.12529534848783852
1790951168.207353,1790951170.207353,0,0,1,0,-0.12529534848783852,-0.12529534848783852
1790951169.207353,1790951171.207353,0,0,1,0,-0.12529534848783852,-0.12529534848783852
1790951170.207353,1790951172.207353,0,0,1,0,-0.12529534848783852,-0.12529534848783852
1790951171.207353,1790951173.207353,0,0,1,0,-0.12529534848783852,-0.12529534848783852
1790951172.207353,1790951174.207353,0,0,1,0,-0.12529534848783852,-0.12529534848783852
1790951173.207353,1790951175.207353,0,0,1,0,-0.12529534848783852,-0.12529534848783852
1790951174.207353,1790951176.207353,0,0,1,0,-0.12529534848783852,-0.12529534848783852
1790951175.207353,1790951177.207353,0,0,1,0,-0.12529534848783852,-0.12529534848783852
1790951176.207353,1790951178.207353,0,0,1,0,-0.12529534848783852,-0.12529534848783852
1790951177.207353,1790951179.207353,0,0,1,0,-0.12529534848783852,-0.12529534848783852
1790951178.207353,1790951180.207353,0,0,1,0,-0.12529534848783852,-0.12529534848783852
1790951179.207353,1790951181.207353,0,0,1,0,-0.12529534848783852,-0.12529534848783852
1790951180.207353,1790951182.207353,0,0,1,0,-0.12529534848783852,-0.12529534848783852
1790951181.207353,1790951183.207353,0,0,1,0,-0.12529534848783852,-0.12529534848783852
1790951182.207353,1790951184.207353,0,0,1,0,-0.12529534848783852,-0.12529534848783852
1790951183.207353,1790951185.207353,0,0,1,0,-0.12529534848783852,-0.12529534848783852
1790951184.207353,1790951186.207353,0,0,1,0,-0.12529534848783852,-0.12529534848783852
1790951185.207353,1790951187.207353,0,0,1,0,-0.12529534848783852,-0.12529534848783852
1790951186.207353,1790951188.207353,0,0,1,0,-0.12529534848783852,-0.12529534848783852
1790951187.207353,1790951189.207353,0,0,1,0,-0.12529534848783852,-0.12529534848783852
1790951188.207353,1790951190.207353,0,0,1,0,-0.12529534848783852,-0.12529534848783852
1790951189.207353,1790951191.207353,0,0,1,0,-0.12529534848783852,-0.12529534848783852
1790951190.207353,1790951192.207353,0,0,1,0,-0.12529534848783852,-0.12529534848783852
1790951191.207353,1790951193.207353,0,0,1,0,-0.12529534848783852,-0.12529534848783852
1790951192.207353,1790951194.207353,0,0,1,0,-0.12529534848783852,-0.12529534848783852
1790951193.207353,1790951195.207353,0,0,1,0,-0.12529534848783852,-0.12529534848783852
1790951194.207353,1790951196.207353,0,0,1,0,-0.12529534848783852,-0.12529534848783852
1790951195.207353,1790951197.207353,0,0,1,0,-0.12529534848783852,-0.12529534848783852
1790951196.207353,1790951198.207353,0,0,1,0,-0.12529534848783852,-0.12529534848783852
1790951197.207353,1790951199.207353,0,0,1,0,-0.12529534848783852,-0.12529534848783852
1790951198.207353,1790951200.207353,0,0,1,0,-0.12529534848783852,-0.12529534848783852
1790951199.207353,1790951201.207353,0,0,1,0,-0.12529534848783852,-0.12529534848783852
1790951200.207353,1790951202.207353,0,0,1,0,-0.12529534848783852,-0.12529534848783852
1790951201.207353,1790951203.207353,0,0,1,0,-0.12529534848783852,-0.12529534848783852
1790951202.207353,1790951204.207353,0,0,1,0,-0.12529534848783852,-0.12529534848783852
1790951203.207353,1790951205.207353,0,0,1,0,-0.12529534848783852,-0.12529534848783852
1790951204.207353,1790951206.207353,0,0,1,0,-0.12529534848783852,-0.12529534848783852
1790951205.207353,1790951207.207353,0,0,1,0,-0.12529534848783852,-0.12529534848783852
1790951206.207353,1790951208.207353,0,0,1,0,-0.12529534848783852,-0.12529534848783852
1790951207.207353,1790951209.207353,0,0,1,0,-0.12529534848783852,-0.12529534848783852
1790951208.207353,1790951210.207353,0,0,1,0,-0.12529534848783852,-0.12529534848783852
1790951209.207353,1790951211.207353,0,0,1,0,-0.12529534848783852,-0.12529534848783852
1790951210.207353,1790951212.207353,0,0,1,0,-0.12529534848783852,-0.12529534848783852
1790951211.207353,1790951213.207353,0,0,1,0,-0.12529534848783852,-0.12529534848783852
1790951212.207353,1790951214.207353,0,0,1,0,-0.12529534848783852,-0.12529534848783852
1790951213.207353,1790951215.207353,0,0,1,0,-0.12529534848783852,-0.12529534848783852
1790951214.207353,1790951216.207353,0,0,1,0,-0.12529534848783852,-0.12529534848783852
1790951215.207353,1790951217.207353,0,0,1,0,-0.12529534848783852,-0.12529534848783852
1790951216.207353,1790951218.207353,0,0,1,0,-0.12529534848783852,-0.12529534848783852
1790951217.207353,1790951219.207353,0,0,1,0,-0.12529534848783852,-0.12529534848783852
1790951218.207353,1790951220.207353,0,0,1,0,-0.12529534848783852,-0.12529534848783852
1790951219.207353,1790951221.207353,0,0,1,0,-0.12529534848783852,-0.12529534848783852
1790951220.207353,1790951222.207353,0,0,1,0,-0.12529534848783852,-0.12529534848783852
1790951221.207353,1790951223.207353,0,0,1,0,-0.12529534848783852,-0.12529534848783852
1790951222.207353,1790951224.207353,0,0,1,0,-0.12529534848783852,-0.12529534848783852
1790951223.207353,1790951225.207353,0,0,1,0,-0.12529534848783852,-0.12529534848783852
1790951224.207353,1790951226.207353,0,0,1,0,-0.12529534848783852,-0.12529534848783852
1790951225.207353,1790951227.207353,0,0,1,0,-0.12529534848783852,-0.12529534848783852
1790951226.207353,1790951228.207353,0,0,1,0,-0.12529534848783852,-0.12529534848783852
1790951227.207353,1790951229.207353,0,0,1,0,-0.12529534848783852,-0.12529534848783852
1790951228.207353,1790951230.207353,0,0,1,0,-0.12529534848783852,-0.12529534848783852
1790951229.207353,1790951231.207353,0,0,1,0,-0.12529534848783852,-0.12529534848783852
1790951230.207353,1790951232.207353,0,0,1,0,-0.12529534848783852,-0.12529534848783852
1790951231.207353,1790951233.207353,0,0,1,0,-0.12529534848783852,-0.12529534848783852
1790951232.207353,1790951234.207353,0,0,1,0,-0.12529534848783852,-0.12529534848783852
1790951233.207353,1790951235.207353,0,0,1,0,-0.12529534848783852,-0.12529534848783852
1790951234.207353,1790951236.207353,0,0,1,0,-0.12529534848783852,-0.12529534848783852
1790951235.207353,1790951237.207353,0,0,1,0,-0.12529534848783852,-0.12529534848783852
1790951236.207353,1790951238.207353,0,0,1,0,-0.12529534848783852,-0.12529534848783852
1790951237.207353,1790951239.207353,0,0,1,0,-0.12529534848783852,-0.12529534848783852
1790951238.207353,1790951240.207353,0,0,1,0,-0.12529534848783852,-0.12529534848783852
1790951239.207353,1790951241.207353,0,0,1,0,-0.12529534848783852,-0.12529534848783852
1790951240.207353,1790951242.207353,0,0,1,0,-0.12529534848783852,-0.12529534848783852
1790951241.207353,1790951243.207353,0,0,1,0,-0.12529534848783852,-0.12529534848783852
1790951242.207353,1790951244.207353,0,0,1,0,-0.12529534848783852,-0.12529534848783852
1790951243.207353,1790951245.207353,0,0,1,0,-0.12529534848783852,-0.12529534848783852
1790951244.207353,1790951246.207353,0,0,1,0,-0.12529534848783852,-0.12529534848783852
1790951245.207353,1790951247.207353,0,0,1,0,-0.12529534848783852,-0.12529534848783852
1790951246.207353,1790951248.207353,0,0,1,0,-0.12529534848783852,-0.12529534848783852
1790951247.207353,1790951249.207353,0,0,1,0,-0.12529534848783852,-0.12529534848783852
1790951248.207353,1790951250.207353,0,0,1,0,-0.12529534848783852,-0.12529534848783852
1790951249.207353,1790951251.207353,0,0,1,0,-0.12529534848783852,-0.12529534848783852
1790951250.207353,1790951252.207353,0,0,1,0,-0.12529534848783852,-0.12529534848783852
1790951251.207353,1790951253.207353,0,0,1,0,-0.12529534848783852,-0.12529534848783852
1790951252.207353,1790951254.207353,0,0,1,0,-0.12529534848783852,-0.12529534848783852
1790951253.207353,1790951255.207353,0,0,1,0,-0.12529534848783852,-0.12529534848783852
1790951254.207353,1790951256.207353,0,0,1,0,-0.12529534848783852,-0.12529534848783852
1790951255.207353,1790951257.207353,0,0,1,0,-0.12529534848783852,-0.12529534848783852
1790951256.207353,1790951258.207353,0,0,1,0,-0.12529534848783852,-0.12529534848783852
1790951257.207353,1790951259.207353,0,0,1,0,-0.12529534848783852,-0.12529534848783852
1790951258.207353,1790951260.207353,0,0,1,0,-0.12529534848783852,-0.12529534848783852
1790951259.207353,1790951261.207353,0,0,1,0,-0.12529534848783852,-0.12529534848783852
1790951260.207353,1790951262.207353,0,0,1,0,-0.12529534848783852,-0.12529534848783852
1790951261.207353,1790951263.207353,0,0,1,0,-0.12529534848783852,-0.12529534848783852
1790951262.207353,1790951264.207353,0,0,1,0,-0.12529534848783852,-0.12529534848783852
1790951263.207353,1790951265.207353,0,0,1,0,-0.12529534848783852,-0.12529534848783852
1790951264.207353,1790951266.207353,0,0,1,0,-0.12529534848783852,-0.12529534848783852
1790951265.207353,1790951267.207353,0,0,1,0,-0.12529534848783852,-0.12529534848783852
1790951266.207353,1790951268.207353,0,0,1,0,-0.12529534848783852,-0.12529534848783852
1790951267.207353,1790951269.207353,0,0,1,0,-0.12529534848783852,-0.12529534848783852
1790951268.207353,1790951270.207353,0,0,1,0,-0.12529534848783852,-0.12529534848783852
1790951269.207353,1790951271.207353,0,0,1,0,-0.12529534848783852,-0.12529534848783852
1790951270.207353,1790951272.207353,0,0,1,0,-0.12529534848783852,-0.12529534848783852
1790951271.207353,1790951273.207353,0,0,1,0,-0.12529534848783852,-0.12529534848783852
1790951272.207353,1790951274.207353,0,0,1,0,-0.12529534848783852,-0.12529534848783852
1790951273.207353,1790951275.207353,0,0,1,0,-0.12529534848783852,-0.12529534848783852
1790951274.207353,1790951276.207353,0,0,1,0,-0.12529534848783852,-0.12529534848783852
1790951275.207353,1790951277.207353,0,0,1,0,-0.12529534848783852,-0.12529534848783852
1790951276.207353,1790951278.207353,0,0,1,0,-0.12529534848783852,-0.12529534848783852
1790951277.207353,1790951279.207353,0,0,1,0,-0.12529534848783852,-0.12529534848783852
1790951278.207353,1790951280.207353,0,0,1,0,-0.12529534848783852,-0.12529534848783852
1790951279.207353,1790951281.207353,0,0,1,0,-0.12529534848783852,-0.12529534848783852
1790951280.207353,1790951282.207353,0,0,1,0,-0.12529534848783852,-0.12529534848783852
1790951281.207353,1790951283.207353,0,0,1,0,-0.12529534848783852,-0.12529534848783852
1790951282.207353,1790951284.207353,0,0,1,0,-0.12529534848783852,-0.12529534848783852
1790951283.207353,1790951285.207353,0,0,1,0,-0.12529534848783852,-0.12529534848783852
1790951284.207353,1790951286.207353,0,0,1,0,-0.12529534848783852,-0.12529534848783852
1790951285.207353,1790951287.207353,0,0,1,0,-0.12529534848783852,-0.12529534848783852
1790951286.207353,1790951288.207353,0,0,1,0,-0.12529534848783852,-0.12529534848783852
1790951287.207353,1790951289.207353,0,0,1,0,-0.12529534848783852,-0.12529534848783852
1790951288.207353,1790951290.207353,0,0,1,0,-0.12529534848783852,-0.12529534848783852
1790951289.207353,1790951291.207353,0,0,1,0,-0.12529534848783852,-0.12529534848783852
1790951290.207353,1790951292.207353,0,0,1,0,-0.12529534848783852,-0.12529534848783852
1790951291.207353,1790951293.207353,0,0,1,0,-0.12529534848783852,-0.12529534848783852
1790951292.207353,1790951294.207353,0,0,1,0,-0.12529534848783852,-0.12529534848783852
1790951293.207353,1790951295.207353,0,0,1,0,-0.12529534848783852,-0.12529534848783852
1790951294.207353,1790951296.207353,0,0,1,0,-0.12529534848783852,-0.12529534848783852
1790951295.207353,1790951297.207353,0,0,1,0,-0.12529534848783852,-0.12529534848783852
1790951296.207353,1790951298.207353,0,0,1,0,-0.12529534848783852,-0.12529534848783852
1790951297.207353,1790951299.207353,0,0,1,0,-0.12529534848783852,-0.12529534848783852
1790951298.207353,1790951300.207353,0,0,1,0,-0.12529534848783852,-0.12529534848783852
1790951299.207353,1790951301.207353,0,0,1,0,-0.12529534848783852,-0.12529534848783852
1790951300.207353,1790951302.207353,0,0,1,0,-0.12529534848783852,-0.12529534848783852
1790951301.207353,1790951303.207353,0,0,1,0,-0.12529534848783852,-0.12529534848783852
1790951302.207353,1790951304.207353,0,0,1,0,-0.12529534848783852,-0.12529534848783852
1790951303.207353,1790951305.207353,0,0,1,0,-0.12529534848783852,-0.12529534848783852
1790951304.207353,1790951306.207353,0,0,1,0,-0.12529534848783852,-0.12529534848783852
1790951305.207353,1790951307.207353,0,0,1,0,-0.12529534848783852,-0.12529534848783852
1790951306.207353,1790951308.207353,0,0,1,0,-0.12529534848783852,-0.12529534848783852
1790951307.207353,1790951309.207353,0,0,1,0,-0.12529534848783852,-0.12529534848783852
1790951308.207353,1790951310.207353,0,0,1,0,-0.12529534848783852,-0.12529534848783852
1790951309.207353,1790951311.207353,0,0,1,0,-0.12529534848783852,-0.12529534848783852
1790951310.207353,1790951312.207353,0,0,1,0,-0.12529534848783852,-0.12529534848783852
1790951311.207353,1790951313.207353,0,0,1,0,-0.12529534848783852,-0.12529534848783852
1790951312.207353,1790951314.207353,0,0,1,0,-0.12529534848783852,-0.12529534848783852
1790951313.207353,1790951315.207353,0,0,1,0,-0.12529534848783852,-0.12529534848783852
1790951314.207353,1790951316.207353,0,0,1,0,-0.12529534848783852,-0.12529534848783852
1790951315.207353,1790951317.207353,0,0,1,0,-0.12529534848783852,-0.12529534848783852
1790951316.207353,1790951318.207353,0,0,1,0,-0.12529534848783852,-0.12529534848783852
1790951317.207353,1790951319.207353,0,0,1,0,-0.12529534848783852,-0.12529534848783852
1790951318.207353,1790951320.207353,0,0,1,0,-0.12529534848783852,-0.12529534848783852
1790951319.207353,1790951321.207353,0,0,1,0,-0.12529534848783852,-0.12529534848783852
1790951320.207353,1790951322.207353,0,0,1,0,-0.12529534848783852,-0.12529534848783852
1790951321.207353,1790951323.207353,0,0,1,0,-0.12529534848783852,-0.12529534848783852
1790951322.207353,1790951324.207353,0,0,1,0,-0.12529534848783852,-0.12529534848783852
1790951323.207353,1790951325.207353,0,0,1,0,-0.12529534848783852,-0.12529534848783852
1790951324.207353,1790951326.207353,0,0,1,0,-0.12529534848783852,-0.12529534848783852
1790951325.207353,1790951327.207353,0,0,1,0,-0.12529534848783852,-0.12529534848783852
1790951326.207353,1790951328.207353,0,0,1,0,-0.12529534848783852,-0.12529534848783852
1790951327.207353,1790951329.207353,0,0,1,0,-0.12529534848783852,-0.12529534848783852
1790951328.207353,1790951330.207353,0,0,1,0,-0.12529534848783852,-0.12529534848783852
1790951329.207353,1790951331.207353,0,0,1,0,-0.12529534848783852,-0.12529534848783852
1790951330.207353,1790951332.207353,0,0,1,0,-0.12529534848783852,-0.12529534848783852
1790951331.207353,1790951333.207353,0,0,1,0,-0.12529534848783852,-0.12529534848783852
1790951332.207353,1790951334.207353,0,0,1,0,-0.12529534848783852,-0.12529534848783852
1790951333.207353,1790951335.207353,0,0,1,0,-0.12529534848783852,-0.12529534848783852
1790951334.207353,1790951336.207353,0,0,1,0,-0.12529534848783852,-0.12529534848783852
1790951335.207353,1790951337.207353,0,0,1,0,-0.12529534848783852,-0.12529534848783852
1790951336.207353,1790951338.207353,0,0,1,0,-0.12529534848783852,-0.12529534848783852
1790951337.207353,1790951339.207353,0,0,1,0,-0.12529534848783852,-0.12529534848783852
1790951338.207353,1790951340.207353,0,0,1,0,-0.12529534848783852,-0.12529534848783852
1790951339.207353,1790951341.207353,0,0,1,0,-0.12529534848783852,-0.12529534848783852
1790951340.207353,1790951342.207353,0,0,1,0,-0.12529534848783852,-0.12529534848783852
1790951341.207353,1790951343.207353,0,0,1,0,-0.12529534848783852,-0.12529534848783852
1790951342.207353,1790951344.207353,0,0,1,0,-0.12529534848783852,-0.12529534848783852
1790951343.207353,1790951345.207353,0,0,1,0,-0.12529534848783852,-0.12529534848783852
1790951344.207353,1790951346.207353,0,0,1,0,-0.12529534848783852,-0.12529534848783852
1790951345.207353,1790951347.207353,0,0,1,0,-0.12529534848783852,-0.12529534848783852
1790951346.207353,1790951348.207353,0,0,1,0,-0.12529534848783852,-0.12529534848783852
1790951347.207353,1790951349.207353,0,0,1,0,-0.12529534848783852,-0.12529534848783852
1790951348.207353,1790951350.207353,0,0,1,0,-0.12529534848783852,-0.12529534848783852
1790951349.207353,1790951351.207353,0,0,1,0,-0.12529534848783852,-0.12529534848783852
1790951350.207353,1790951352.207353,0,0,1,0,-0.12529534848783852,-0.12529534848783852
1790951351.207353,1790951353.207353,0,0,1,0,-0.12529534848783852,-0.12529534848783852
1790951352.207353,1790951354.207353,0,0,1,0,-0.12529534848783852,-0.12529534848783852
1790951353.207353,1790951355.207353,0,0,1,0,-0.12529534848783852,-0.12529534848783852
1790951354.207353,1790951356.207353,0,0,1,0,-0.12529534848783852,-0.12529534848783852
1790951355.207353,1790951357.207353,0,0,1,0,-0.12529534848783852,-0.12529534848783852
1790951356.207353,1790951358.207353,0,0,1,0,-0.12529534848783852,-0.12529534848783852
1790951357.207353,1790951359.207353,0,0,1,0,-0.12529534848783852,-0.12529534848783852
1790951358.207353,1790951360.207353,0,0,1,0,-0.12529534848783852,-0.12529534848783852
1790951359.207353,1790951361.207353,0,0,1,0,-0.12529534848783852,-0.12529534848783852
1790951360.207353,1790951362.207353,0,0,1,0,-0.12529534848783852,-0.12529534848783852
1790951361.207353,1790951363.207353,0,0,1,0,-0.12529534848783852,-0.12529534848783852
1790951362.207353,1790951364.207353,0,0,1,0,-0.12529534848783852,-0.12529534848783852
1790951363.207353,1790951365.207353,0,0,1,0,-0.12529534848783852,-0.12529534848783852
1790951364.207353,1790951366.207353,0,0,1,0,-0.12529534848783852,-0.12529534848783852
1790951365.207353,1790951367.207353,0,0,1,0,-0.12529534848783852,-0.12529534848783852
1790951366.207353,1790951368.207353,0,0,1,0,-0.12529534848783852,-0.12529534848783852
1790951367.207353,1790951369.207353,0,0,1,0,-0.12529534848783852,-0.12529534848783852
1790951368.207353,1790951370.207353,0,0,1,0,-0.12529534848783852,-0.12529534848783852
1790951369.207353,1790951371.207353,0,0,1,0,-0.12529534848783852,-0.12529534848783852
1790951370.207353,1790951372.207353,0,0,1,0,-0.12529534848783852,-0.12529534848783852
1790951371.207353,1790951373.207353,0,0,1,0,-0.12529534848783852,-0.12529534848783852
1790951372.207353,1790951374.207353,0,0,1,0,-0.12529534848783852,-0.12529534848783852
1790951373.207353,1790951375.207353,0,0,1,0,-0.12529534848783852,-0.12529534848783852
1790951374.207353,1790951376.207353,0,0,1,0,-0.12529534848783852,-0.12529534848783852
1790951375.207353,1790951377.207353,0,0,1,0,-0.12529534848783852,-0.12529534848783852
1790951376.207353,1790951378.207353,0,0,1,0,-0.12529534848783852,-0.12529534848783852
1790951377.207353,1790951379.207353,0,0,1,0,-0.12529534848783852,-0.12529534848783852
1790951378.207353,1790951380.207353,0,0,1,0,-0.12529534848783852,-0.12529534848783852
1790951379.207353,1790951381.207353,0,0,1,0,-0.12529534848783852,-0.12529534848783852
1790951380.207353,1790951382.207353,0,0,1,0,-0.12529534848783852,-0.12529534848783852
1790951381.207353,1790951383.207353,0,0,1,0,-0.12529534848783852,-0.12529534848783852
1790951382.207353,1790951384.207353,0,0,1,0,-0.12529534848783852,-0.12529534848783852
1790951383.207353,1790951385.207353,0,0,1,0,-0.12529534848783852,-0.12529534848783852
1790951384.207353,1790951386.207353,0,0,1,0,-0.12529534848783852,-0.12529534848783852
1790951385.207353,1790951387.207353,0,0,1,0,-0.12529534848783852,-0.12529534848783852
1790951386.207353,1790951388.207353,0,0,1,0,-0.12529534848783852,-0.12529534848783852
1790951387.207353,1790951389.207353,0,0,1,0,-0.12529534848783852,-0.12529534848783852
1790951388.207353,1790951390.207353,0,0,1,0,-0.12529534848783852,-0.12529534848783852
1790951389.207353,1790951391.207353,0,0,1,0,-0.12529534848783852,-0.12529534848783852
1790951390.207353,1790951392.207353,0,0,1,0,-0.12529534848783852,-0.12529534848783852
1790951391.207353,1790951393.207353,0,0,1,0,-0.12529534848783852,-0.12529534848783852
1790951392.207353,1790951394.207353,0,0,1,0,-0.12529534848783852,-0.12529534848783852
1790951393.207353,1790951395.207353,0,0,1,0,-0.12529534848783852,-0.12529534848783852
1790951394.207353,1790951396.207353,0,0,1,0,-0.12529534848783852,-0.12529534848783852
1790951395.207353,1790951397.207353,0,0,1,0,-0.12529534848783852,-0.12529534848783852
1790951396.207353,1790951398.207353,0,0,1,0,-0.12529534848783852,-0.12529534848783852
1790951397.207353,1790951399.207353,0,0,1,0,-0.12529534848783852,-0.12529534848783852
1790951398.207353,1790951400.207353,0,0,1,0,-0.12529534848783852,-0.12529534848783852
1790951399.207353,1790951401.207353,0,0,1,0,-0.12529534848783852,-0.12529534848783852
1790951400.207353,1790951402.207353,0,0,1,0,-0.12529534848783852,-0.12529534848783852
1790951401.207353,1790951403.207353,0,0,1,0,-0.12529534848783852,-0.12529534848783852
1790951402.207353,1790951404.207353,0,0,1,0,-0.12529534848783852,-0.12529534848783852
1790951403.207353,1790951405.207353,0,0,1,0,-0.12529534848783852,-0.12529534848783852
1790951404.207353,1790951406.207353,0,0,1,0,-0.12529534848783852,-0.12529534848783852
1790951405.207353,1790951407.207353,0,0,1,0,-0.12529534848783852,-0.12529534848783852
1790951406.207353,1790951408.207353,0,0,1,0,-0.12529534848783852,-0.12529534848783852
1790951407.207353,1790951409.207353,0,0,1,0,-0.12529534848783852,-0.12529534848783852
1790951408.207353,1790951410.207353,0,0,1,0,-0.12529534848783852,-0.12529534848783852
1790951409.207353,1790951411.207353,0,0,1,0,-0.12529534848783852,-0.12529534848783852
1790951410.207353,1790951412.207353,0,0,1,0,-0.12529534848783852,-0.12529534848783852
1790951411.207353,1790951413.207353,0,0,1,0,-0.12529534848783852,-0.12529534848783852
1790951412.207353,1790951414.207353,0,0,1,0,-0.12529534848783852,-0.12529534848783852
1790951413.207353,1790951415.207353,0,0,1,0,-0.12529534848783852,-0.12529534848783852
1790951414.207353,1790951416.207353,0,0,1,0,-0.12529534848783852,-0.12529534848783852
1790951415.207353,1790951417.207353,0,0,1,0,-0.12529534848783852,-0.12529534848783852
1790951416.207353,1790951418.207353,0,0,1,0,-0.12529534848783852,-0.12529534848783852
1790951417.207353,1790951419.207353,0,0,1,0,-0.12529534848783852,-0.12529534848783852
1790951418.207353,1790951420.207353,0,0,1,0,-0.12529534848783852,-0.12529534848783852
1790951419.207353,1790951421.207353,0,0,1,0,-0.12529534848783852,-0.12529534848783852
1790951420.207353,1790951422.207353,0,0,1,0,-0.12529534848783852,-0.12529534848783852
1790951421.207353,1790951423.207353,0,0,1,0,-0.12529534848783852,-0.12529534848783852
1790951422.207353,1790951424.207353,0,0,1,0,-0.12529534848783852,-0.12529534848783852
1790951423.207353,1790951425.207353,0,0,1,0,-0.12529534848783852,-0.12529534848783852
1790951424.207353,1790951426.207353,0,0,1,0,-0.12529534848783852,-0.12529534848783852
1790951425.207353,1790951427.207353,0,0,1,0,-0.12529534848783852,-0.12529534848783852
1790951426.207353,1790951428.207353,0,0,1,0,-0.12529534848783852,-0.12529534848783852
1790951427.207353,1790951429.207353,0,0,1,0,-0.12529534848783852,-0.12529534848783852
1790951428.207353,1790951430.207353,0,0,1,0,-0.12529534848783852,-0.12529534848783852
1790951429.207353,1790951431.207353,0,0,1,0,-0.12529534848783852,-0.12529534848783852
1790951430.207353,1790951432.207353,0,0,1,0,-0.12529534848783852,-0.12529534848783852
1790951431.207353,1790951433.207353,0,0,1,0,-0.12529534848783852,-0.12529534848783852
1790951432.207353,1790951434.207353,0,0,1,0,-0.12529534848783852,-0.12529534848783852
1790951433.207353,1790951435.207353,0,0,1,0,-0.12529534848783852,-0.12529534848783852
1790951434.207353,1790951436.207353,0,0,1,0,-0.12529534848783852,-0.12529534848783852
1790951435.207353,1790951437.207353,0,0,1,0,-0.12529534848783852,-0.12529534848783852
1790951436.207353,1790951438.207353,0,0,1,0,-0.12529534848783852,-0.12529534848783852
1790951437.207353,1790951439.207353,0,0,1,0,-0.12529534848783852,-0.12529534848783852
1790951438.207353,1790951440.207353,0,0,1,0,-0.12529534848783852,-0.12529534848783852
1790951439.207353,1790951441.207353,0,0,1,0,-0.12529534848783852,-0.12529534848783852
1790951440.207353,1790951442.207353,0,0,1,0,-0.12529534848783852,-0.12529534848783852
1790951441.207353,1790951443.207353,0,0,1,0,-0.12529534848783852,-0.12529534848783852
1790951442.207353,1790951444.207353,0,0,1,0,-0.12529534848783852,-0.12529534848783852
1790951443.207353,1790951445.207353,0,0,1,0,-0.12529534848783852,-0.12529534848783852
1790951444.207353,1790951446.207353,0,0,1,0,-0.12529534848783852,-0.12529534848783852
1790951445.207353,1790951447.207353,0,0,1,0,-0.12529534848783852,-0.12529534848783852
1790951446.207353,1790951448.207353,0,0,1,0,-0.12529534848783852,-0.12529534848783852
1790951447.207353,1790951449.207353,0,0,1,0,-0.12529534848783852,-0.12529534848783852
1790951448.207353,1790951450.207353,0,0,1,0,-0.12529534848783852,-0.12529534848783852
1790951449.207353,1790951451.207353,0,0,1,0,-0.12529534848783852,-0.12529534848783852
1790951450.207353,1790951452.207353,0,0,1,0,-0.12529534848783852,-0.12529534848783852
1790951451.207353,1790951453.207353,0,0,1,0,-0.12529534848783852,-0.12529534848783852
1790951452.207353,1790951454.207353,0,0,1,0,-0.12529534848783852,-0.12529534848783852
1790951453.207353,1790951455.207353,0,0,1,0,-0.12529534848783852,-0.12529534848783852
1790951454.207353,1790951456.207353,0,0,1,0,-0.12529534848783852,-0.12529534848783852
1790951455.207353,1790951457.207353,0,0,1,0,-0.12529534848783852,-0.12529534848783852
1790951456.207353,1790951458.207353,0,0,1,0,-0.12529534848783852,-0.12529534848783852
1790951457.207353,1790951459.207353,0,0,1,0,-0.12529534848783852,-0.12529534848783852
1790951458.207353,1790951460.207353,0,0,1,0,-0.12529534848783852,-0.12529534848783852
1790951459.207353,1790951461.207353,0,0,1,0,-0.12529534848783852,-0.12529534848783852
1790951460.207353,1790951462.207353,0,0,1,0,-0.12529534848783852,-0.12529534848783852
1790951461.207353,1790951463.207353,0,0,1,0,-0.12529534848783852,-0.12529534848783852
1790951462.207353,1790951464.207353,0,0,1,0,-0.12529534848783852,-0.12529534848783852
1790951463.207353,1790951465.207353,0,0,1,0,-0.12529534848783852,-0.12529534848783852
1790951464.207353,1790951466.207353,0,0,1,0,-0.12529534848783852,-0.12529534848783852
1790951465.207353,1790951467.207353,0,0,1,0,-0.12529534848783852,-0.12529534848783852
1790951466.207353,1790951468.207353,0,0,1,0,-0.12529534848783852,-0.12529534848783852
1790951467.207353,1790951469.207353,0,0,1,0,-0.12529534848783852,-0.12529534848783852
1790951468.207353,1790951470.207353,0,0,1,0,-0.12529534848783852,-0.12529534848783852
1790951469.207353,1790951471.207353,0,0,1,0,-0.12529534848783852,-0.12529534848783852
1790951470.207353,1790951472.207353,0,0,1,0,-0.12529534848783852,-0.12529534848783852
1790951471.207353,1790951473.207353,0,0,1,0,-0.12529534848783852,-0.12529534848783852
1790951472.207353,1790951474.207353,0,0,1,0,-0.12529534848783852,-0.12529534848783852
1790951473.207353,1790951475.207353,0,0,1,0,-0.12529534848783852,-0.12529534848783852
1790951474.207353,1790951476.207353,0,0,1,0,-0.12529534848783852,-0.12529534848783852
1790951475.207353,1790951477.207353,0,0,1,0,-0.12529534848783852,-0.12529534848783852
1790951476.207353,1790951478.207353,0,0,1,0,-0.12529534848783852,-0.12529534848783852
1790951477.207353,1790951479.207353,0,0,1,0,-0.12529534848783852,-0.12529534848783852
1790951478.207353,1790951480.207353,0,0,1,0,-0.12529534848783852,-0.12529534848783852
1790951479.207353,1790951481.207353,0,0,1,0,-0.12529534848783852,-0.12529534848783852
1790951480.207353,1790951482.207353,0,0,1,0,-0.12529534848783852,-0.12529534848783852
1790951481.207353,1790951483.207353,0,0,1,0,-0.12529534848783852,-0.12529534848783852
1790951482.207353,1790951484.207353,0,0,1,0,-0.12529534848783852,-0.12529534848783852
1790951483.207353,1790951485.207353,0,0,1,0,-0.12529534848783852,-0.12529534848783852
1790951484.207353,1790951486.207353,0,0,1,0,-0.12529534848783852,-0.12529534848783852
1790951485.207353,1790951487.207353,0,0,1,0,-0.12529534848783852,-0.12529534848783852
1790951486.207353,1790951488.207353,0,0,1,0,-0.12529534848783852,-0.12529534848783852
1790951487.207353,1790951489.207353,0,0,1,0,-0.12529534848783852,-0.12529534848783852
1790951488.207353,1790951490.207353,0,0,1,0,-0.12529534848783852,-0.12529534848783852
1790951489.207353,1790951491.207353,0,0,1,0,-0.12529534848783852,-0.12529534848783852
1790951490.207353,1790951492.207353,0,0,1,0,-0.12529534848783852,-0.12529534848783852
1790951491.207353,1790951493.207353,0,0,1,0,-0.12529534848783852,-0.12529534848783852
1790951492.207353,1790951494.207353,0,0,1,0,-0.12529534848783852,-0.12529534848783852
1790951493.207353,1790951495.207353,0,0,1,0,-0.12529534848783852,-0.12529534848783852
1790951494.207353,1790951496.207353,0,0,1,0,-0.12529534848783852,-0.12529534848783852
1790951495.207353,1790951497.207353,0,0,1,0,-0.12529534848783852,-0.12529534848783852
1790951496.207353,1790951498.207353,0,0,1,0,-0.12529534848783852,-0.12529534848783852
1790951497.207353,1790951499.207353,0,0,1,0,-0.12529534848783852,-0.12529534848783852
1790951498.207353,1790951500.207353,0,0,1,0,-0.12529534848783852,-0.12529534848783852
1790951499.207353,1790951501.207353,0,0,1,0,-0.12529534848783852,-0.12529534848783852
1790951500.207353,1790951502.207353,0,0,1,0,-0.12529534848783852,-0.12529534848783852
1790951501.207353,1790951503.207353,0,0,1,0,-0.12529534848783852,-0.12529534848783852
1790951502.207353,1790951504.207353,0,0,1,0,-0.12529534848783852,-0.12529534848783852
1790951503.207353,1790951505.207353,0,0,1,0,-0.12529534848783852,-0.12529534848783852
1790951504.207353,1790951506.207353,0,0,1,0,-0.12529534848783852,-0.12529534848783852
1790951505.207353,1790951507.207353,0,0,1,0,-0.12529534848783852,-0.12529534848783852
1790951506.207353,1790951508.207353,0,0,1,0,-0.12529534848783852,-0.12529534848783852
1790951507.207353,1790951509.207353,0,0,1,0,-0.12529534848783852,-0.12529534848783852
1790951508.207353,1790951510.207353,0,0,1,0,-0.12529534848783852,-0.12529534848783852
1790951509.207353,1790951511.207353,0,0,1,0,-0.12529534848783852,-0.12529534848783852
1790951510.207353,1790951512.207353,0,0,1,0,-0.12529534848783852,-0.12529534848783852
1790951511.207353,1790951513.207353,0,0,1,0,-0.12529534848783852,-0.12529534848783852
1790951512.207353,1790951514.207353,0,0,1,0,-0.12529534848783852,-0.12529534848783852
1790951513.207353,1790951515.207353,0,0,1,0,-0.12529534848783852,-0.12529534848783852
1790951514.207353,1790951516.207353,0,0,1,0,-0.12529534848783852,-0.12529534848783852
1790951515.207353,1790951517.207353,0,0,1,0,-0.12529534848783852,-0.12529534848783852
1790951516.207353,1790951518.207353,0,0,1,0,-0.12529534848783852,-0.12529534848783852
1790951517.207353,1790951519.207353,0,0,1,0,-0.12529534848783852,-0.12529534848783852
1790951518.207353,1790951520.207353,0,0,1,0,-0.12529534848783852,-0.12529534848783852
1790951519.207353,1790951521.207353,0,0,1,0,-0.12529534848783852,-0.12529534848783852
1790951520.207353,1790951522.207353,0,0,1,0,-0.12529534848783852,-0.12529534848783852
1790951521.207353,1790951523.207353,0,0,1,0,-0.12529534848783852,-0.12529534848783852
1790951522.207353,1790951524.207353,0,0,1,0,-0.12529534848783852,-0.12529534848783852
1790951523.207353,1790951525.207353,0,0,1,0,-0.12529534848783852,-0.12529534848783852
1790951524.207353,1790951526.207353,0,0,1,0,-0.12529534848783852,-0.12529534848783852
1790951525.207353,1790951527.207353,0,0,1,0,-0.12529534848783852,-0.12529534848783852
1790951526.207353,1790951528.207353,0,0,1,0,-0.12529534848783852,-0.12529534848783852
1790951527.207353,1790951529.207353,0,0,1,0,-0.12529534848783852,-0.12529534848783852
1790951528.207353,1790951530.207353,0,0,1,0,-0.12529534848783852,-0.12529534848783852
1790951529.207353,1790951531.207353,0,0,1,0,-0.12529534848783852,-0.12529534848783852
1790951530.207353,1790951532.207353,0,0,1,0,-0.12529534848783852,-0.12529534848783852
1790951531.207353,1790951533.207353,0,0,1,0,-0.12529534848783852,-0.12529534848783852
1790951532.207353,1790951534.207353,0,0,1,0,-0.12529534848783852,-0.12529534848783852
1790951533.207353,1790951535.207353,0,0,1,0,-0.12529534848783852,-0.12529534848783852
1790951534.207353,1790951536.207353,0,0,1,0,-0.12529534848783852,-0.12529534848783852
1790951535.207353,1790951537.207353,0,0,1,0,-0.12529534848783852,-0.12529534848783852
1790951536.207353,1790951538.207353,0,0,1,0,-0.12529534848783852,-0.12529534848783852
1790951537.207353,1790951539.207353,0,0,1,0,-0.12529534848783852,-0.12529534848783852
1790951538.207353,1790951540.207353,0,0,1,0,-0.12529534848783852,-0.12529534848783852
1790951539.207353,1790951541.207353,0,0,1,0,-0.12529534848783852,-0.12529534848783852
1790951540.207353,1790951542.207353,0,0,1,0,-0.12529534848783852,-0.12529534848783852
1790951541.207353,1790951543.207353,0,0,1,0,-0.12529534848783852,-0.12529534848783852
1790951542.207353,1790951544.207353,0,0,1,0,-0.12529534848783852,-0.12529534848783852
1790951543.207353,1790951545.207353,0,0,1,0,-0.12529534848783852,-0.12529534848783852
1790951544.207353,1790951546.207353,0,0,1,0,-0.12529534848783852,-0.12529534848783852
1790951545.207353,1790951547.207353,0,0,1,0,-0.12529534848783852,-0.12529534848783852
1790951546.207353,1790951548.207353,0,0,1,0,-0.12529534848783852,-0.12529534848783852
1790951547.207353,1790951549.207353,0,0,1,0,-0.12529534848783852,-0.12529534848783852
1790951548.207353,1790951550.207353,0,0,1,0,-0.12529534848783852,-0.12529534848783852
1790951549.207353,1790951551.207353,0,0,1,0,-0.12529534848783852,-0.12529534848783852
1790951550.207353,1790951552.207353,0,0,1,0,-0.12529534848783852,-0.12529534848783852
1790951551.207353,1790951553.207353,0,0,1,0,-0.12529534848783852,-0.12529534848783852
1790951552.207353,1790951554.207353,0,0,1,0,-0.12529534848783852,-0.12529534848783852
1790951553.207353,1790951555.207353,0,0,1,0,-0.12529534848783852,-0.12529534848783852
1790951554.207353,1790951556.207353,0,0,1,0,-0.12529534848783852,-0.12529534848783852
1790951555.207353,1790951557.207353,0,0,1,0,-0.12529534848783852,-0.12529534848783852
1790951556.207353,1790951558.207353,0,0,1,0,-0.12529534848783852,-0.12529534848783852
1790951557.207353,1790951559.207353,0,0,1,0,-0.12529534848783852,-0.12529534848783852
1790951558.207353,1790951560.207353,0,0,1,0,-0.12529534848783852,-0.12529534848783852
1790951559.207353,1790951561.207353,0,0,1,0,-0.12529534848783852,-0.12529534848783852
1790951560.207353,1790951562.207353,0,0,1,0,-0.12529534848783852,-0.12529534848783852
1790951561.207353,1790951563.207353,0,0,1,0,-0.12529534848783852,-0.12529534848783852
1790951562.207353,1790951564.207353,0,0,1,0,-0.12529534848783852,-0.12529534848783852
1790951563.207353,1790951565.207353,0,0,1,0,-0.12529534848783852,-0.12529534848783852
1790951564.207353,1790951566.207353,0,0,1,0,-0.12529534848783852,-0.12529534848783852
1790951565.207353,1790951567.207353,0,0,1,0,-0.12529534848783852,-0.12529534848783852
1790951566.207353,1790951568.207353,0,0,1,0,-0.12529534848783852,-0.12529534848783852
1790951567.207353,1790951569.207353,0,0,1,0,-0.12529534848783852,-0.12529534848783852
1790951568.207353,1790951570.207353,0,0,1,0,-0.12529534848783852,-0.12529534848783852
1790951569.207353,1790951571.207353,0,0,1,0,-0.12529534848783852,-0.12529534848783852
1790951570.207353,1790951572.207353,0,0,1,0,-0.12529534848783852,-0.12529534848783852
1790951571.207353,1790951573.207353,0,0,1,0,-0.12529534848783852,-0.12529534848783852
1790951572.207353,1790951574.207353,0,0,1,0,-0.12529534848783852,-0.12529534848783852
1790951573.207353,1790951575.207353,0,0,1,0,-0.12529534848783852,-0.12529534848783852
1790951574.207353,1790951576.207353,0,0,1,0,-0.12529534848783852,-0.12529534848783852
1790951575.207353,1790951577.207353,0,0,1,0,-0.12529534848783852,-0.12529534848783852
1790951576.207353,1790951578.207353,0,0,1,0,-0.12529534848783852,-0.12529534848783852
1790951577.207353,1790951579.207353,0,0,1,0,-0.12529534848783852,-0.12529534848783852
1790951578.207353,1790951580.207353,0,0,1,0,-0.12529534848783852,-0.12529534848783852
1790951579.207353,1790951581.207353,0,0,1,0,-0.12529534848783852,-0.12529534848783852
1790951580.207353,1790951582.207353,0,0,1,0,-0.12529534848783852,-0.12529534848783852
1790951581.207353,1790951583.207353,0,0,1,0,-0.12529534848783852,-0.12529534848783852
1790951582.207353,1790951584.207353,0,0,1,0,-0.12529534848783852,-0.12529534848783852
1790951583.207353,1790951585.207353,0,0,1,0,-0.12529534848783852,-0.12529534848783852
1790951584.207353,1790951586.207353,0,0,1,0,-0.12529534848783852,-0.12529534848783852
1790951585.207353,1790951587.207353,0,0,1,0,-0.12529534848783852,-0.12529534848783852
1790951586.207353,1790951588.207353,0,0,1,0,-0.12529534848783852,-0.12529534848783852
1790951587.207353,1790951589.207353,0,0,1,0,-0.12529534848783852,-0.12529534848783852
1790951588.207353,1790951590.207353,0,0,1,0,-0.12529534848783852,-0.12529534848783852
1790951589.207353,1790951591.207353,0,0,1,0,-0.12529534848783852,-0.12529534848783852
1790951590.207353,1790951592.207353,0,0,1,0,-0.12529534848783852,-0.12529534848783852
1790951591.207353,1790951593.207353,0,0,1,0,-0.12529534848783852,-0.12529534848783852
1790951592.207353,1790951594.207353,0,0,1,0,-0.12529534848783852,-0.12529534848783852
1790951593.207353,1790951595.207353,0,0,1,0,-0.12529534848783852,-0.12529534848783852
1790951594.207353,1790951596.207353,0,0,1,0,-0.12529534848783852,-0.12529534848783852
1790951595.207353,1790951597.207353,0,0,1,0,-0.12529534848783852,-0.12529534848783852
1790951596.207353,1790951598.207353,0,0,1,0,-0.12529534848783852,-0.12529534848783852
1790951597.207353,1790951599.207353,0,0,1,0,-0.12529534848783852,-0.12529534848783852
1790951598.207353,1790951600.207353,0,0,1,0,-0.12529534848783852,-0.12529534848783852
1790951599.207353,1790951601.207353,0,0,1,0,-0.12529534848783852,-0.12529534848783852
1790951600.207353,1790951602.207353,0,0,1,0,-0.12529534848783852,-0.12529534848783852
1790951601.207353,1790951603.207353,0,0,1,0,-0.12529534848783852,-0.12529534848783852
1790951602.207353,1790951604.207353,0,0,1,0,-0.12529534848783852,-0.12529534848783852
1790951603.207353,1790951605.207353,0,0,1,0,-0.12529534848783852,-0.12529534848783852
1790951604.207353,1790951606.207353,0,0,1,0,-0.12529534848783852,-0.12529534848783852
1790951605.207353,1790951607.207353,0,0,1,0,-0.12529534848783852,-0.12529534848783852
1790951606.207353,1790951608.207353,0,0,1,0,-0.12529534848783852,-0.12529534848783852
1790951607.207353,1790951609.207353,0,0,1,0,-0.12529534848783852,-0.12529534848783852
1790951608.207353,1790951610.207353,0,0,1,0,-0.12529534848783852,-0.12529534848783852
1790951609.207353,1790951611.207353,0,0,1,0,-0.12529534848783852,-0.12529534848783852
1790951610.207353,1790951612.207353,0,0,1,0,-0.12529534848783852,-0.12529534848783852
1790951611.207353,1790951613.207353,0,0,1,0,-0.12529534848783852,-0.12529534848783852
1790951612.207353,1790951614.207353,0,0,1,0,-0.12529534848783852,-0.12529534848783852
1790951613.207353,1790951615.207353,0,0,1,0,-0.12529534848783852,-0.12529534848783852
1790951614.207353,1790951616.207353,0,0,1,0,-0.12529534848783852,-0.12529534848783852
1790951615.207353,1790951617.207353,0,0,1,0,-0.12529534848783852,-0.12529534848783852
1790951616.207353,1790951618.207353,0,0,1,0,-0.12529534848783852,-0.12529534848783852
1790951617.207353,1790951619.207353,0,0,1,0,-0.12529534848783852,-0.12529534848783852
1790951618.207353,1790951620.207353,0,0,1,0,-0.12529534848783852,-0.12529534848783852
1790951619.207353,1790951621.207353,0,0,1,0,-0.12529534848783852,-0.12529534848783852
1790951620.207353,1790951622.207353,0,0,1,0,-0.12529534848783852,-0.12529534848783852
1790951621.207353,1790951623.207353,0,0,1,0,-0.12529534848783852,-0.12529534848783852
1790951622.207353,1790951624.207353,0,0,1,0,-0.12529534848783852,-0.12529534848783852
1790951623.207353,1790951625.207353,0,0,1,0,-0.12529534848783852,-0.12529534848783852
1790951624.207353,1790951626.207353,0,0,1,0,-0.12529534848783852,-0.12529534848783852
1790951625.207353,1790951627.207353,0,0,1,0,-0.12529534848783852,-0.12529534848783852
1790951626.207353,1790951628.207353,0,0,1,0,-0.12529534848783852,-0.12529534848783852
1790951627.207353,1790951629.207353,0,0,1,0,-0.12529534848783852,-0.12529534848783852
1790951628.207353,1790951630.207353,0,0,1,0,-0.12529534848783852,-0.12529534848783852
1790951629.207353,1790951631.207353,0,0,1,0,-0.12529534848783852,-0.12529534848783852
1790951630.207353,1790951632.207353,0,0,1,0,-0.12529534848783852,-0.12529534848783852
1790951631.207353,1790951633.207353,0,0,1,0,-0.12529534848783852,-0.12529534848783852
1790951632.207353,1790951634.207353,0,0,1,0,-0.12529534848783852,-0.12529534848783852
1790951633.207353,1790951635.207353,0,0,1,0,-0.12529534848783852,-0.12529534848783852
1790951634.207353,1790951636.207353,0,0,1,0,-0.12529534848783852,-0.12529534848783852
1790951635.207353,1790951637.207353,0,0,1,0,-0.12529534848783852,-0.12529534848783852
1790951636.207353,1790951638.207353,0,0,1,0,-0.12529534848783852,-0.12529534848783852
1790951637.207353,1790951639.207353,0,0,1,0,-0.12529534848783852,-0.12529534848783852
1790951638.207353,1790951640.207353,0,0,1,0,-0.12529534848783852,-0.12529534848783852
1790951639.207353,1790951641.207353,0,0,1,0,-0.12529534848783852,-0.12529534848783852
1790951640.207353,1790951642.207353,0,0,1,0,-0.12529534848783852,-0.12529534848783852
1790951641.207353,1790951643.207353,0,0,1,0,-0.12529534848783852,-0.12529534848783852
1790951642.207353,1790951644.207353,0,0,1,0,-0.12529534848783852,-0.12529534848783852
1790951643.207353,1790951645.207353,0,0,1,0,-0.12529534848783852,-0.12529534848783852
1790951644.207353,1790951646.207353,0,0,1,0,-0.12529534848783852,-0.12529534848783852
1790951645.207353,1790951647.207353,0,0,1,0,-0.12529534848783852,-0.12529534848783852
1790951646.207353,1790951648.207353,0,0,1,0,-0.12529534848783852,-0.12529534848783852
1790951647.207353,1790951649.207353,0,0,1,0,-0.12529534848783852,-0.12529534848783852
1790951648.207353,1790951650.207353,0,0,1,0,-0.12529534848783852,-0.12529534848783852
1790951649.207353,1790951651.207353,0,0,1,0,-0.12529534848783852,-0.12529534848783852
1790951650.207353,1790951652.207353,0,0,1,0,-0.12529534848783852,-0.12529534848783852
1790951651.207353,1790951653.207353,0,0,1,0,-0.12529534848783852,-0.12529534848783852
1790951652.207353,1790951654.207353,0,0,1,0,-0.12529534848783852,-0.12529534848783852
1790951653.207353,1790951655.207353,0,0,1,0,-0.12529534848783852,-0.12529534848783852
1790951654.207353,1790951656.207353,0,0,1,0,-0.12529534848783852,-0.12529534848783852
1790951655.207353,1790951657.207353,0,0,1,0,-0.12529534848783852,-0.12529534848783852
1790951656.207353,1790951658.207353,0,0,1,0,-0.12529534848783852,-0.12529534848783852
1790951657.207353,1790951659.207353,0,0,1,0,-0.12529534848783852,-0.12529534848783852
1790951658.207353,1790951660.207353,0,0,1,0,-0.12529534848783852,-0.12529534848783852
1790951659.207353,1790951661.207353,0,0,1,0,-0.12529534848783852,-0.12529534848783852
1790951660.207353,1790951662.207353,0,0,1,0,-0.12529534848783852,-0.12529534848783852
1790951661.207353,1790951663.207353,0,0,1,0,-0.12529534848783852,-0.12529534848783852
1790951662.207353,1790951664.207353,0,0,1,0,-0.12529534848783852,-0.12529534848783852
1790951663.207353,1790951665.207353,0,0,1,0,-0.12529534848783852,-0.12529534848783852
1790951664.207353,1790951666.207353,0,0,1,0,-0.12529534848783852,-0.12529534848783852
1790951665.207353,1790951667.207353,0,0,1,0,-0.12529534848783852,-0.12529534848783852
1790951666.207353,1790951668.207353,0,0,1,0,-0.12529534848783852,-0.12529534848783852
1790951667.207353,1790951669.207353,0,0,1,0,-0.12529534848783852,-0.12529534848783852
1790951668.207353,1790951670.207353,0,0,1,0,-0.12529534848783852,-0.12529534848783852
1790951669.207353,1790951671.207353,0,0,1,0,-0.12529534848783852,-0.12529534848783852
1790951670.207353,1790951672.207353,0,0,1,0,-0.12529534848783852,-0.12529534848783852
1790951671.207353,1790951673.207353,0,0,1,0,-0.12529534848783852,-0.12529534848783852
1790951672.207353,1790951674.207353,0,0,1,0,-0.12529534848783852,-0.12529534848783852
1790951673.207353,1790951675.207353,0,0,1,0,-0.12529534848783852,-0.12529534848783852
1790951674.207353,1790951676.207353,0,0,1,0,-0.12529534848783852,-0.12529534848783852
1790951675.207353,1790951677.207353,0,0,1,0,-0.12529534848783852,-0.12529534848783852
1790951676.207353,1790951678.207353,0,0,1,0,-0.12529534848783852,-0.12529534848783852
1790951677.207353,1790951679.207353,0,0,1,0,-0.12529534848783852,-0.12529534848783852
1790951678.207353,1790951680.207353,0,0,1,0,-0.12529534848783852,-0.12529534848783852
1790951679.207353,1790951681.207353,0,0,1,0,-0.12529534848783852,-0.12529534848783852
1790951680.207353,1790951682.207353,0,0,1,0,-0.12529534848783852,-0.12529534848783852
1790951681.207353,1790951683.207353,0,0,1,0,-0.12529534848783852,-0.12529534848783852
1790951682.207353,1790951684.207353,0,0,1,0,-0.12529534848783852,-0.12529534848783852
1790951683.207353,1790951685.207353,0,0,1,0,-0.12529534848783852,-0.12529534848783852
1790951684.207353,1790951686.207353,0,0,1,0,-0.12529534848783852,-0.12529534848783852
1790951685.207353,1790951687.207353,0,0,1,0,-0.12529534848783852,-0.12529534848783852
1790951686.207353,1790951688.207353,0,0,1,0,-0.12529534848783852,-0.12529534848783852
1790951687.207353,1790951689.207353,0,0,1,0,-0.12529534848783852,-0.12529534848783852
1790951688.207353,1790951690.207353,0,0,1,0,-0.12529534848783852,-0.12529534848783852
1790951689.207353,1790951691.207353,0,0,1,0,-0.12529534848783852,-0.12529534848783852
1790951690.207353,1790951692.207353,0,0,1,0,-0.12529534848783852,-0.12529534848783852
1790951691.207353,1790951693.207353,0,0,1,0,-0.12529534848783852,-0.12529534848783852
1790951692.207353,1790951694.207353,0,0,1,0,-0.12529534848783852,-0.12529534848783852
1790951693.207353,1790951695.207353,0,0,1,0,-0.12529534848783852,-0.12529534848783852
1790951694.207353,1790951696.207353,0,0,1,0,-0.12529534848783852,-0.12529534848783852
1790951695.207353,1790951697.207353,0,0,1,0,-0.12529534848783852,-0.12529534848783852
1790951696.207353,1790951698.207353,0,0,1,0,-0.12529534848783852,-0.12529534848783852
1790951697.207353,1790951699.207353,0,0,1,0,-0.12529534848783852,-0.12529534848783852
1790951698.207353,1790951700.207353,0,0,1,0,-0.12529534848783852,-0.12529534848783852
1790951699.207353,1790951701.207353,0,0,1,0,-0.12529534848783852,-0.12529534848783852
1790951700.207353,1790951702.207353,0,0,1,0,-0.12529534848783852,-0.12529534848783852
1790951701.207353,1790951703.207353,0,0,1,0,-0.12529534848783852,-0.12529534848783852
1790951702.207353,1790951704.207353,0,0,1,0,-0.12529534848783852,-0.12529534848783852
1790951703.207353,1790951705.207353,0,0,1,0,-0.12529534848783852,-0.12529534848783852
1790951704.207353,1790951706.207353,0,0,1,0,-0.12529534848783852,-0.12529534848783852
1790951705.207353,1790951707.207353,0,0,1,0,-0.12529534848783852,-0.12529534848783852
1790951706.207353,1790951708.207353,0,0,1,0,-0.12529534848783852,-0.12529534848783852
1790951707.207353,1790951709.207353,0,0,1,0,-0.12529534848783852,-0.12529534848783852
1790951708.207353,1790951710.207353,0,0,1,0,-0.12529534848783852,-0.12529534848783852
1790951709.207353,1790951711.207353,0,0,1,0,-0.12529534848783852,-0.12529534848783852
1790951710.207353,1790951712.207353,0,0,1,0,-0.12529534848783852,-0.12529534848783852
1790951711.207353,1790951713.207353,0,0,1,0,-0.12529534848783852,-0.12529534848783852
1790951712.207353,1790951714.207353,0,0,1,0,-0.12529534848783852,-0.12529534848783852
1790951713.207353,1790951715.207353,0,0,1,0,-0.12529534848783852,-0.12529534848783852
1790951714.207353,1790951716.207353,0,0,1,0,-0.12529534848783852,-0.12529534848783852
1790951715.207353,1790951717.207353,0,0,1,0,-0.12529534848783852,-0.12529534848783852
1790951716.207353,1790951718.207353,0,0,1,0,-0.12529534848783852,-0.12529534848783852
1790951717.207353,1790951719.207353,0,0,1,0,-0.12529534848783852,-0.12529534848783852
1790951718.207353,1790951720.207353,0,0,1,0,-0.12529534848783852,-0.12529534848783852
1790951719.207353,1790951721.207353,0,0,1,0,-0.12529534848783852,-0.12529534848783852
1790951720.207353,1790951722.207353,0,0,1,0,-0.12529534848783852,-0.12529534848783852
1790951721.207353,1790951723.207353,0,0,1,0,-0.12529534848783852,-0.12529534848783852
1790951722.207353,1790951724.207353,0,0,1,0,-0.12529534848783852,-0.12529534848783852
1790951723.207353,1790951725.207353,0,0,1,0,-0.12529534848783852,-0.12529534848783852
1790951724.207353,1790951726.207353,0,0,1,0,-0.12529534848783852,-0.12529534848783852
1790951725.207353,1790951727.207353,0,0,1,0,-0.12529534848783852,-0.12529534848783852
1790951726.207353,1790951728.207353,0,0,1,0,-0.12529534848783852,-0.12529534848783852
1790951727.207353,1790951729.207353,0,0,1,0,-0.12529534848783852,-0.12529534848783852
1790951728.207353,1790951730.207353,0,0,1,0,-0.12529534848783852,-0.12529534848783852
1790951729.207353,1790951731.207353,0,0,1,0,-0.12529534848783852,-0.12529534848783852
1790951730.207353,1790951732.207353,0,0,1,0,-0.12529534848783852,-0.12529534848783852
1790951731.207353,1790951733.207353,0,0,1,0,-0.12529534848783852,-0.12529534848783852
1790951732.207353,1790951734.207353,0,0,1,0,-0.12529534848783852,-0.12529534848783852
1790951733.207353,1790951735.207353,0,0,1,0,-0.12529534848783852,-0.12529534848783852
1790951734.207353,1790951736.207353,0,0,1,0,-0.12529534848783852,-0.12529534848783852
1790951735.207353,1790951737.207353,0,0,1,0,-0.12529534848783852,-0.12529534848783852
1790951736.207353,1790951738.207353,0,0,1,0,-0.12529534848783852,-0.12529534848783852
1790951737.207353,1790951739.207353,0,0,1,0,-0.12529534848783852,-0.12529534848783852
1790951738.207353,1790951740.207353,0,0,1,0,-0.12529534848783852,-0.12529534848783852
1790951739.207353,1790951741.207353,0,0,1,0,-0.12529534848783852,-0.12529534848783852
1790951740.207353,1790951742.207353,0,0,1,0,-0.12529534848783852,-0.12529534848783852
1790951741.207353,1790951743.207353,0,0,1,0,-0.12529534848783852,-0.12529534848783852
1790951742.207353,1790951744.207353,0,0,1,0,-0.12529534848783852,-0.12529534848783852
1790951743.207353,1790951745.207353,0,0,1,0,-0.12529534848783852,-0.12529534848783852
1790951744.207353,1790951746.207353,0,0,1,0,-0.12529534848783852,-0.12529534848783852
1790951745.207353,1790951747.207353,0,0,1,0,-0.12529534848783852,-0.12529534848783852
1790951746.207353,1790951748.207353,0,0,1,0,-0.12529534848783852,-0.12529534848783852
1790951747.207353,1790951749.207353,0,0,1,0,-0.12529534848783852,-0.12529534848783852
1790951748.207353,1790951750.207353,0,0,1,0,-0.12529534848783852,-0.12529534848783852
1790951749.207353,1790951751.207353,0,0,1,0,-0.12529534848783852,-0.12529534848783852
1790951750.207353,1790951752.207353,0,0,1,0,-0.12529534848783852,-0.12529534848783852
1790951751.207353,1790951753.207353,0,0,1,0,-0.12529534848783852,-0.12529534848783852
1790951752.207353,1790951754.207353,0,0,1,0,-0.12529534848783852,-0.12529534848783852
1790951753.207353,1790951755.207353,0,0,1,0,-0.12529534848783852,-0.12529534848783852
1790951754.207353,1790951756.207353,0,0,1,0,-0.12529534848783852,-0.12529534848783852
1790951755.207353,1790951757.207353,0,0,1,0,-0.12529534848783852,-0.12529534848783852
1790951756.207353,1790951758.207353,0,0,1,0,-0.12529534848783852,-0.12529534848783852
1790951757.207353,1790951759.207353,0,0,1,0,-0.12529534848783852,-0.12529534848783852
1790951758.207353,1790951760.207353,0,0,1,0,-0.12529534848783852,-0.12529534848783852
1790951759.207353,1790951761.207353,0,0,1,0,-0.12529534848783852,-0.12529534848783852
1790951760.207353,1790951762.207353,0,0,1,0,-0.12529534848783852,-0.12529534848783852
1790951761.207353,1790951763.207353,0,0,1,0,-0.12529534848783852,-0.12529534848783852
1790951762.207353,1790951764.207353,0,0,1,0,-0.12529534848783852,-0.12529534848783852
1790951763.207353,1790951765.207353,0,0,1,0,-0.12529534848783852,-0.12529534848783852
1790951764.207353,1790951766.207353,0,0,1,0,-0.12529534848783852,-0.12529534848783852
1790951765.207353,1790951767.207353,0,0,1,0,-0.12529534848783852,-0.12529534848783852
1790951766.207353,1790951768.207353,0,0,1,0,-0.12529534848783852,-0.12529534848783852
1790951767.207353,1790951769.207353,0,0,1,0,-0.12529534848783852,-0.12529534848783852
1790951768.207353,1790951770.207353,0,0,1,0,-0.12529534848783852,-0.12529534848783852
1790951769.207353,1790951771.207353,0,0,1,0,-0.12529534848783852,-0.12529534848783852
1790951770.207353,1790951772.207353,0,0,1,0,-0.12529534848783852,-0.12529534848783852
1790951771.207353,1790951773.207353,0,0,1,0,-0.12529534848783852,-0.12529534848783852
1790951772.207353,1790951774.207353,0,0,1,0,-0.12529534848783852,-0.12529534848783852
1790951773.207353,1790951775.207353,0,0,1,0,-0.12529534848783852,-0.12529534848783852
1790951774.207353,1790951776.207353,0,0,1,0,-0.12529534848783852,-0.12529534848783852
1790951775.207353,1790951777.207353,0,0,1,0,-0.12529534848783852,-0.12529534848783852
1790951776.207353,1790951778.207353,0,0,1,0,-0.12529534848783852,-0.12529534848783852
1790951777.207353,1790951779.207353,0,0,1,0,-0.12529534848783852,-0.12529534848783852
1790951778.207353,1790951780.207353,0,0,1,0,-0.12529534848783852,-0.12529534848783852
1790951779.207353,1790951781.207353,0,0,1,0,-0.12529534848783852,-0.12529534848783852
1790951780.207353,1790951782.207353,0,0,1,0,-0.12529534848783852,-0.12529534848783852
1790951781.207353,1790951783.207353,0,0,1,0,-0.12529534848783852,-0.12529534848783852
1790951782.207353,1790951784.207353,0,0,1,0,-0.12529534848783852,-0.12529534848783852
1790951783.207353,1790951785.207353,0,0,1,0,-0.12529534848783852,-0.12529534848783852
1790951784.207353,1790951786.207353,0,0,1,0,-0.12529534848783852,-0.12529534848783852
1790951785.207353,1790951787.207353,0,0,1,0,-0.12529534848783852,-0.12529534848783852
1790951786.207353,1790951788.207353,0,0,1,0,-0.12529534848783852,-0.12529534848783852
1790951787.207353,1790951789.207353,0,0,1,0,-0.12529534848783852,-0.12529534848783852
1790951788.207353,1790951790.207353,0,0,1,0,-0.12529534848783852,-0.12529534848783852
1790951789.207353,1790951791.207353,0,0,1,0,-0.12529534848783852,-0.12529534848783852
1790951790.207353,1790951792.207353,0,0,1,0,-0.12529534848783852,-0.12529534848783852
1790951791.207353,1790951793.207353,0,0,1,0,-0.12529534848783852,-0.12529534848783852
1790951792.207353,1790951794.207353,0,0,1,0,-0.12529534848783852,-0.12529534848783852
1790951793.207353,1790951795.207353,0,0,1,0,-0.12529534848783852,-0.12529534848783852
1790951794.207353,1790951796.207353,0,0,1,0,-0.12529534848783852,-0.12529534848783852
1790951795.207353,1790951797.207353,0,0,1,0,-0.12529534848783852,-0.12529534848783852
1790951796.207353,1790951798.207353,0,0,1,0,-0.12529534848783852,-0.12529534848783852
1790951797.207353,1790951799.207353,0,0,1,0,-0.12529534848783852,-0.12529534848783852
1790951798.207353,1790951800.207353,0,0,1,0,-0.12529534848783852,-0.12529534848783852
1790951799.207353,1790951801.207353,0,0,1,0,-0.12529534848783852,-0.12529534848783852
1790951800.207353,1790951802.207353,0,0,1,0,-0.12529534848783852,-0.12529534848783852
1790951801.207353,1790951803.207353,0,0,1,0,-0.12529534848783852,-0.12529534848783852
1790951802.207353,1790951804.207353,0,0,1,0,-0.12529534848783852,-0.12529534848783852
1790951803.207353,1790951805.207353,0,0,1,0,-0.12529534848783852,-0.12529534848783852
1790951804.207353,1790951806.207353,0,0,1,0,-0.12529534848783852,-0.12529534848783852
1790951805.207353,1790951807.207353,0,0,1,0,-0.12529534848783852,-0.12529534848783852
1790951806.207353,1790951808.207353,0,0,1,0,-0.12529534848783852,-0.12529534848783852
1790951807.207353,1790951809.207353,0,0,1,0,-0.12529534848783852,-0.12529534848783852
1790951808.207353,1790951810.207353,0,0,1,0,-0.12529534848783852,-0.12529534848783852
1790951809.207353,1790951811.207353,0,0,1,0,-0.12529534848783852,-0.12529534848783852
1790951810.207353,1790951812.207353,0,0,1,0,-0.12529534848783852,-0.12529534848783852
1790951811.207353,1790951813.207353,0,0,1,0,-0.12529534848783852,-0.12529534848783852
1790951812.207353,1790951814.207353,0,0,1,0,-0.12529534848783852,-0.12529534848783852
1790951813.207353,1790951815.207353,0,0,1,0,-0.12529534848783852,-0.12529534848783852
1790951814.207353,1790951816.207353,0,0,1,0,-0.12529534848783852,-0.12529534848783852
1790951815.207353,1790951817.207353,0,0,1,0,-0.12529534848783852,-0.12529534848783852
1790951816.207353,1790951818.207353,0,0,1,0,-0.12529534848783852,-0.12529534848783852
1790951817.207353,1790951819.207353,0,0,1,0,-0.12529534848783852,-0.12529534848783852
1790951818.207353,1790951820.207353,0,0,1,0,-0.12529534848783852,-0.12529534848783852
1790951819.207353,1790951821.207353,0,0,1,0,-0.12529534848783852,-0.12529534848783852
1790951820.207353,1790951822.207353,0,0,1,0,-0.12529534848783852,-0.12529534848783852
1790951821.207353,1790951823.207353,0,0,1,0,-0.12529534848783852,-0.12529534848783852
1790951822.207353,1790951824.207353,0,0,1,0,-0.12529534848783852,-0.12529534848783852
1790951823.207353,1790951825.207353,0,0,1,0,-0.12529534848783852,-0.12529534848783852
1790951824.207353,1790951826.207353,0,0,1,0,-0.12529534848783852,-0.12529534848783852
1790951825.207353,1790951827.207353,0,0,1,0,-0.12529534848783852,-0.12529534848783852
1790951826.207353,1790951828.207353,0,0,1,0,-0.12529534848783852,-0.12529534848783852
1790951827.207353,1790951829.207353,0,0,1,0,-0.12529534848783852,-0.12529534848783852
1790951828.207353,1790951830.207353,0,0,1,0,-0.12529534848783852,-0.12529534848783852
1790951829.207353,1790951831.207353,0,0,1,0,-0.12529534848783852,-0.12529534848783852
1790951830.207353,1790951832.207353,0,0,1,0,-0.12529534848783852,-0.12529534848783852
1790951831.207353,1790951833.207353,0,0,1,0,-0.12529534848783852,-0.12529534848783852
1790951832.207353,1790951834.207353,0,0,1,0,-0.12529534848783852,-0.12529534848783852
1790951833.207353,1790951835.207353,0,0,1,0,-0.12529534848783852,-0.12529534848783852
1790951834.207353,1790951836.207353,0,0,1,0,-0.12529534848783852,-0.12529534848783852
1790951835.207353,1790951837.207353,0,0,1,0,-0.12529534848783852,-0.12529534848783852
1790951836.207353,1790951838.207353,0,0,1,0,-0.12529534848783852,-0.12529534848783852
1790951837.207353,1790951839.207353,0,0,1,0,-0.12529534848783852,-0.12529534848783852
1790951838.207353,1790951840.207353,0,0,1,0,-0.12529534848783852,-0.12529534848783852
1790951839.207353,1790951841.207353,0,0,1,0,-0.12529534848783852,-0.12529534848783852
1790951840.207353,1790951842.207353,0,0,1,0,-0.12529534848783852,-0.12529534848783852
1790951841.207353,1790951843.207353,0,0,1,0,-0.12529534848783852,-0.12529534848783852
1790951842.207353,1790951844.207353,0,0,1,0,-0.12529534848783852,-0.12529534848783852
1790951843.207353,1790951845.207353,0,0,1,0,-0.12529534848783852,-0.12529534848783852
1790951844.207353,1790951846.207353,0,0,1,0,-0.12529534848783852,-0.12529534848783852
1790951845.207353,1790951847.207353,0,0,1,0,-0.12529534848783852,-0.12529534848783852
1790951846.207353,1790951848.207353,0,0,1,0,-0.12529534848783852,-0.12529534848783852
1790951847.207353,1790951849.207353,0,0,1,0,-0.12529534848783852,-0.12529534848783852
1790951848.207353,1790951850.207353,0,0,1,0,-0.12529534848783852,-0.12529534848783852
1790951849.207353,1790951851.207353,0,0,1,0,-0.12529534848783852,-0.12529534848783852
1790951850.207353,1790951852.207353,0,0,1,0,-0.12529534848783852,-0.12529534848783852
1790951851.207353,1790951853.207353,0,0,1,0,-0.12529534848783852,-0.12529534848783852
1790951852.207353,1790951854.207353,0,0,1,0,-0.12529534848783852,-0.12529534848783852
1790951853.207353,1790951855.207353,0,0,1,0,-0.12529534848783852,-0.12529534848783852
1790951854.207353,1790951856.207353,0,0,1,0,-0.12529534848783852,-0.12529534848783852
1790951855.207353,1790951857.207353,0,0,1,0,-0.12529534848783852,-0.12529534848783852
1790951856.207353,1790951858.207353,0,0,1,0,-0.12529534848783852,-0.12529534848783852
1790951857.207353,1790951859.207353,0,0,1,0,-0.12529534848783852,-0.12529534848783852
1790951858.207353,1790951860.207353,0,0,1,0,-0.12529534848783852,-0.12529534848783852
1790951859.207353,1790951861.207353,0,0,1,0,-0.12529534848783852,-0.12529534848783852
1790951860.207353,1790951862.207353,0,0,1,0,-0.12529534848783852,-0.12529534848783852
1790951861.207353,1790951863.207353,0,0,1,0,-0.12529534848783852,-0.12529534848783852
1790951862.207353,1790951864.207353,0,0,1,0,-0.12529534848783852,-0.12529534848783852
1790951863.207353,1790951865.207353,0,0,1,0,-0.12529534848783852,-0.12529534848783852
1790951864.207353,1790951866.207353,0,0,1,0,-0.12529534848783852,-0.12529534848783852
1790951865.207353,1790951867.207353,0,0,1,0,-0.12529534848783852,-0.12529534848783852
1790951866.207353,1790951868.207353,0,0,1,0,-0.12529534848783852,-0.12529534848783852
1790951867.207353,1790951869.207353,0,0,1,0,-0.12529534848783852,-0.12529534848783852
1790951868.207353,1790951870.207353,0,0,1,0,-0.12529534848783852,-0.12529534848783852
1790951869.207353,1790951871.207353,0,0,1,0,-0.12529534848783852,-0.12529534848783852
1790951870.207353,1790951872.207353,0,0,1,0,-0.12529534848783852,-0.12529534848783852
1790951871.207353,1790951873.207353,0,0,1,0,-0.12529534848783852,-0.12529534848783852
1790951872.207353,1790951874.207353,0,0,1,0,-0.12529534848783852,-0.12529534848783852
1790951873.207353,1790951875.207353,0,0,1,0,-0.12529534848783852,-0.12529534848783852
1790951874.207353,1790951876.207353,0,0,1,0,-0.12529534848783852,-0.12529534848783852
1790951875.207353,1790951877.207353,0,0,1,0,-0.12529534848783852,-0.12529534848783852
1790951876.207353,1790951878.207353,0,0,1,0,-0.12529534848783852,-0.12529534848783852
1790951877.207353,1790951879.207353,0,0,1,0,-0.12529534848783852,-0.12529534848783852
1790951878.207353,1790951880.207353,0,0,1,0,-0.12529534848783852,-0.12529534848783852
1790951879.207353,1790951881.207353,0,0,1,0,-0.12529534848783852,-0.12529534848783852
1790951880.207353,1790951882.207353,0,0,1,0,-0.12529534848783852,-0.12529534848783852
1790951881.207353,1790951883.207353,0,0,1,0,-0.12529534848783852,-0.12529534848783852
1790951882.207353,1790951884.207353,0,0,1,0,-0.12529534848783852,-0.12529534848783852
1790951883.207353,1790951885.207353,0,0,1,0,-0.12529534848783852,-0.12529534848783852
1790951884.207353,1790951886.207353,0,0,1,0,-0.12529534848783852,-0.12529534848783852
1790951885.207353,1790951887.207353,0,0,1,0,-0.12529534848783852,-0.12529534848783852
1790951886.207353,1790951888.207353,0,0,1,0,-0.12529534848783852,-0.12529534848783852
1790951887.207353,1790951889.207353,0,0,1,0,-0.12529534848783852,-0.12529534848783852
1790951888.207353,1790951890.207353,0,0,1,0,-0.12529534848783852,-0.12529534848783852
1790951889.207353,1790951891.207353,0,0,1,0,-0.12529534848783852,-0.12529534848783852
1790951890.207353,1790951892.207353,0,0,1,0,-0.12529534848783852,-0.12529534848783852
1790951891.207353,1790951893.207353,0,0,1,0,-0.12529534848783852,-0.12529534848783852
1790951892.207353,1790951894.207353,0,0,1,0,-0.12529534848783852,-0.12529534848783852
1790951893.207353,1790951895.207353,0,0,1,0,-0.12529534848783852,-0.12529534848783852
1790951894.207353,1790951896.207353,0,0,1,0,-0.12529534848783852,-0.12529534848783852
1790951895.207353,1790951897.207353,0,0,1,0,-0.12529534848783852,-0.12529534848783852
1790951896.207353,1790951898.207353,0,0,1,0,-0.12529534848783852,-0.12529534848783852
1790951897.207353,1790951899.207353,0,0,1,0,-0.12529534848783852,-0.12529534848783852
1790951898.207353,1790951900.207353,0,0,1,0,-0.12529534848783852,-0.12529534848783852
1790951899.207353,1790951901.207353,0,0,1,0,-0.12529534848783852,-0.12529534848783852
1790951900.207353,1790951902.207353,0,0,1,0,-0.12529534848783852,-0.12529534848783852
1790951901.207353,1790951903.207353,0,0,1,0,-0.12529534848783852,-0.12529534848783852
1790951902.207353,1790951904.207353,0,0,1,0,-0.12529534848783852,-0.12529534848783852
1790951903.207353,1790951905.207353,0,0,1,0,-0.12529534848783852,-0.12529534848783852
1790951904.207353,1790951906.207353,0,0,1,0,-0.12529534848783852,-0.12529534848783852
1790951905.207353,1790951907.207353,0,0,1,0,-0.12529534848783852,-0.12529534848783852
1790951906.207353,1790951908.207353,0,0,1,0,-0.12529534848783852,-0.12529534848783852
1790951907.207353,1790951909.207353,0,0,1,0,-0.12529534848783852,-0.12529534848783852
1790951908.207353,1790951910.207353,0,0,1,0,-0.12529534848783852,-0.12529534848783852
1790951909.207353,1790951911.207353,0,0,1,0,-0.12529534848783852,-0.12529534848783852
1790951910.207353,1790951912.207353,0,0,1,0,-0.12529534848783852,-0.12529534848783852
1790951911.207353,1790951913.207353,0,0,1,0,-0.12529534848783852,-0.12529534848783852
1790951912.207353,1790951914.207353,0,0,1,0,-0.12529534848783852,-0.12529534848783852
1790951913.207353,1790951915.207353,0,0,1,0,-0.12529534848783852,-0.12529534848783852
1790951914.207353,1790951916.207353,0,0,1,0,-0.12529534848783852,-0.12529534848783852
1790951915.207353,1790951917.207353,0,0,1,0,-0.12529534848783852,-0.12529534848783852
1790951916.207353,1790951918.207353,0,0,1,0,-0.12529534848783852,-0.12529534848783852
1790951917.207353,1790951919.207353,0,0,1,0,-0.12529534848783852,-0.12529534848783852
1790951918.207353,1790951920.207353,0,0,1,0,-0.12529534848783852,-0.12529534848783852
1790951919.207353,1790951921.207353,0,0,1,0,-0.12529534848783852,-0.12529534848783852
1790951920.207353,1790951922.207353,0,0,1,0,-0.12529534848783852,-0.12529534848783852
1790951921.207353,1790951923.207353,0,0,1,0,-0.12529534848783852,-0.12529534848783852
1790951922.207353,1790951924.207353,0,0,1,0,-0.12529534848783852,-0.12529534848783852
1790951923.207353,1790951925.207353,0,0,1,0,-0.12529534848783852,-0.12529534848783852
1790951924.207353,1790951926.207353,0,0,1,0,-0.12529534848783852,-0.12529534848783852
1790951925.207353,1790951927.207353,0,0,1,0,-0.12529534848783852,-0.12529534848783852
1790951926.207353,1790951928.207353,0,0,1,0,-0.12529534848783852,-0.12529534848783852
1790951927.207353,1790951929.207353,0,0,1,0,-0.12529534848783852,-0.12529534848783852
1790951928.207353,1790951930.207353,0,0,1,0,-0.12529534848783852,-0.12529534848783852
1790951929.207353,1790951931.207353,0,0,1,0,-0.12529534848783852,-0.12529534848783852
1790951930.207353,1790951932.207353,0,0,1,0,-0.12529534848783852,-0.12529534848783852
1790951931.207353,1790951933.207353,0,0,1,0,-0.12529534848783852,-0.12529534848783852
1790951932.207353,1790951934.207353,0,0,1,0,-0.12529534848783852,-0.12529534848783852
1790951933.207353,1790951935.207353,0,0,1,0,-0.12529534848783852,-0.12529534848783852
1790951934.207353,1790951936.207353,0,0,1,0,-0.12529534848783852,-0.12529534848783852
1790951935.207353,1790951937.207353,0,0,1,0,-0.12529534848783852,-0.12529534848783852
1790951936.207353,1790951938.207353,0,0,1,0,-0.12529534848783852,-0.12529534848783852
1790951937.207353,1790951939.207353,0,0,1,0,-0.12529534848783852,-0.12529534848783852
1790951938.207353,1790951940.207353,0,0,1,0,-0.12529534848783852,-0.12529534848783852
1790951939.207353,1790951941.207353,0,0,1,0,-0.12529534848783852,-0.12529534848783852
1790951940.207353,1790951942.207353,0,0,1,0,-0.12529534848783852,-0.12529534848783852
1790951941.207353,1790951943.207353,0,0,1,0,-0.12529534848783852,-0.12529534848783852
1790951942.207353,1790951944.207353,0,0,1,0,-0.12529534848783852,-0.12529534848783852
1790951943.207353,1790951945.207353,0,0,1,0,-0.12529534848783852,-0.12529534848783852
1790951944.207353,1790951946.207353,0,0,1,0,-0.12529534848783852,-0.12529534848783852
1790951945.207353,1790951947.207353,0,0,1,0,-0.12529534848783852,-0.12529534848783852
1790951946.207353,1790951948.207353,0,0,1,0,-0.12529534848783852,-0.12529534848783852
1790951947.207353,1790951949.207353,0,0,1,0,-0.12529534848783852,-0.12529534848783852
1790951948.207353,1790951950.207353,0,0,1,0,-0.12529534848783852,-0.12529534848783852
1790951949.207353,1790951951.207353,0,0,1,0,-0.12529534848783852,-0.12529534848783852
1790951950.207353,1790951952.207353,0,0,1,0,-0.12529534848783852,-0.12529534848783852
1790951951.207353,1790951953.207353,0,0,1,0,-0.12529534848783852,-0.12529534848783852
1790951952.207353,1790951954.207353,0,0,1,0,-0.12529534848783852,-0.12529534848783852
1790951953.207353,1790951955.207353,0,0,1,0,-0.12529534848783852,-0.12529534848783852
1790951954.207353,1790951956.207353,0,0,1,0,-0.12529534848783852,-0.12529534848783852
1790951955.207353,1790951957.207353,0,0,1,0,-0.12529534848783852,-0.12529534848783852
1790951956.207353,1790951958.207353,0,0,1,0,-0.12529534848783852,-0.12529534848783852
1790951957.207353,1790951959.207353,0,0,1,0,-0.12529534848783852,-0.12529534848783852
1790951958.207353,1790951960.207353,0,0,1,0,-0.12529534848783852,-0.12529534848783852
1790951959.207353,1790951961.207353,0,0,1,0,-0.12529534848783852,-0.12529534848783852
1790951960.207353,1790951962.207353,0,0,1,0,-0.12529534848783852,-0.12529534848783852
1790951961.207353,1790951963.207353,0,0,1,0,-0.12529534848783852,-0.12529534848783852
1790951962.207353,1790951964.207353,0,0,1,0,-0.12529534848783852,-0.12529534848783852
1790951963.207353,1790951965.207353,0,0,1,0,-0.12529534848783852,-0.12529534848783852
1790951964.207353,1790951966.207353,0,0,1,0,-0.12529534848783852,-0.12529534848783852
1790951965.207353,1790951967.207353,0,0,1,0,-0.12529534848783852,-0.12529534848783852
1790951966.207353,1790951968.207353,0,0,1,0,-0.12529534848783852,-0.12529534848783852
1790951967.207353,1790951969.207353,0,0,1,0,-0.12529534848783852,-0.12529534848783852
1790951968.207353,1790951970.207353,0,0,1,0,-0.12529534848783852,-0.12529534848783852
1790951969.207353,1790951971.207353,0,0,1,0,-0.12529534848783852,-0.12529534848783852
1790951970.207353,1790951972.207353,0,0,1,0,-0.12529534848783852,-0.12529534848783852
1790951971.207353,1790951973.207353,0,0,1,0,-0.12529534848783852,-0.12529534848783852
1790951972.207353,1790951974.207353,0,0,1,0,-0.12529534848783852,-0.12529534848783852
1790951973.207353,1790951975.207353,0,0,1,0,-0.12529534848783852,-0.12529534848783852
1790951974.207353,1790951976.207353,0,0,1,0,-0.12529534848783852,-0.12529534848783852
1790951975.207353,1790951977.207353,0,0,1,0,-0.12529534848783852,-0.12529534848783852
1790951976.207353,1790951978.207353,0,0,1,0,-0.12529534848783852,-0.12529534848783852
1790951977.207353,1790951979.207353,0,0,1,0,-0.12529534848783852,-0.12529534848783852
1790951978.207353,1790951980.207353,0,0,1,0,-0.12529534848783852,-0.12529534848783852
1790951979.207353,1790951981.207353,0,0,1,0,-0.12529534848783852,-0.12529534848783852
1790951980.207353,1790951982.207353,0,0,1,0,-0.12529534848783852,-0.12529534848783852
1790951981.207353,1790951983.207353,0,0,1,0,-0.12529534848783852,-0.12529534848783852
1790951982.207353,1790951984.207353,0,0,1,0,-0.12529534848783852,-0.12529534848783852
1790951983.207353,1790951985.207353,0,0,1,0,-0.12529534848783852,-0.12529534848783852
1790951984.207353,1790951986.207353,0,0,1,0,-0.12529534848783852,-0.12529534848783852
1790951985.207353,1790951987.207353,0,0,1,0,-0.12529534848783852,-0.12529534848783852
1790951986.207353,1790951988.207353,0,0,1,0,-0.12529534848783852,-0.12529534848783852
1790951987.207353,1790951989.207353,0,0,1,0,-0.12529534848783852,-0.12529534848783852
1790951988.207353,1790951990.207353,0,0,1,0,-0.12529534848783852,-0.12529534848783852
1790951989.207353,1790951991.207353,0,0,1,0,-0.12529534848783852,-0.12529534848783852
1790951990.207353,1790951992.207353,0,0,1,0,-0.12529534848783852,-0.12529534848783852
1790951991.207353,1790951993.207353,0,0,1,0,-0.12529534848783852,-0.12529534848783852
1790951992.207353,1790951994.207353,0,0,1,0,-0.12529534848783852,-0.12529534848783852
1790951993.207353,1790951995.207353,0,0,1,0,-0.12529534848783852,-0.12529534848783852
1790951994.207353,1790951996.207353,0,0,1,0,-0.12529534848783852,-0.12529534848783852
1790951995.207353,1790951997.207353,0,0,1,0,-0.12529534848783852,-0.12529534848783852
1790951996.207353,1790951998.207353,0,0,1,0,-0.12529534848783852,-0.12529534848783852
1790951997.207353,1790951999.207353,0,0,1,0,-0.12529534848783852,-0.12529534848783852
1790951998.207353,1790952000.207353,0,0,1,0,-0.12529534848783852,-0.12529534848783852
1790951999.207353,1790952001.207353,0,0,1,0,-0.12529534848783852,-0.12529534848783852
1790952000.207353,1790952002.207353,0,0,1,0,-0.12529534848783852,-0.12529534848783852
1790952001.207353,1790952003.207353,0,0,1,0,-0.12529534848783852,-0.12529534848783852
1790952002.207353,1790952004.207353,0,0,1,0,-0.12529534848783852,-0.12529534848783852
1790952003.207353,1790952005.207353,0,0,1,0,-0.12529534848783852,-0.12529534848783852
1790952004.207353,1790952006.207353,0,0,1,0,-0.12529534848783852,-0.12529534848783852
1790952005.207353,1790952007.207353,0,0,1,0,-0.12529534848783852,-0.12529534848783852
1790952006.207353,1790952008.207353,0,0,1,0,-0.12529534848783852,-0.12529534848783852
1790952007.207353,1790952009.207353,0,0,1,0,-0.12529534848783852,-0.12529534848783852
1790952008.207353,1790952010.207353,0,0,1,0,-0.12529534848783852,-0.12529534848783852
1790952009.207353,1790952011.207353,0,0,1,0,-0.12529534848783852,-0.12529534848783852
1790952010.207353,1790952012.207353,0,0,1,0,-0.12529534848783852,-0.12529534848783852
1790952011.207353,1790952013.207353,0,0,1,0,-0.12529534848783852,-0.12529534848783852
1790952012.207353,1790952014.207353,0,0,1,0,-0.12529534848783852,-0.12529534848783852
1790952013.207353,1790952015.207353,0,0,1,0,-0.12529534848783852,-0.12529534848783852
1790952014.207353,1790952016.207353,0,0,1,0,-0.12529534848783852,-0.12529534848783852
1790952015.207353,1790952017.207353,0,0,1,0,-0.12529534848783852,-0.12529534848783852
1790952016.207353,1790952018.207353,0,0,1,0,-0.12529534848783852,-0.12529534848783852
1790952017.207353,1790952019.207353,0,0,1,0,-0.12529534848783852,-0.12529534848783852
1790952018.207353,1790952020.207353,0,0,1,0,-0.12529534848783852,-0.12529534848783852
1790952019.207353,1790952021.207353,0,0,1,0,-0.12529534848783852,-0.12529534848783852
1790952020.207353,1790952022.207353,0,0,1,0,-0.12529534848783852,-0.12529534848783852
1790952021.207353,1790952023.207353,0,0,1,0,-0.12529534848783852,-0.12529534848783852
1790952022.207353,1790952024.207353,0,0,1,0,-0.12529534848783852,-0.12529534848783852
1790952023.207353,1790952025.207353,0,0,1,0,-0.12529534848783852,-0.12529534848783852
1790952024.207353,1790952026.207353,0,0,1,0,-0.12529534848783852,-0.12529534848783852
1790952025.207353,1790952027.207353,0,0,1,0,-0.12529534848783852,-0.12529534848783852
1790952026.207353,1790952028.207353,0,0,1,0,-0.12529534848783852,-0.12529534848783852
1790952027.207353,1790952029.207353,0,0,1,0,-0.12529534848783852,-0.12529534848783852
1790952028.207353,1790952030.207353,0,0,1,0,-0.12529534848783852,-0.12529534848783852
1790952029.207353,1790952031.207353,0,0,1,0,-0.12529534848783852,-0.12529534848783852
1790952030.207353,1790952032.207353,0,0,1,0,-0.12529534848783852,-0.12529534848783852
1790952031.207353,1790952033.207353,0,0,1,0,-0.12529534848783852,-0.12529534848783852
1790952032.207353,1790952034.207353,0,0,1,0,-0.12529534848783852,-0.12529534848783852
1790952033.207353,1790952035.207353,0,0,1,0,-0.12529534848783852,-0.12529534848783852
1790952034.207353,1790952036.207353,0,0,1,0,-0.12529534848783852,-0.12529534848783852
1790952035.207353,1790952037.207353,0,0,1,0,-0.12529534848783852,-0.12529534848783852
1790952036.207353,1790952038.207353,0,0,1,0,-0.12529534848783852,-0.12529534848783852
1790952037.207353,1790952039.207353,0,0,1,0,-0.12529534848783852,-0.12529534848783852
1790952038.207353,1790952040.207353,0,0,1,0,-0.12529534848783852,-0.12529534848783852
1790952039.207353,1790952041.207353,0,0,1,0,-0.12529534848783852,-0.12529534848783852
1790952040.207353,1790952042.207353,0,0,1,0,-0.12529534848783852,-0.12529534848783852
1790952041.207353,1790952043.207353,0,0,1,0,-0.12529534848783852,-0.12529534848783852
1790952042.207353,1790952044.207353,0,0,1,0,-0.12529534848783852,-0.12529534848783852
1790952043.207353,1790952045.207353,0,0,1,0,-0.12529534848783852,-0.12529534848783852
1790952044.207353,1790952046.207353,0,0,1,0,-0.12529534848783852,-0.12529534848783852
1790952045.207353,1790952047.207353,0,0,1,0,-0.12529534848783852,-0.12529534848783852
1790952046.207353,1790952048.207353,0,0,1,0,-0.12529534848783852,-0.12529534848783852
1790952047.207353,1790952049.207353,0,0,1,0,-0.12529534848783852,-0.12529534848783852
1790952048.207353,1790952050.207353,0,0,1,0,-0.12529534848783852,-0.12529534848783852
1790952049.207353,1790952051.207353,0,0,1,0,-0.12529534848783852,-0.12529534848783852
1790952050.207353,1790952052.207353,0,0,1,0,-0.12529534848783852,-0.12529534848783852
1790952051.207353,1790952053.207353,0,0,1,0,-0.12529534848783852,-0.12529534848783852
1790952052.207353,1790952054.207353,0,0,1,0,-0.12529534848783852,-0.12529534848783852
1790952053.207353,1790952055.207353,0,0,1,0,-0.12529534848783852,-0.12529534848783852
1790952054.207353,1790952056.207353,0,0,1,0,-0.12529534848783852,-0.12529534848783852
1790952055.207353,1790952057.207353,0,0,1,0,-0.12529534848783852,-0.12529534848783852
1790952056.207353,1790952058.207353,0,0,1,0,-0.12529534848783852,-0.12529534848783852
1790952057.207353,1790952059.207353,0,0,1,0,-0.12529534848783852,-0.12529534848783852
1790952058.207353,1790952060.207353,0,0,1,0,-0.12529534848783852,-0.12529534848783852
1790952059.207353,1790952061.207353,0,0,1,0,-0.12529534848783852,-0.12529534848783852
1790952060.207353,1790952062.207353,0,0,1,0,-0.12529534848783852,-0.12529534848783852
1790952061.207353,1790952063.207353,0,0,1,0,-0.12529534848783852,-0.12529534848783852
1790952062.207353,1790952064.207353,0,0,1,0,-0.12529534848783852,-0.12529534848783852
1790952063.207353,1790952065.207353,0,0,1,0,-0.12529534848783852,-0.12529534848783852
1790952064.207353,1790952066.207353,0,0,1,0,-0.12529534848783852,-0.12529534848783852
1790952065.207353,1790952067.207353,0,0,1,0,-0.12529534848783852,-0.12529534848783852
1790952066.207353,1790952068.207353,0,0,1,0,-0.12529534848783852,-0.12529534848783852
1790952067.207353,1790952069.207353,0,0,1,0,-0.12529534848783852,-0.12529534848783852
1790952068.207353,1790952070.207353,0,0,1,0,-0.12529534848783852,-0.12529534848783852
1790952069.207353,1790952071.207353,0,0,1,0,-0.12529534848783852,-0.12529534848783852
1790952070.207353,1790952072.207353,0,0,1,0,-0.12529534848783852,-0.12529534848783852
1790952071.207353,1790952073.207353,0,0,1,0,-0.12529534848783852,-0.12529534848783852
1790952072.207353,1790952074.207353,0,0,1,0,-0.12529534848783852,-0.12529534848783852
1790952073.207353,1790952075.207353,0,0,1,0,-0.12529534848783852,-0.12529534848783852
1790952074.207353,1790952076.207353,0,0,1,0,-0.12529534848783852,-0.12529534848783852
1790952075.207353,1790952077.207353,0,0,1,0,-0.12529534848783852,-0.12529534848783852
1790952076.207353,1790952078.207353,0,0,1,0,-0.12529534848783852,-0.12529534848783852
1790952077.207353,1790952079.207353,0,0,1,0,-0.12529534848783852,-0.12529534848783852
1790952078.207353,1790952080.207353,0,0,1,0,-0.12529534848783852,-0.12529534848783852
1790952079.207353,1790952081.207353,0,0,1,0,-0.12529534848783852,-0.12529534848783852
1790952080.207353,1790952082.207353,0,0,1,0,-0.12529534848783852,-0.12529534848783852
1790952081.207353,1790952083.207353,0,0,1,0,-0.12529534848783852,-0.12529534848783852
1790952082.207353,1790952084.207353,0,0,1,0,-0.12529534848783852,-0.12529534848783852
1790952083.207353,1790952085.207353,0,0,1,0,-0.12529534848783852,-0.12529534848783852
1790952084.207353,1790952086.207353,0,0,1,0,-0.12529534848783852,-0.12529534848783852
1790952085.207353,1790952087.207353,0,0,1,0,-0.12529534848783852,-0.12529534848783852
1790952086.207353,1790952088.207353,0,0,1,0,-0.12529534848783852,-0.12529534848783852
1790952087.207353,1790952089.207353,0,0,1,0,-0.12529534848783852,-0.12529534848783852
1790952088.207353,1790952090.207353,0,0,1,0,-0.12529534848783852,-0.12529534848783852
1790952089.207353,1790952091.207353,0,0,1,0,-0.12529534848783852,-0.12529534848783852
1790952090.207353,1790952092.207353,0,0,1,0,-0.12529534848783852,-0.12529534848783852
1790952091.207353,1790952093.207353,0,0,1,0,-0.12529534848783852,-0.12529534848783852
1790952092.207353,1790952094.207353,0,0,1,0,-0.12529534848783852,-0.12529534848783852
1790952093.207353,1790952095.207353,0,0,1,0,-0.12529534848783852,-0.12529534848783852
1790952094.207353,1790952096.207353,0,0,1,0,-0.12529534848783852,-0.12529534848783852
1790952095.207353,1790952097.207353,0,0,1,0,-0.12529534848783852,-0.12529534848783852
1790952096.207353,1790952098.207353,0,0,1,0,-0.12529534848783852,-0.12529534848783852
1790952097.207353,1790952099.207353,0,0,1,0,-0.12529534848783852,-0.12529534848783852
1790952098.207353,1790952100.207353,0,0,1,0,-0.12529534848783852,-0.12529534848783852
1790952099.207353,1790952101.207353,0,0,1,0,-0.12529534848783852,-0.12529534848783852
1790952100.207353,1790952102.207353,0,0,1,0,-0.12529534848783852,-0.12529534848783852
1790952101.207353,1790952103.207353,0,0,1,0,-0.12529534848783852,-0.12529534848783852
1790952102.207353,1790952104.207353,0,0,1,0,-0.12529534848783852,-0.12529534848783852
1790952103.207353,1790952105.207353,0,0,1,0,-0.12529534848783852,-0.12529534848783852
1790952104.207353,1790952106.207353,0,0,1,0,-0.12529534848783852,-0.12529534848783852
1790952105.207353,1790952107.207353,0,0,1,0,-0.12529534848783852,-0.12529534848783852
1790952106.207353,1790952108.207353,0,0,1,0,-0.12529534848783852,-0.12529534848783852
1790952107.207353,1790952109.207353,0,0,1,0,-0.12529534848783852,-0.12529534848783852
1790952108.207353,1790952110.207353,0,0,1,0,-0.12529534848783852,-0.12529534848783852
1790952109.207353,1790952111.207353,0,0,1,0,-0.12529534848783852,-0.12529534848783852
1790952110.207353,1790952112.207353,0,0,1,0,-0.12529534848783852,-0.12529534848783852
1790952111.207353,1790952113.207353,0,0,1,0,-0.12529534848783852,-0.12529534848783852
1790952112.207353,1790952114.207353,0,0,1,0,-0.12529534848783852,-0.12529534848783852
1790952113.207353,1790952115.207353,0,0,1,0,-0.12529534848783852,-0.12529534848783852
1790952114.207353,1790952116.207353,0,0,1,0,-0.12529534848783852,-0.12529534848783852
1790952115.207353,1790952117.207353,0,0,1,0,-0.12529534848783852,-0.12529534848783852
1790952116.207353,1790952118.207353,0,0,1,0,-0.12529534848783852,-0.12529534848783852
1790952117.207353,1790952119.207353,0,0,1,0,-0.12529534848783852,-0.12529534848783852
1790952118.207353,1790952120.207353,0,0,1,0,-0.12529534848783852,-0.12529534848783852
1790952119.207353,1790952121.207353,0,0,1,0,-0.12529534848783852,-0.12529534848783852
1790952120.207353,1790952122.207353,0,0,1,0,-0.12529534848783852,-0.12529534848783852
1790952121.207353,1790952123.207353,0,0,1,0,-0.12529534848783852,-0.12529534848783852
1790952122.207353,1790952124.207353,0,0,1,0,-0.12529534848783852,-0.12529534848783852
1790952123.207353,1790952125.207353,0,0,1,0,-0.12529534848783852,-0.12529534848783852
1790952124.207353,1790952126.207353,0,0,1,0,-0.12529534848783852,-0.12529534848783852
1790952125.207353,1790952127.207353,0,0,1,0,-0.12529534848783852,-0.12529534848783852
1790952126.207353,1790952128.207353,0,0,1,0,-0.12529534848783852,-0.12529534848783852
1790952127.207353,1790952129.207353,0,0,1,0,-0.12529534848783852,-0.12529534848783852
1790952128.207353,1790952130.207353,0,0,1,0,-0.12529534848783852,-0.12529534848783852
1790952129.207353,1790952131.207353,0,0,1,0,-0.12529534848783852,-0.12529534848783852
1790952130.207353,1790952132.207353,0,0,1,0,-0.12529534848783852,-0.12529534848783852
1790952131.207353,1790952133.207353,0,0,1,0,-0.12529534848783852,-0.12529534848783852
1790952132.207353,1790952134.207353,0,0,1,0,-0.12529534848783852,-0.12529534848783852
1790952133.207353,1790952135.207353,0,0,1,0,-0.12529534848783852,-0.12529534848783852
1790952134.207353,1790952136.207353,0,0,1,0,-0.12529534848783852,-0.12529534848783852
1790952135.207353,1790952137.207353,0,0,1,0,-0.12529534848783852,-0.12529534848783852
1790952136.207353,1790952138.207353,0,0,1,0,-0.12529534848783852,-0.12529534848783852
1790952137.207353,1790952139.207353,0,0,1,0,-0.12529534848783852,-0.12529534848783852
1790952138.207353,1790952140.207353,0,0,1,0,-0.12529534848783852,-0.12529534848783852
1790952139.207353,1790952141.207353,0,0,1,0,-0.12529534848783852,-0.12529534848783852
1790952140.207353,1790952142.207353,0,0,1,0,-0.12529534848783852,-0.12529534848783852
1790952141.207353,1790952143.207353,0,0,1,0,-0.12529534848783852,-0.12529534848783852
1790952142.207353,1790952144.207353,0,0,1,0,-0.12529534848783852,-0.12529534848783852
1790952143.207353,1790952145.207353,0,0,1,0,-0.12529534848783852,-0.12529534848783852
1790952144.207353,1790952146.207353,0,0,1,0,-0.12529534848783852,-0.12529534848783852
1790952145.207353,1790952147.207353,0,0,1,0,-0.12529534848783852,-0.12529534848783852
1790952146.207353,1790952148.207353,0,0,1,0,-0.12529534848783852,-0.12529534848783852
1790952147.207353,1790952149.207353,0,0,1,0,-0.12529534848783852,-0.12529534848783852
1790952148.207353,1790952150.207353,0,0,1,0,-0.12529534848783852,-0.12529534848783852
1790952149.207353,1790952151.207353,0,0,1,0,-0.12529534848783852,-0.12529534848783852
1790952150.207353,1790952152.207353,0,0,1,0,-0.12529534848783852,-0.12529534848783852
1790952151.207353,1790952153.207353,0,0,1,0,-0.12529534848783852,-0.12529534848783852
1790952152.207353,1790952154.207353,0,0,1,0,-0.12529534848783852,-0.12529534848783852
1790952153.207353,1790952155.207353,0,0,1,0,-0.12529534848783852,-0.12529534848783852
1790952154.207353,1790952156.207353,0,0,1,0,-0.12529534848783852,-0.12529534848783852
1790952155.207353,1790952157.207353,0,0,1,0,-0.12529534848783852,-0.12529534848783852
1790952156.207353,1790952158.207353,0,0,1,0,-0.12529534848783852,-0.12529534848783852
1790952157.207353,1790952159.207353,0,0,1,0,-0.12529534848783852,-0.12529534848783852
1790952158.207353,1790952160.207353,0,0,1,0,-0.12529534848783852,-0.12529534848783852
1790952159.207353,1790952161.207353,0,0,1,0,-0.12529534848783852,-0.12529534848783852
1790952160.207353,1790952162.207353,0,0,1,0,-0.12529534848783852,-0.12529534848783852
1790952161.207353,1790952163.207353,0,0,1,0,-0.12529534848783852,-0.12529534848783852
1790952162.207353,1790952164.207353,0,0,1,0,-0.12529534848783852,-0.12529534848783852
1790952163.207353,1790952165.207353,0,0,1,0,-0.12529534848783852,-0.12529534848783852
1790952164.207353,1790952166.207353,0,0,1,0,-0.12529534848783852,-0.12529534848783852
1790952165.207353,1790952167.207353,0,0,1,0,-0.12529534848783852,-0.12529534848783852
1790952166.207353,1790952168.207353,0,0,1,0,-0.12529534848783852,-0.12529534848783852
1790952167.207353,1790952169.207353,0,0,1,0,-0.12529534848783852,-0.12529534848783852
1790952168.207353,1790952170.207353,0,0,1,0,-0.12529534848783852,-0.12529534848783852
1790952169.207353,1790952171.207353,0,0,1,0,-0.12529534848783852,-0.12529534848783852
1790952170.207353,1790952172.207353,0,0,1,0,-0.12529534848783852,-0.12529534848783852
1790952171.207353,1790952173.207353,0,0,1,0,-0.12529534848783852,-0.12529534848783852
1790952172.207353,1790952174.207353,0,0,1,0,-0.12529534848783852,-0.12529534848783852
1790952173.207353,1790952175.207353,0,0,1,0,-0.12529534848783852,-0.12529534848783852
1790952174.207353,1790952176.207353,0,0,1,0,-0.12529534848783852,-0.12529534848783852
1790952175.207353,1790952177.207353,0,0,1,0,-0.12529534848783852,-0.12529534848783852
1790952176.207353,1790952178.207353,0,0,1,0,-0.12529534848783852,-0.12529534848783852
1790952177.207353,1790952179.207353,0,0,1,0,-0.12529534848783852,-0.12529534848783852
1790952178.207353,1790952180.207353,0,0,1,0,-0.12529534848783852,-0.12529534848783852
1790952179.207353,1790952181.207353,0,0,1,0,-0.12529534848783852,-0.12529534848783852
1790952180.207353,1790952182.207353,0,0,1,0,-0.12529534848783852,-0.12529534848783852
1790952181.207353,1790952183.207353,0,0,1,0,-0.12529534848783852,-0.12529534848783852
1790952182.207353,1790952184.207353,0,0,1,0,-0.12529534848783852,-0.12529534848783852
1790952183.207353,1790952185.207353,0,0,1,0,-0.12529534848783852,-0.12529534848783852
1790952184.207353,1790952186.207353,0,0,1,0,-0.12529534848783852,-0.12529534848783852
1790952185.207353,1790952187.207353,0,0,1,0,-0.12529534848783852,-0.12529534848783852
1790952186.207353,1790952188.207353,0,0,1,0,-0.12529534848783852,-0.12529534848783852
1790952187.207353,1790952189.207353,0,0,1,0,-0.12529534848783852,-0.12529534848783852
1790952188.207353,1790952190.207353,0,0,1,0,-0.12529534848783852,-0.12529534848783852
1790952189.207353,1790952191.207353,0,0,1,0,-0.12529534848783852,-0.12529534848783852
1790952190.207353,1790952192.207353,0,0,1,0,-0.12529534848783852,-0.12529534848783852
1790952191.207353,1790952193.207353,0,0,1,0,-0.12529534848783852,-0.12529534848783852
1790952192.207353,1790952194.207353,0,0,1,0,-0.12529534848783852,-0.12529534848783852
1790952193.207353,1790952195.207353,0,0,1,0,-0.12529534848783852,-0.12529534848783852
1790952194.207353,1790952196.207353,0,0,1,0,-0.12529534848783852,-0.12529534848783852
1790952195.207353,1790952197.207353,0,0,1,0,-0.12529534848783852,-0.12529534848783852
1790952196.207353,1790952198.207353,0,0,1,0,-0.12529534848783852,-0.12529534848783852
1790952197.207353,1790952199.207353,0,0,1,0,-0.12529534848783852,-0.12529534848783852
1790952198.207353,1790952200.207353,0,0,1,0,-0.12529534848783852,-0.12529534848783852
1790952199.207353,1790952201.207353,0,0,1,0,-0.12529534848783852,-0.12529534848783852
1790952200.207353,1790952202.207353,0,0,1,0,-0.12529534848783852,-0.12529534848783852
1790952201.207353,1790952203.207353,0,0,1,0,-0.12529534848783852,-0.12529534848783852
1790952202.207353,1790952204.207353,0,0,1,0,-0.12529534848783852,-0.12529534848783852
1790952203.207353,1790952205.207353,0,0,1,0,-0.12529534848783852,-0.12529534848783852
1790952204.207353,1790952206.207353,0,0,1,0,-0.12529534848783852,-0.12529534848783852
1790952205.207353,1790952207.207353,0,0,1,0,-0.12529534848783852,-0.12529534848783852
1790952206.207353,1790952208.207353,0,0,1,0,-0.12529534848783852,-0.12529534848783852
1790952207.207353,1790952209.207353,0,0,1,0,-0.12529534848783852,-0.12529534848783852
1790952208.207353,1790952210.207353,0,0,1,0,-0.12529534848783852,-0.12529534848783852
1790952209.207353,1790952211.207353,0,0,1,0,-0.12529534848783852,-0.12529534848783852
1790952210.207353,1790952212.207353,0,0,1,0,-0.12529534848783852,-0.12529534848783852
1790952211.207353,1790952213.207353,0,0,1,0,-0.12529534848783852,-0.12529534848783852
1790952212.207353,1790952214.207353,0,0,1,0,-0.12529534848783852,-0.12529534848783852
1790952213.207353,1790952215.207353,0,0,1,0,-0.12529534848783852,-0.12529534848783852
1790952214.207353,1790952216.207353,0,0,1,0,-0.12529534848783852,-0.12529534848783852
1790952215.207353,1790952217.207353,0,0,1,0,-0.12529534848783852,-0.12529534848783852
1790952216.207353,1790952218.207353,0,0,1,0,-0.12529534848783852,-0.12529534848783852
1790952217.207353,1790952219.207353,0,0,1,0,-0.12529534848783852,-0.12529534848783852
1790952218.207353,1790952220.207353,0,0,1,0,-0.12529534848783852,-0.12529534848783852
1790952219.207353,1790952221.207353,0,0,1,0,-0.12529534848783852,-0.12529534848783852
1790952220.207353,1790952222.207353,0,0,1,0,-0.12529534848783852,-0.12529534848783852
1790952221.207353,1790952223.207353,48,48,0,1,2.3070939187640485,2.3070939187640485
1790952222.207353,1790952224.207353,129,129,0,1,6.411750807251607,6.411750807251607
1790952223.207353,1790952225.207353,162,162,0,1,8.08401842848728,8.08401842848728
1790952224.207353,1790952226.207353,158,158,0,1,7.8813193228829554,7.8813193228829554
1790952225.207353,1790952227.207353,158,158,0,1,7.8813193228829554,7.8813193228829554
1790952226.207353,1790952228.207353,162,162,0,1,8.08401842848728,8.08401842848728
1790952227.207353,1790952229.207353,162,162,0,1,8.08401842848728,8.08401842848728
1790952228.207353,1790952230.207353,162,162,0,1,8.08401842848728,8.08401842848728
1790952229.207353,1790952231.207353,162,162,0,1,8.08401842848728,8.08401842848728
1790952230.207353,1790952232.207353,162,162,0,1,8.08401842848728,8.08401842848728
1790952231.207353,1790952233.207353,162,162,0,1,8.08401842848728,8.08401842848728
1790952232.207353,1790952234.207353,158,158,0,1,7.8813193228829554,7.8813193228829554
1790952233.207353,1790952235.207353,158,158,0,1,7.8813193228829554,7.8813193228829554
1790952234.207353,1790952236.207353,162,162,0,1,8.08401842848728,8.08401842848728
1790952235.207353,1790952237.207353,162,162,0,1,8.08401842848728,8.08401842848728
1790952236.207353,1790952238.207353,162,162,0,1,8.08401842848728,8.08401842848728
1790952237.207353,1790952239.207353,162,162,0,1,8.08401842848728,8.08401842848728
1790952238.207353,1790952240.207353,162,162,0,1,8.08401842848728,8.08401842848728
1790952239.207353,1790952241.207353,162,162,0,1,8.08401842848728,8.08401842848728
1790952240.207353,1790952242.207353,162,162,0,1,8.08401842848728,8.08401842848728
1790952241.207353,1790952243.207353,162,162,0,1,8.08401842848728,8.08401842848728
1790952242.207353,1790952244.207353,158,158,0,1,7.8813193228829554,7.8813193228829554
1790952243.207353,1790952245.207353,158,158,0,1,7.8813193228829554,7.8813193228829554
1790952244.207353,1790952246.207353,162,162,0,1,8.08401842848728,8.08401842848728
1790952245.207353,1790952247.207353,162,162,0,1,8.08401842848728,8.08401842848728
1790952246.207353,1790952248.207353,162,162,0,1,8.08401842848728,8.08401842848728
1790952247.207353,1790952249.207353,162,162,0,1,8.08401842848728,8.08401842848728
1790952248.207353,1790952250.207353,162,162,0,1,8.08401842848728,8.08401842848728
1790952249.207353,1790952251.207353,162,162,0,1,8.08401842848728,8.08401842848728
1790952250.207353,1790952252.207353,158,158,0,1,7.8813193228829554,7.8813193228829554
1790952251.207353,1790952253.207353,158,158,0,1,7.8813193228829554,7.8813193228829554
1790952252.207353,1790952254.207353,162,162,0,1,8.08401842848728,8.08401842848728
1790952253.207353,1790952255.207353,162,162,0,1,8.08401842848728,8.08401842848728
1790952254.207353,1790952256.207353,162,162,0,1,8.08401842848728,8.08401842848728
1790952255.207353,1790952257.207353,162,162,0,1,8.08401842848728,8.08401842848728
1790952256.207353,1790952258.207353,162,162,0,1,8.08401842848728,8.08401842848728
1790952257.207353,1790952259.207353,162,162,0,1,8.08401842848728,8.08401842848728
1790952258.207353,1790952260.207353,162,162,0,1,8.08401842848728,8.08401842848728
1790952259.207353,1790952261.207353,158,158,0,1,7.8813193228829554,7.8813193228829554
1790952260.207353,1790952262.207353,158,158,0,1,7.8813193228829554,7.8813193228829554
1790952261.207353,1790952263.207353,162,162,0,1,8.08401842848728,8.08401842848728
1790952262.207353,1790952264.207353,162,162,0,1,8.08401842848728,8.08401842848728
1790952263.207353,1790952265.207353,162,162,0,1,8.08401842848728,8.08401842848728
1790952264.207353,1790952266.207353,162,162,0,1,8.08401842848728,8.08401842848728
1790952265.207353,1790952267.207353,162,162,0,1,8.08401842848728,8.08401842848728
1790952266.207353,1790952268.207353,162,162,0,1,8.08401842848728,8.08401842848728
1790952267.207353,1790952269.207353,162,162,0,1,8.08401842848728,8.08401842848728
1790952268.207353,1790952270.207353,158,158,0,1,7.8813193228829554,7.8813193228829554
1790952269.207353,1790952271.207353,158,158,0,1,7.8813193228829554,7.8813193228829554
1790952270.207353,1790952272.207353,162,162,0,1,8.08401842848728,8.08401842848728
1790952271.207353,1790952273.207353,162,162,0,1,8.08401842848728,8.08401842848728
1790952272.207353,1790952274.207353,162,162,0,1,8.08401842848728,8.08401842848728
1790952273.207353,1790952275.207353,162,162,0,1,8.08401842848728,8.08401842848728
1790952274.207353,1790952276.207353,162,162,0,1,8.08401842848728,8.08401842848728
1790952275.207353,1790952277.207353,162,162,0,1,8.08401842848728,8.08401842848728
1790952276.207353,1790952278.207353,162,162,0,1,8.08401842848728,8.08401842848728
1790952277.207353,1790952279.207353,158,158,0,1,7.8813193228829554,7.8813193228829554
1790952278.207353,1790952280.207353,158,158,0,1,7.8813193228829554,7.8813193228829554
1790952279.207353,1790952281.207353,162,162,0,1,8.08401842848728,8.08401842848728
1790952280.207353,1790952282.207353,162,162,0,1,8.08401842848728,8.08401842848728
1790952281.207353,1790952283.207353,162,162,0,1,8.08401842848728,8.08401842848728
1790952282.207353,1790952284.207353,162,162,0,1,8.08401842848728,8.08401842848728
1790952283.207353,1790952285.207353,162,162,0,1,8.08401842848728,8.08401842848728
1790952284.207353,1790952286.207353,162,162,0,1,8.08401842848728,8.08401842848728
1790952285.207353,1790952287.207353,162,162,0,1,8.08401842848728,8.08401842848728
1790952286.207353,1790952288.207353,158,158,0,1,7.8813193228829554,7.8813193228829554
1790952287.207353,1790952289.207353,158,158,0,1,7.8813193228829554,7.8813193228829554
1790952288.207353,1790952290.207353,162,162,0,1,8.08401842848728,8.08401842848728
1790952289.207353,1790952291.207353,162,162,0,1,8.08401842848728,8.08401842848728
1790952290.207353,1790952292.207353,162,162,0,1,8.08401842848728,8.08401842848728
1790952291.207353,1790952293.207353,162,162,0,1,8.08401842848728,8.08401842848728
1790952292.207353,1790952294.207353,162,162,0,1,8.08401842848728,8.08401842848728
1790952293.207353,1790952295.207353,162,162,0,1,8.08401842848728,8.08401842848728
1790952294.207353,1790952296.207353,162,162,0,1,8.08401842848728,8.08401842848728
1790952295.207353,1790952297.207353,158,158,0,1,7.8813193228829554,7.8813193228829554
1790952296.207353,1790952298.207353,130,130,0,1,6.462425583652688,6.462425583652688
1790952297.207353,1790952299.207353,54,54,0,1,2.611142577170534,2.611142577170534
1790952298.207353,1790952300.207353,1,1,0,0,-0.07462057208675756,-0.07462057208675756
